date,store_id,gate_id,predicted,actual,absolute_error,error_percent
2025-09-20,368,0,555.67,1.0,554.67,55466.99999999999
2025-09-20,368,4,459.1,1.0,458.1,45810.0
2026-01-14,421,0,316.2,1.0,315.2,31520.0
2025-12-24,315,1,609.84,2.0,607.84,30392.0
2025-12-08,353,0,396.57,2.0,394.57,19728.5
2025-09-01,317,3,188.04,1.0,187.04,18704.0
2026-06-26,334,3,155.74,1.0,154.74,15474.0
2026-07-18,353,0,154.67,1.0,153.67,15366.999999999998
2025-10-18,337,3,153.28,1.0,152.28,15228.0
2025-09-01,317,0,446.29,3.0,443.29,14776.333333333336
2026-01-14,421,2,145.47,1.0,144.47,14447.0
2025-12-08,353,3,248.03,2.0,246.03,12301.5
2025-07-25,273,4,115.55,1.0,114.55,11455.0
2025-07-27,273,0,108.44,1.0,107.44,10744.0
2025-12-24,315,2,317.67,3.0,314.67,10489.0
2025-08-27,490,0,209.34,2.0,207.34,10367.0
2025-08-27,490,1,209.13,2.0,207.13,10356.5
2026-07-09,429,0,711.86,7.0,704.86,10069.42857142857
2026-07-09,429,1,700.56,7.0,693.56,9908.0
2026-07-18,353,2,96.09,1.0,95.09,9509.0
2025-10-18,337,2,283.34,3.0,280.34,9344.666666666666
2026-03-24,334,3,92.81,1.0,91.81,9181.0
2025-09-01,317,1,178.56,2.0,176.56,8828.0
2026-02-12,283,1,267.58,3.0,264.58,8819.333333333332
2025-12-24,315,0,920.31,11.0,909.31,8266.454545454544
2026-07-19,293,1,2533.89,31.0,2502.89,8073.838709677419
2026-02-12,283,0,493.71,7.0,486.71,6953.0
2025-10-18,337,0,486.51,7.0,479.51,6850.142857142858
2026-03-21,334,3,132.42,2.0,130.42,6520.999999999999
2025-10-09,290,2,65.24,1.0,64.24,6423.999999999999
2026-05-17,463,1,125.42,2.0,123.42,6171.0
2026-05-29,272,4,59.89,1.0,58.89,5889.0
2025-10-19,337,2,56.82,1.0,55.82,5582.0
2026-02-12,283,2,217.82,4.0,213.82,5345.5
2026-07-18,334,3,162.97,3.0,159.97,5332.333333333333
2025-09-08,334,3,106.52,2.0,104.52,5226.0
2025-08-15,348,7,105.59,2.0,103.59,5179.5
2025-12-11,505,2,241.99,5.0,236.99,4739.8
2026-04-28,334,3,43.49,1.0,42.49,4249.0
2026-06-27,334,3,42.13,1.0,41.13,4113.0
2025-08-26,437,0,120.9,3.0,117.9,3930.0000000000005
2025-08-26,437,1,120.56,3.0,117.56,3918.666666666667
2026-01-25,505,3,39.53,1.0,38.53,3853.0
2026-07-12,353,3,115.63,3.0,112.63,3754.333333333333
2026-02-03,498,0,76.98,2.0,74.98,3749.0
2025-10-20,290,2,38.39,1.0,37.39,3739.0
2025-10-19,337,3,38.39,1.0,37.39,3739.0
2026-02-03,498,1,76.06,2.0,74.06,3703.0
2026-03-03,274,6,37.96,1.0,36.96,3696.0
2025-10-27,424,1,37.64,1.0,36.64,3664.0
2025-10-27,424,0,37.63,1.0,36.63,3663.0000000000005
2026-07-18,273,3,261.59,7.0,254.58999999999997,3636.9999999999995
2025-09-08,421,1,105.25,3.0,102.25,3408.3333333333335
2025-11-05,363,1,102.49,3.0,99.49,3316.3333333333335
2026-04-02,513,1,253.63,8.0,245.63,3070.375
2025-09-19,475,2,29.5,1.0,28.5,2850.0
2025-10-19,337,1,29.07,1.0,28.07,2807.0
2025-10-02,315,3,28.19,1.0,27.19,2719.0
2025-12-27,348,7,27.74,1.0,26.74,2674.0
2025-10-18,337,1,82.76,3.0,79.76,2658.666666666667
2025-10-02,396,4,27.4,1.0,26.4,2640.0
2026-04-26,334,3,81.32,3.0,78.32,2610.6666666666665
2025-10-23,336,7,54.16,2.0,52.16,2608.0
2026-01-26,348,7,26.29,1.0,25.29,2529.0
2025-10-19,337,0,78.51,3.0,75.51,2517.0
2025-10-20,337,0,25.66,1.0,24.66,2466.0
2026-07-03,291,2,120.05,5.0,115.05,2301.0
2026-06-21,495,0,1071.79,45.0,1026.79,2281.7555555555555
2026-06-21,495,1,1065.35,45.0,1020.3499999999999,2267.4444444444443
2026-01-03,483,1,233.87,10.0,223.87,2238.7
2026-04-17,405,0,23.17,1.0,22.17,2217.0
2026-01-03,483,0,227.15,10.0,217.15,2171.5
2026-01-27,373,1,136.11,6.0,130.11,2168.5
2025-11-07,486,0,135.58,6.0,129.58,2159.666666666667
2025-11-07,486,1,135.54,6.0,129.54,2159.0
2026-01-26,505,3,21.96,1.0,20.96,2096.0
2025-08-29,412,1,43.12,2.0,41.12,2056.0
2025-08-29,412,0,43.11,2.0,41.11,2055.5
2025-08-14,277,2,21.55,1.0,20.55,2055.0
2025-08-14,409,2,21.31,1.0,20.31,2030.9999999999998
2025-08-15,396,4,104.6,5.0,99.6,1991.9999999999998
2026-06-05,334,3,60.97,3.0,57.97,1932.3333333333335
2025-09-08,427,2,40.35,2.0,38.35,1917.5
2026-05-17,412,1,240.48,12.0,228.48,1904.0
2026-05-17,412,0,239.92,12.0,227.92,1899.3333333333333
2026-03-03,274,2,39.95,2.0,37.95,1897.5000000000002
2025-09-09,334,3,19.84,1.0,18.84,1884.0
2025-09-21,427,1,216.86,11.0,205.86,1871.4545454545455
2025-12-24,461,1,216.58,11.0,205.58,1868.9090909090912
2025-12-24,461,0,216.38,11.0,205.38,1867.0909090909092
2026-03-31,426,0,194.52,10.0,184.52,1845.2000000000003
2026-03-31,426,1,194.26,10.0,184.26,1842.6
2026-02-20,459,1,19.35,1.0,18.35,1835.0000000000002
2025-10-02,448,2,38.42,2.0,36.42,1821.0
2026-07-07,449,0,161.62,9.0,152.62,1695.7777777777778
2026-07-07,449,1,160.99,9.0,151.99,1688.7777777777778
2026-02-12,373,1,17.75,1.0,16.75,1675.0
2026-01-10,505,3,17.51,1.0,16.51,1651.0000000000002
2025-09-26,445,0,69.11,4.0,65.11,1627.75
2026-03-27,334,3,17.22,1.0,16.22,1622.0
2025-09-08,427,0,120.37,7.0,113.37,1619.5714285714284
2025-09-26,445,1,68.18,4.0,64.18,1604.5000000000002
2025-12-10,353,2,16.99,1.0,15.989999999999998,1598.9999999999998
2025-11-24,363,1,184.03,11.0,173.03,1573.0
2026-07-12,283,2,33.06,2.0,31.060000000000002,1553.0
2026-07-16,273,3,131.95,8.0,123.94999999999999,1549.3749999999998
2026-03-17,283,0,329.03,20.0,309.03,1545.1499999999999
2026-05-17,334,3,270.72,17.0,253.72000000000003,1492.4705882352941
2025-10-27,280,2,381.16,24.0,357.16,1488.1666666666667
2025-08-26,485,1,174.51,11.0,163.51,1486.4545454545453
2025-12-07,339,1,1111.42,71.0,1040.42,1465.380281690141
2026-04-17,405,1,15.57,1.0,14.57,1457.0
2026-05-14,272,4,154.59,10.0,144.59,1445.8999999999999
2025-08-26,440,0,242.57,16.0,226.57,1416.0625
2025-08-26,440,1,242.38,16.0,226.38,1414.875
2025-10-20,337,3,15.0,1.0,14.0,1400.0
2026-03-14,339,3,281.61,19.0,262.61,1382.1578947368423
2025-09-21,427,0,338.63,23.0,315.63,1372.304347826087
2025-10-27,280,3,615.85,42.0,573.85,1366.3095238095239
2026-06-27,423,0,1140.67,79.0,1061.67,1343.886075949367
2026-06-27,423,1,1125.38,79.0,1046.38,1324.5316455696204
2025-09-08,427,1,71.1,5.0,66.1,1322.0
2026-01-21,363,1,95.07,7.0,88.07,1258.142857142857
2026-07-11,280,6,1988.86,147.0,1841.86,1252.9659863945576
2025-08-15,277,2,106.47,8.0,98.47,1230.875
2025-08-15,404,1,106.38,8.0,98.38,1229.75
2025-12-09,353,2,13.0,1.0,12.0,1200.0
2025-08-26,425,1,51.98,4.0,47.98,1199.5
2025-12-13,409,2,12.96,1.0,11.96,1196.0
2026-05-14,396,3,12.76,1.0,11.76,1176.0
2025-08-02,425,1,139.79,11.0,128.79,1170.8181818181818
2025-12-09,353,3,25.26,2.0,23.26,1163.0
2025-12-16,317,2,150.82,12.0,138.82,1156.8333333333333
2026-05-15,340,2,602.99,48.0,554.99,1156.2291666666667
2026-05-01,396,4,12.55,1.0,11.55,1155.0
2025-12-27,348,6,437.59,35.0,402.59,1150.2571428571428
2025-08-30,319,4,12.5,1.0,11.5,1150.0
2025-07-26,409,2,12.45,1.0,11.45,1145.0
2025-09-22,368,0,198.76,16.0,182.76,1142.25
2026-06-30,334,3,12.35,1.0,11.35,1135.0
2026-06-25,520,3,147.69,12.0,135.69,1130.75
2026-04-28,355,4,86.01,7.0,79.01,1128.7142857142858
2026-01-14,346,1,48.69,4.0,44.69,1117.25
2025-08-15,374,2,108.88,9.0,99.88,1109.7777777777776
2025-08-31,474,1,181.22,15.0,166.22,1108.1333333333332
2026-05-14,448,2,12.06,1.0,11.06,1106.0
2026-06-20,336,7,156.07,13.0,143.07,1100.5384615384617
2025-08-31,474,0,179.89,15.0,164.89,1099.2666666666667
2026-02-04,412,0,47.92,4.0,43.92,1098.0
2026-05-01,273,7,11.95,1.0,10.95,1095.0
2026-02-04,412,1,47.73,4.0,43.73,1093.25
2026-06-01,516,8,23.52,2.0,21.52,1076.0
2025-10-27,280,6,618.23,53.0,565.23,1066.4716981132076
2025-12-18,319,4,11.62,1.0,10.62,1062.0
2026-06-18,353,0,34.76,3.0,31.759999999999998,1058.6666666666665
2026-06-28,334,3,46.27,4.0,42.27,1056.75
2025-08-26,485,0,230.44,20.0,210.44,1052.2
2025-10-27,280,5,435.74,38.0,397.74,1046.6842105263158
2026-02-25,463,1,90.9,8.0,82.9,1036.25
2025-09-13,334,3,11.29,1.0,10.29,1029.0
2025-10-23,337,3,11.22,1.0,10.22,1022.0000000000001
2025-08-25,475,2,33.46,3.0,30.46,1015.3333333333334
2026-03-26,334,3,44.46,4.0,40.46,1011.5
2026-02-02,448,2,22.11,2.0,20.11,1005.5
2025-07-25,273,0,254.16,23.0,231.16,1005.0434782608695
2026-02-19,373,1,55.09,5.0,50.09,1001.8000000000001
2025-11-22,427,2,87.92,8.0,79.92,999.0
2025-12-18,320,9,328.64,30.0,298.64,995.4666666666666
2025-12-25,409,2,10.95,1.0,9.95,994.9999999999999
2026-07-12,502,0,1016.61,93.0,923.61,993.1290322580645
2025-08-26,417,2,174.47,16.0,158.47,990.4375
2026-07-12,502,1,1011.87,93.0,918.87,988.0322580645162
2025-08-14,396,4,21.72,2.0,19.72,986.0
2026-06-01,272,4,21.64,2.0,19.64,982.0
2026-04-02,467,0,410.99,38.0,372.99,981.5526315789475
2026-04-02,467,1,409.9,38.0,371.9,978.6842105263156
2025-11-28,459,1,10.75,1.0,9.75,975.0
2025-11-08,469,1,182.45,17.0,165.45,973.2352941176471
2026-01-30,373,1,21.46,2.0,19.46,973.0
2026-06-23,398,1,32.11,3.0,29.11,970.3333333333333
2026-04-03,472,0,21.33,2.0,19.33,966.4999999999999
2026-03-04,412,0,63.41,6.0,57.41,956.8333333333334
2025-07-26,296,2,10.55,1.0,9.55,955.0000000000001
2025-08-26,472,1,221.38,21.0,200.38,954.1904761904763
2026-05-16,303,1,315.82,30.0,285.82,952.7333333333333
2026-03-04,412,1,63.07,6.0,57.07,951.1666666666666
2025-11-08,469,0,178.51,17.0,161.51,950.0588235294117
2026-06-25,334,2,51.48,5.0,46.48,929.5999999999999
2026-02-01,373,1,20.59,2.0,18.59,929.5
2026-07-12,291,2,10.29,1.0,9.29,928.9999999999999
2025-10-14,382,1,192.92,19.0,173.92,915.3684210526314
2025-12-24,455,0,384.4,38.0,346.4,911.5789473684209
2025-12-24,455,1,384.1,38.0,346.1,910.7894736842105
2025-08-26,472,0,434.41,43.0,391.41,910.2558139534885
2026-03-17,283,1,201.43,20.0,181.43,907.1500000000001
2025-09-12,442,2,10.06,1.0,9.06,906.0
2025-09-01,374,2,9.93,1.0,8.93,893.0
2026-05-18,412,1,19.86,2.0,17.86,893.0
2025-08-15,315,3,108.97,11.0,97.97,890.6363636363636
2026-05-18,412,0,19.78,2.0,17.78,889.0
2026-03-20,472,2,128.26,13.0,115.25999999999999,886.6153846153846
2025-09-27,315,3,9.84,1.0,8.84,884.0
2026-04-11,442,2,19.67,2.0,17.67,883.5000000000001
2026-02-26,479,2,9.79,1.0,8.79,878.9999999999999
2026-03-09,448,2,9.69,1.0,8.69,869.0
2026-06-04,336,7,77.07,8.0,69.07,863.3749999999999
2026-05-24,272,4,9.6,1.0,8.6,860.0
2026-07-23,353,0,28.74,3.0,25.74,858.0
2025-10-11,274,2,57.43,6.0,51.43,857.1666666666667
2025-10-22,337,3,9.53,1.0,8.53,852.9999999999999
2026-01-30,336,7,18.97,2.0,16.97,848.5
2025-10-03,334,3,122.72,13.0,109.72,844.0
2026-07-07,537,1,18.8,2.0,16.8,840.0
2026-07-07,391,2,159.27,17.0,142.27,836.8823529411765
2026-01-26,396,4,27.93,3.0,24.93,831.0
2025-08-26,472,2,204.4,22.0,182.4,829.0909090909091
2025-09-08,417,1,129.92,14.0,115.91999999999999,827.9999999999999
2025-12-31,404,1,18.56,2.0,16.56,827.9999999999999
2025-08-26,417,0,342.75,37.0,305.75,826.3513513513514
2025-10-03,288,6,9.17,1.0,8.17,817.0
2025-10-14,319,4,9.16,1.0,8.16,816.0
2026-05-16,410,1,109.61,12.0,97.61,813.4166666666667
2026-05-16,410,0,109.51,12.0,97.51,812.5833333333335
2025-10-14,382,0,302.9,34.0,268.9,790.8823529411765
2026-07-06,534,2,8.89,1.0,7.890000000000001,789.0
2025-08-09,330,2,1222.44,138.0,1084.44,785.8260869565217
2026-07-23,469,0,168.23,19.0,149.23,785.421052631579
2026-03-04,274,2,8.85,1.0,7.85,785.0
2025-10-27,280,4,724.55,82.0,642.55,783.5975609756097
2026-07-23,469,1,167.87,19.0,148.87,783.5263157894736
2026-03-26,509,6,8.81,1.0,7.8100000000000005,781.0
2026-03-20,472,0,299.53,34.0,265.53,780.970588235294
2025-09-08,417,0,308.06,35.0,273.06,780.1714285714286
2025-10-12,409,2,8.77,1.0,7.77,777.0
2026-05-15,463,1,8.71,1.0,7.710000000000001,771.0000000000001
2026-06-08,334,3,60.82,7.0,53.82,768.8571428571429
2025-09-21,427,2,104.0,12.0,92.0,766.6666666666667
2026-01-28,475,1,154.89,18.0,136.89,760.5
2026-05-18,303,1,77.17,9.0,68.17,757.4444444444445
2025-10-11,277,2,8.57,1.0,7.57,757.0
2026-05-31,396,3,8.56,1.0,7.5600000000000005,756.0
2026-04-14,273,6,8.52,1.0,7.52,752.0
2026-05-30,348,7,8.46,1.0,7.460000000000001,746.0000000000001
2026-03-11,509,7,125.89,15.0,110.89,739.2666666666667
2026-06-25,361,4,83.69,10.0,73.69,736.9
2025-10-10,319,4,8.31,1.0,7.3100000000000005,731.0
2026-02-25,463,0,232.3,28.0,204.3,729.6428571428572
2025-08-15,371,2,124.26,15.0,109.26,728.4000000000001
2025-11-22,427,0,281.42,34.0,247.42000000000002,727.7058823529412
2026-07-12,353,0,235.92,29.0,206.92,713.5172413793102
2025-09-13,277,2,8.11,1.0,7.109999999999999,711.0
2025-11-11,459,1,16.21,2.0,14.21,710.5
2026-03-22,519,0,8.1,1.0,7.1,710.0
2026-03-14,509,6,16.17,2.0,14.170000000000002,708.5000000000001
2026-07-19,463,2,460.8,57.0,403.8,708.421052631579
2025-10-02,348,7,24.21,3.0,21.21,707.0
2026-03-14,509,1,16.08,2.0,14.079999999999998,703.9999999999999
2026-03-10,405,2,8.04,1.0,7.039999999999999,703.9999999999999
2026-07-11,272,4,16.07,2.0,14.07,703.5
2025-10-08,288,6,8.03,1.0,7.029999999999999,702.9999999999999
2025-10-21,290,2,8.01,1.0,7.01,701.0
2025-10-02,319,4,31.89,4.0,27.89,697.25
2025-10-05,404,1,7.97,1.0,6.97,697.0
2025-12-13,277,2,7.96,1.0,6.96,696.0
2025-08-13,362,2,7.93,1.0,6.93,693.0
2026-07-20,353,1,7.91,1.0,6.91,691.0
2025-12-25,277,2,15.81,2.0,13.81,690.5
2026-04-13,348,7,7.9,1.0,6.9,690.0
2026-03-11,509,5,55.13,7.0,48.13,687.5714285714287
2025-12-31,505,3,23.62,3.0,20.62,687.3333333333334
2025-07-27,273,1,7.87,1.0,6.87,687.0
2026-03-22,368,3,1124.94,143.0,981.94,686.6713286713286
2025-08-26,425,0,275.16,35.0,240.16000000000003,686.1714285714286
2026-01-28,475,0,219.3,28.0,191.3,683.2142857142858
2026-05-12,424,0,39.15,5.0,34.15,683.0
2026-04-19,513,1,15.51,2.0,13.51,675.5
2025-12-31,396,4,7.72,1.0,6.72,672.0
2025-12-16,374,3,7.68,1.0,6.68,668.0
2026-05-12,424,1,38.24,5.0,33.24,664.8000000000001
2025-10-27,280,0,2018.38,264.0,1754.38,664.5378787878788
2026-04-03,513,1,45.68,6.0,39.68,661.3333333333334
2025-09-08,417,2,159.61,21.0,138.61,660.047619047619
2025-08-26,425,2,235.58,31.0,204.58,659.9354838709678
2025-10-14,382,2,113.71,15.0,98.71,658.0666666666667
2025-10-02,302,2,1211.82,160.0,1051.82,657.3874999999999
2025-09-06,459,2,204.43,27.0,177.43,657.1481481481482
2026-06-07,498,1,181.21,24.0,157.21,655.0416666666667
2025-11-22,315,3,7.54,1.0,6.54,654.0
2026-06-07,498,0,180.88,24.0,156.88,653.6666666666666
2026-06-01,513,1,22.4,3.0,19.4,646.6666666666666
2025-08-26,417,1,156.59,21.0,135.59,645.6666666666667
2025-09-19,475,0,104.31,14.0,90.31,645.0714285714286
2026-02-18,281,5,89.23,12.0,77.23,643.5833333333334
2025-08-09,348,7,7.43,1.0,6.43,643.0
2025-12-07,339,5,548.29,74.0,474.28999999999996,640.9324324324324
2026-04-04,513,1,66.67,9.0,57.67,640.7777777777777
2025-08-11,448,2,22.22,3.0,19.22,640.6666666666666
2026-07-19,334,3,59.2,8.0,51.2,640.0
2026-03-20,472,1,155.31,21.0,134.31,639.5714285714286
2026-07-05,520,5,7.39,1.0,6.39,639.0
2026-03-17,509,6,7.39,1.0,6.39,639.0
2026-04-05,516,1,66.27,9.0,57.269999999999996,636.3333333333334
2026-04-11,513,1,22.06,3.0,19.06,635.3333333333333
2026-03-20,442,2,14.66,2.0,12.66,633.0
2026-02-12,336,2,21.91,3.0,18.91,630.3333333333334
2026-06-28,277,2,7.3,1.0,6.3,630.0
2025-09-19,404,1,7.28,1.0,6.28,628.0
2025-12-30,409,2,7.27,1.0,6.27,627.0
2026-01-31,373,1,43.61,6.0,37.61,626.8333333333334
2025-11-22,427,1,188.6,26.0,162.6,625.3846153846154
2026-03-22,519,1,7.19,1.0,6.19,619.0
2025-09-12,440,0,316.29,44.0,272.29,618.8409090909091
2026-06-13,277,2,7.18,1.0,6.18,618.0
2025-08-15,296,2,107.64,15.0,92.64,617.6
2025-09-12,440,1,314.29,44.0,270.29,614.2954545454546
2025-07-27,348,7,7.13,1.0,6.13,613.0
2025-12-04,334,2,63.95,9.0,54.95,610.5555555555557
2026-01-23,403,2,49.53,7.0,42.53,607.5714285714286
2026-03-14,348,7,7.07,1.0,6.07,607.0
2026-07-21,339,3,49.45,7.0,42.45,606.4285714285714
2026-06-22,512,2,84.44,12.0,72.44,603.6666666666666
2026-04-03,472,1,14.07,2.0,12.07,603.5
2026-06-26,531,1,7.02,1.0,6.02,602.0
2026-03-03,455,0,133.24,19.0,114.24000000000001,601.2631578947369
2025-10-20,410,0,98.1,14.0,84.1,600.7142857142857
2026-03-25,509,4,6.99,1.0,5.99,599.0
2026-02-12,336,1,104.82,15.0,89.82,598.8
2026-05-31,272,4,41.9,6.0,35.9,598.3333333333334
2026-03-03,455,1,132.59,19.0,113.59,597.8421052631579
2025-08-11,374,2,6.96,1.0,5.96,596.0
2025-12-05,355,3,452.07,65.0,387.07,595.4923076923077
2025-10-20,410,1,97.0,14.0,83.0,592.8571428571429
2026-03-17,273,5,6.92,1.0,5.92,592.0
2025-08-19,477,0,82.91,12.0,70.91,590.9166666666666
2026-03-23,368,3,179.44,26.0,153.44,590.1538461538461
2025-08-19,477,1,82.74,12.0,70.74,589.5
2026-02-12,374,3,6.85,1.0,5.85,585.0
2025-10-02,277,2,27.27,4.0,23.27,581.75
2026-07-16,412,0,67.97,10.0,57.97,579.6999999999999
2026-01-07,346,1,54.31,8.0,46.31,578.875
2025-09-30,336,7,13.54,2.0,11.54,577.0
2026-07-16,412,1,67.5,10.0,57.5,575.0
2026-01-26,336,7,229.01,34.0,195.01,573.5588235294117
2026-02-25,463,2,134.53,20.0,114.53,572.65
2025-09-05,411,0,147.85,22.0,125.85,572.0454545454545
2025-09-05,411,1,147.81,22.0,125.81,571.8636363636364
2026-06-30,336,7,120.64,18.0,102.64,570.2222222222222
2026-07-05,273,6,6.7,1.0,5.7,570.0
2025-11-07,475,1,127.21,19.0,108.21,569.5263157894736
2026-01-05,510,2,6.66,1.0,5.66,566.0
2026-07-06,283,2,6.66,1.0,5.66,566.0
2026-02-07,281,5,39.93,6.0,33.93,565.5
2026-04-10,405,2,13.28,2.0,11.28,564.0
2025-10-14,409,2,6.64,1.0,5.64,564.0
2025-12-16,317,4,126.01,19.0,107.01,563.2105263157895
2026-01-30,479,2,6.6,1.0,5.6,560.0
2026-01-28,373,1,26.4,4.0,22.4,560.0
2026-05-17,463,0,611.52,93.0,518.52,557.5483870967741
2026-03-30,448,2,13.14,2.0,11.14,557.0
2026-01-26,277,2,26.25,4.0,22.25,556.25
2025-08-09,409,2,6.55,1.0,5.55,555.0
2026-04-13,345,3,58.75,9.0,49.75,552.7777777777777
2026-06-29,534,4,6.52,1.0,5.52,552.0
2026-01-27,336,7,39.0,6.0,33.0,550.0
2025-08-05,315,2,194.32,30.0,164.32,547.7333333333333
2026-06-27,273,6,6.47,1.0,5.47,547.0
2025-10-08,404,1,6.45,1.0,5.45,545.0
2025-09-13,442,2,12.89,2.0,10.89,544.5
2025-12-14,505,3,109.5,17.0,92.5,544.1176470588235
2026-03-21,281,5,12.87,2.0,10.87,543.5
2026-07-19,463,0,705.89,110.0,595.89,541.7181818181817
2026-04-13,513,1,12.81,2.0,10.81,540.5
2026-01-23,509,3,31.93,5.0,26.93,538.6
2025-09-22,368,4,70.23,11.0,59.230000000000004,538.4545454545455
2026-06-13,419,3,25.45,4.0,21.45,536.25
2026-06-12,319,4,12.71,2.0,10.71,535.5
2026-03-14,409,2,6.35,1.0,5.35,535.0
2026-04-11,277,2,6.32,1.0,5.32,532.0
2025-10-20,405,2,25.28,4.0,21.28,532.0
2025-11-07,475,0,182.02,29.0,153.02,527.6551724137931
2025-08-28,319,4,6.27,1.0,5.27,527.0
2026-04-20,374,3,12.5,2.0,10.5,525.0
2025-11-21,277,2,6.24,1.0,5.24,524.0
2026-07-02,534,1,6.22,1.0,5.22,522.0
2025-08-14,374,2,24.88,4.0,20.88,522.0
2025-11-21,334,2,31.08,5.0,26.08,521.5999999999999
2025-09-12,334,3,6.2,1.0,5.2,520.0
2026-07-08,404,1,6.2,1.0,5.2,520.0
2026-04-26,348,7,6.2,1.0,5.2,520.0
2026-01-28,475,2,61.76,10.0,51.76,517.6
2026-01-29,485,2,43.2,7.0,36.2,517.1428571428572
2026-02-14,459,1,12.31,2.0,10.31,515.5
2026-03-03,315,1,221.17,36.0,185.17,514.3611111111111
2025-08-14,296,2,24.52,4.0,20.52,513.0
2026-04-11,409,2,6.13,1.0,5.13,513.0
2025-12-30,362,2,6.12,1.0,5.12,512.0
2025-12-15,505,2,24.47,4.0,20.47,511.75
2026-07-03,428,0,85.36,14.0,71.36,509.7142857142857
2025-11-24,459,1,12.17,2.0,10.17,508.5
2026-06-11,403,2,48.54,8.0,40.54,506.75
2025-12-23,374,3,12.08,2.0,10.08,504.0
2025-11-12,319,4,6.02,1.0,5.02,501.99999999999994
2026-07-03,428,1,84.2,14.0,70.2,501.42857142857144
2025-09-18,448,2,6.01,1.0,5.01,501.0
2025-10-27,280,7,59.78,10.0,49.78,497.79999999999995
2026-07-06,374,2,17.91,3.0,14.91,497.0
2025-11-30,396,1,5.96,1.0,4.96,496.0
2026-07-02,520,8,5.94,1.0,4.94,494.00000000000006
2026-05-01,348,7,11.85,2.0,9.85,492.5
2025-08-02,475,2,76.9,13.0,63.900000000000006,491.53846153846155
2026-04-14,409,2,5.91,1.0,4.91,491.0
2025-10-04,435,0,453.69,77.0,376.69,489.2077922077922
2025-12-16,317,0,839.49,143.0,696.49,487.05594405594405
2026-04-06,509,4,17.59,3.0,14.59,486.3333333333333
2025-10-04,435,1,450.96,77.0,373.96,485.6623376623376
2026-05-02,301,3,474.2,81.0,393.2,485.43209876543204
2025-12-20,277,2,11.67,2.0,9.67,483.5
2026-04-08,404,1,5.83,1.0,4.83,483.0
2025-10-06,480,4,34.94,6.0,28.939999999999998,482.3333333333333
2025-09-29,288,6,23.21,4.0,19.21,480.25
2025-10-16,409,2,5.8,1.0,4.8,480.0
2025-08-31,453,0,1041.7,180.0,861.7,478.7222222222223
2026-06-25,531,1,5.76,1.0,4.76,476.0
2026-01-22,374,3,5.75,1.0,4.75,475.0
2026-02-06,510,5,119.96,21.0,98.96,471.23809523809524
2026-07-16,536,0,11.42,2.0,9.42,471.0
2026-01-28,336,7,17.13,3.0,14.129999999999999,471.0
2025-10-20,334,3,108.22,19.0,89.22,469.57894736842104
2025-08-31,453,1,1020.46,180.0,840.46,466.9222222222222
2026-05-22,334,2,16.95,3.0,13.95,464.99999999999994
2025-08-26,423,0,242.94,43.0,199.94,464.9767441860465
2025-08-26,423,1,242.75,43.0,199.75,464.5348837209302
2026-04-21,374,2,5.64,1.0,4.64,463.99999999999994
2026-06-09,419,3,39.47,7.0,32.47,463.8571428571429
2026-03-05,374,2,5.63,1.0,4.63,463.0
2026-04-29,297,1,151.55,27.0,124.55000000000001,461.2962962962963
2026-02-13,509,4,22.34,4.0,18.34,458.5
2026-02-23,281,5,11.16,2.0,9.16,458.0
2026-02-23,319,4,11.16,2.0,9.16,458.0
2025-08-12,277,2,5.57,1.0,4.57,457.0
2025-08-13,336,7,27.84,5.0,22.84,456.79999999999995
2025-08-15,374,3,116.88,21.0,95.88,456.57142857142856
2026-06-13,362,2,5.56,1.0,4.56,455.99999999999994
2025-12-20,315,3,11.12,2.0,9.12,455.99999999999994
2026-06-27,531,1,11.11,2.0,9.11,455.5
2025-11-28,409,2,5.55,1.0,4.55,455.0
2026-05-31,362,2,5.54,1.0,4.54,454.0
2026-05-27,348,7,5.54,1.0,4.54,454.0
2025-12-07,334,2,22.09,4.0,18.09,452.25
2026-06-30,520,4,60.7,11.0,49.7,451.81818181818187
2025-10-14,327,4,170.88,31.0,139.88,451.22580645161287
2026-01-22,363,1,22.03,4.0,18.03,450.75
2026-06-03,334,2,5.5,1.0,4.5,450.0
2026-04-13,479,2,16.49,3.0,13.489999999999998,449.66666666666663
2025-09-26,334,2,21.95,4.0,17.95,448.75
2026-06-07,348,7,5.47,1.0,4.47,447.0
2026-02-06,485,2,21.87,4.0,17.87,446.75
2026-04-29,513,1,5.46,1.0,4.46,446.0
2025-08-26,405,2,16.37,3.0,13.370000000000001,445.6666666666667
2026-05-18,516,12,21.82,4.0,17.82,445.5
2025-09-20,319,4,5.44,1.0,4.44,444.00000000000006
2026-03-20,315,3,5.43,1.0,4.43,443.0
2025-12-28,505,3,48.87,9.0,39.87,443.0
2025-12-27,348,2,157.46,29.0,128.46,442.96551724137936
2026-01-28,348,1,184.16,34.0,150.16,441.6470588235294
2026-07-16,536,1,10.82,2.0,8.82,441.0
2026-05-24,334,2,10.81,2.0,8.81,440.5
2026-02-14,348,7,10.79,2.0,8.79,439.49999999999994
2025-12-16,317,3,248.08,46.0,202.08,439.30434782608694
2026-04-12,396,4,5.37,1.0,4.37,437.0
2025-09-02,441,1,166.23,31.0,135.23,436.2258064516129
2026-06-29,520,4,225.08,42.0,183.08,435.904761904762
2025-10-08,482,2,21.34,4.0,17.34,433.5
2025-09-02,441,0,165.37,31.0,134.37,433.45161290322585
2026-01-09,405,0,53.21,10.0,43.21,432.09999999999997
2026-04-20,383,1,10.64,2.0,8.64,432.0
2025-09-30,348,7,5.29,1.0,4.29,429.0
2026-06-01,303,1,26.44,5.0,21.44,428.8
2026-01-20,509,3,31.7,6.0,25.7,428.3333333333333
2025-10-01,348,7,5.28,1.0,4.28,428.0
2025-11-26,374,3,10.55,2.0,8.55,427.50000000000006
2026-05-11,396,3,15.81,3.0,12.81,427.00000000000006
2026-04-14,404,1,10.53,2.0,8.53,426.49999999999994
2026-04-12,513,1,26.31,5.0,21.31,426.19999999999993
2025-11-20,374,2,10.48,2.0,8.48,424.0
2026-07-01,534,4,5.24,1.0,4.24,424.0
2026-04-10,374,3,10.47,2.0,8.47,423.50000000000006
2026-01-27,319,4,15.66,3.0,12.66,422.0
2026-05-18,513,1,20.84,4.0,16.84,421.0
2025-08-01,396,4,5.21,1.0,4.21,421.0
2025-07-25,437,0,208.32,40.0,168.32,420.8
2025-07-25,437,1,208.22,40.0,168.22,420.54999999999995
2026-01-01,348,2,41.6,8.0,33.6,420.0
2026-01-09,405,1,36.39,7.0,29.39,419.85714285714283
2026-04-07,374,3,10.39,2.0,8.39,419.5
2026-01-10,277,2,5.19,1.0,4.19,419.00000000000006
2026-01-27,374,3,5.19,1.0,4.19,419.00000000000006
2026-07-04,477,1,274.83,53.0,221.82999999999998,418.5471698113207
2025-09-04,334,2,67.4,13.0,54.400000000000006,418.4615384615385
2026-07-04,477,0,274.78,53.0,221.77999999999997,418.45283018867923
2025-11-23,485,2,155.5,30.0,125.5,418.33333333333337
2026-04-30,406,0,88.11,17.0,71.11,418.2941176470588
2025-10-13,315,3,10.36,2.0,8.36,418.0
2026-02-18,319,4,5.18,1.0,4.18,418.0
2026-07-16,280,6,450.07,87.0,363.07,417.32183908045977
2025-08-01,348,7,5.17,1.0,4.17,417.0
2026-02-14,409,2,10.32,2.0,8.32,416.0
2026-01-28,319,7,15.47,3.0,12.47,415.66666666666674
2025-09-12,456,1,108.14,21.0,87.14,414.9523809523809
2025-09-12,456,0,108.13,21.0,87.13,414.90476190476187
2026-04-11,281,5,20.59,4.0,16.59,414.75
2026-05-05,273,3,10.28,2.0,8.28,413.99999999999994
2026-05-01,459,1,15.42,3.0,12.42,413.99999999999994
2026-07-17,334,2,76.99,15.0,61.989999999999995,413.26666666666665
2026-03-27,348,7,5.13,1.0,4.13,413.0
2025-10-16,315,3,5.13,1.0,4.13,413.0
2026-03-01,442,2,10.26,2.0,8.26,413.0
2026-07-06,534,4,5.13,1.0,4.13,413.0
2026-06-27,520,1,128.0,25.0,103.0,412.0
2026-04-13,362,2,5.12,1.0,4.12,412.0
2026-04-30,406,2,86.93,17.0,69.93,411.35294117647067
2026-04-09,348,7,5.11,1.0,4.11,411.00000000000006
2026-01-27,336,2,127.7,25.0,102.7,410.80000000000007
2026-04-05,340,4,56.17,11.0,45.17,410.6363636363636
2025-10-25,288,2,203.39,40.0,163.39,408.47499999999997
2026-06-21,277,2,5.08,1.0,4.08,408.0
2026-04-17,513,1,5.08,1.0,4.08,408.0
2026-01-14,404,1,10.16,2.0,8.16,408.0
2026-07-02,334,3,5.07,1.0,4.07,407.0
2025-12-23,277,2,5.07,1.0,4.07,407.0
2025-10-02,302,1,678.24,134.0,544.24,406.1492537313433
2025-09-19,475,1,65.79,13.0,52.790000000000006,406.0769230769231
2025-08-13,277,2,10.12,2.0,8.12,405.99999999999994
2025-09-19,336,7,25.29,5.0,20.29,405.79999999999995
2026-02-03,373,1,15.17,3.0,12.17,405.6666666666667
2025-12-29,348,4,45.29,9.0,36.29,403.2222222222222
2025-09-12,374,2,5.03,1.0,4.03,403.0
2026-04-11,459,1,5.03,1.0,4.03,403.0
2026-04-14,513,1,15.07,3.0,12.07,402.33333333333337
2025-08-26,485,2,45.15,9.0,36.15,401.6666666666667
2026-02-14,373,1,20.01,4.0,16.01,400.25000000000006
2026-02-27,281,5,10.0,2.0,8.0,400.0
2026-04-02,459,1,5.0,1.0,4.0,400.0
2026-06-16,334,2,10.0,2.0,8.0,400.0
2026-02-12,336,3,109.84,22.0,87.84,399.27272727272725
2026-02-23,509,4,9.97,2.0,7.970000000000001,398.50000000000006
2025-09-16,277,2,4.98,1.0,3.9800000000000004,398.00000000000006
2025-09-27,348,7,9.95,2.0,7.949999999999999,397.49999999999994
2026-06-02,509,1,14.9,3.0,11.9,396.6666666666667
2026-03-29,334,3,9.93,2.0,7.93,396.5
2025-12-19,409,2,4.96,1.0,3.96,396.0
2026-07-06,374,3,9.9,2.0,7.9,395.0
2026-07-23,462,0,306.75,62.0,244.75,394.758064516129
2026-03-28,509,6,9.89,2.0,7.890000000000001,394.5
2026-07-23,462,1,306.52,62.0,244.51999999999998,394.3870967741935
2026-07-05,353,2,4.92,1.0,3.92,392.0
2026-03-03,315,0,339.46,69.0,270.46,391.9710144927536
2025-10-14,348,7,4.91,1.0,3.91,391.0
2026-07-23,283,3,132.28,27.0,105.28,389.9259259259259
2025-08-31,336,7,151.85,31.0,120.85,389.83870967741933
2026-04-01,448,2,14.67,3.0,11.67,389.0
2025-08-30,362,2,4.89,1.0,3.8899999999999997,388.99999999999994
2025-11-25,277,2,4.88,1.0,3.88,388.0
2026-03-21,273,5,9.75,2.0,7.75,387.5
2025-08-12,348,7,4.87,1.0,3.87,387.0
2026-07-01,536,0,9.74,2.0,7.74,387.0
2026-01-10,459,2,301.59,62.0,239.58999999999997,386.4354838709677
2025-12-12,274,5,77.71,16.0,61.709999999999994,385.68749999999994
2025-10-09,409,2,4.85,1.0,3.8499999999999996,384.99999999999994
2026-04-25,348,7,4.85,1.0,3.8499999999999996,384.99999999999994
2026-01-06,451,0,96.97,20.0,76.97,384.85
2026-01-06,451,1,96.68,20.0,76.68,383.40000000000003
2026-03-28,509,4,9.66,2.0,7.66,383.0
2025-08-15,419,1,111.0,23.0,88.0,382.60869565217394
2025-12-28,463,0,1638.96,340.0,1298.96,382.0470588235294
2025-10-02,409,2,28.77,6.0,22.77,379.5
2026-03-21,419,3,57.47,12.0,45.47,378.91666666666663
2025-09-10,277,2,4.78,1.0,3.7800000000000002,378.0
2025-10-02,442,2,28.67,6.0,22.67,377.83333333333337
2026-07-12,280,6,888.12,186.0,702.12,377.48387096774195
2026-01-03,505,3,19.07,4.0,15.07,376.75
2025-07-27,396,4,4.76,1.0,3.76,376.0
2026-02-19,374,2,4.75,1.0,3.75,375.0
2026-05-10,272,2,1670.78,352.0,1318.78,374.6534090909091
2026-07-05,534,1,14.23,3.0,11.23,374.33333333333337
2025-09-16,462,0,146.98,31.0,115.97999999999999,374.12903225806446
2026-03-03,281,5,4.74,1.0,3.74,374.0
2025-11-19,485,2,61.41,13.0,48.41,372.38461538461536
2025-09-16,462,1,146.42,31.0,115.41999999999999,372.3225806451612
2026-05-10,277,2,4.72,1.0,3.7199999999999998,372.0
2026-05-25,315,3,4.72,1.0,3.7199999999999998,372.0
2026-01-10,459,0,316.08,67.0,249.07999999999998,371.76119402985074
2026-04-29,297,0,207.48,44.0,163.48,371.54545454545456
2026-07-05,477,1,146.14,31.0,115.13999999999999,371.41935483870964
2026-07-05,477,0,145.92,31.0,114.91999999999999,370.70967741935476
2025-12-07,420,1,390.6,83.0,307.6,370.60240963855426
2026-07-07,428,0,37.59,8.0,29.590000000000003,369.87500000000006
2026-02-16,319,4,9.39,2.0,7.390000000000001,369.5
2026-07-23,358,1,408.02,87.0,321.02,368.9885057471264
2026-02-07,459,1,18.72,4.0,14.719999999999999,368.0
2025-08-30,371,2,23.39,5.0,18.39,367.8
2025-10-02,272,0,224.53,48.0,176.53,367.7708333333333
2026-07-06,448,2,18.7,4.0,14.7,367.5
2025-10-26,288,6,9.34,2.0,7.34,367.0
2026-07-07,428,1,37.36,8.0,29.36,367.0
2026-05-21,336,7,74.68,16.0,58.68000000000001,366.75000000000006
2025-08-16,491,1,592.51,127.0,465.51,366.54330708661416
2025-08-05,315,0,535.46,115.0,420.46000000000004,365.61739130434785
2025-12-13,396,4,9.31,2.0,7.3100000000000005,365.5
2025-08-16,491,0,590.77,127.0,463.77,365.1732283464567
2025-12-01,315,3,9.3,2.0,7.300000000000001,365.00000000000006
2026-05-11,374,2,13.94,3.0,10.94,364.66666666666663
2025-09-09,427,2,13.92,3.0,10.92,364.0
2025-11-22,277,2,9.28,2.0,7.279999999999999,363.99999999999994
2025-12-07,420,0,384.88,83.0,301.88,363.71084337349396
2025-10-06,336,2,60.28,13.0,47.28,363.69230769230774
2026-05-15,463,2,13.89,3.0,10.89,363.00000000000006
2025-08-18,364,2,499.94,108.0,391.94,362.9074074074074
2025-10-20,336,2,23.14,5.0,18.14,362.8
2025-10-06,288,6,4.62,1.0,3.62,362.0
2026-07-01,362,1,18.43,4.0,14.43,360.75
2026-01-19,509,3,123.62,27.0,96.62,357.85185185185185
2025-08-18,448,2,18.28,4.0,14.280000000000001,357.0
2026-01-16,334,2,9.14,2.0,7.140000000000001,357.0
2026-07-05,396,3,4.57,1.0,3.5700000000000003,357.0
2026-07-01,536,1,9.14,2.0,7.140000000000001,357.0
2026-05-26,396,3,4.57,1.0,3.5700000000000003,357.0
2025-10-01,272,0,344.35,76.0,268.35,353.0921052631579
2025-10-22,337,2,4.52,1.0,3.5199999999999996,351.99999999999994
2026-01-10,409,2,4.51,1.0,3.51,351.0
2026-01-31,336,7,27.0,6.0,21.0,350.0
2026-01-20,374,3,4.5,1.0,3.5,350.0
2025-10-20,274,6,67.37,15.0,52.370000000000005,349.1333333333334
2025-12-30,348,7,8.98,2.0,6.98,349.0
2026-06-27,520,3,80.63,18.0,62.629999999999995,347.94444444444446
2026-01-28,364,4,442.8,99.0,343.8,347.27272727272725
2026-05-16,340,2,410.76,92.0,318.76,346.4782608695652
2026-07-23,370,1,218.71,49.0,169.71,346.34693877551024
2026-02-23,476,0,98.16,22.0,76.16,346.18181818181813
2026-03-21,334,2,8.92,2.0,6.92,346.0
2026-05-04,374,3,8.91,2.0,6.91,345.5
2026-03-24,459,1,4.45,1.0,3.45,345.0
2026-02-23,476,1,97.86,22.0,75.86,344.8181818181818
2026-04-24,479,2,8.89,2.0,6.890000000000001,344.5
2026-04-07,448,2,13.32,3.0,10.32,344.0
2025-12-26,506,1,213.11,48.0,165.11,343.9791666666667
2025-12-29,348,2,62.07,14.0,48.07,343.3571428571429
2026-04-07,345,2,66.5,15.0,51.5,343.3333333333333
2026-02-12,336,7,84.21,19.0,65.21,343.2105263157895
2025-11-25,459,1,8.86,2.0,6.859999999999999,343.0
2025-12-26,506,0,212.06,48.0,164.06,341.7916666666667
2026-05-04,448,2,8.83,2.0,6.83,341.5
2025-10-23,480,2,26.48,6.0,20.48,341.33333333333337
2025-07-27,316,1,1810.98,411.0,1399.98,340.62773722627736
2026-01-28,364,5,171.84,39.0,132.84,340.61538461538464
2025-12-29,429,0,299.07,68.0,231.07,339.80882352941177
2025-08-27,371,2,21.98,5.0,16.98,339.59999999999997
2025-11-09,336,7,131.83,30.0,101.83000000000001,339.4333333333334
2025-09-13,315,3,4.39,1.0,3.3899999999999997,338.99999999999994
2025-09-15,374,2,4.39,1.0,3.3899999999999997,338.99999999999994
2026-01-24,400,2,127.23,29.0,98.23,338.7241379310345
2025-10-16,319,4,8.77,2.0,6.77,338.5
2026-05-18,334,2,17.49,4.0,13.489999999999998,337.24999999999994
2026-04-26,398,1,135.5,31.0,104.5,337.0967741935484
2026-05-12,463,1,166.07,38.0,128.07,337.0263157894737
2026-04-06,405,2,17.48,4.0,13.48,337.0
2026-05-19,479,2,8.74,2.0,6.74,337.0
2025-12-20,396,4,8.74,2.0,6.74,337.0
2026-06-05,509,1,8.72,2.0,6.720000000000001,336.00000000000006
2026-01-28,456,0,108.8,25.0,83.8,335.2
2026-06-29,405,2,21.71,5.0,16.71,334.2
2025-12-07,404,1,8.68,2.0,6.68,334.0
2025-09-24,442,2,4.34,1.0,3.34,334.0
2026-02-05,374,2,4.34,1.0,3.34,334.0
2026-07-11,283,2,82.39,19.0,63.39,333.63157894736844
2026-01-26,373,1,546.34,126.0,420.34000000000003,333.60317460317464
2026-03-22,273,5,8.67,2.0,6.67,333.5
2026-01-28,456,1,108.3,25.0,83.3,333.2
2025-11-20,363,1,34.65,8.0,26.65,333.125
2026-04-02,405,2,8.66,2.0,6.66,333.0
2026-07-23,358,2,831.12,192.0,639.12,332.875
2026-04-30,277,2,4.32,1.0,3.3200000000000003,332.0
2025-09-14,315,3,4.32,1.0,3.3200000000000003,332.0
2026-03-28,409,2,4.32,1.0,3.3200000000000003,332.0
2025-10-24,348,7,4.32,1.0,3.3200000000000003,332.0
2025-08-05,315,1,340.94,79.0,261.94,331.56962025316454
2025-10-25,277,2,4.31,1.0,3.3099999999999996,330.99999999999994
2025-08-15,419,2,146.43,34.0,112.43,330.6764705882353
2026-03-16,281,5,17.2,4.0,13.2,330.0
2026-04-11,348,7,8.59,2.0,6.59,329.5
2026-01-24,400,1,346.76,81.0,265.76,328.0987654320988
2026-02-12,336,0,680.54,159.0,521.54,328.0125786163522
2026-06-15,277,2,4.27,1.0,3.2699999999999996,326.99999999999994
2026-07-08,445,0,80.74,19.0,61.739999999999995,324.9473684210526
2025-08-09,336,7,42.48,10.0,32.48,324.79999999999995
2026-07-19,273,6,4.24,1.0,3.24,324.0
2025-12-18,315,3,4.23,1.0,3.2300000000000004,323.00000000000006
2026-05-24,315,3,8.46,2.0,6.460000000000001,323.00000000000006
2026-05-02,448,2,21.12,5.0,16.12,322.40000000000003
2026-03-05,469,0,130.84,31.0,99.84,322.06451612903226
2025-11-27,459,1,12.65,3.0,9.65,321.6666666666667
2026-07-08,445,1,80.06,19.0,61.06,321.36842105263156
2025-09-11,448,2,4.21,1.0,3.21,321.0
2025-12-16,317,1,277.76,66.0,211.76,320.8484848484849
2026-03-24,472,1,189.38,45.0,144.38,320.84444444444443
2025-11-01,315,2,206.21,49.0,157.21,320.83673469387753
2026-04-13,281,5,12.62,3.0,9.62,320.66666666666663
2026-06-11,334,2,12.6,3.0,9.6,320.0
2026-03-05,469,1,129.9,31.0,98.9,319.03225806451616
2026-07-12,353,1,4.19,1.0,3.1900000000000004,319.00000000000006
2025-10-16,348,7,4.19,1.0,3.1900000000000004,319.00000000000006
2026-06-14,348,7,4.17,1.0,3.17,317.0
2025-10-13,319,4,12.5,3.0,9.5,316.66666666666663
2025-12-09,277,2,4.16,1.0,3.16,316.0
2025-08-29,475,2,20.76,5.0,15.760000000000002,315.2
2026-07-22,531,1,4.15,1.0,3.1500000000000004,315.00000000000006
2026-07-07,320,4,95.24,23.0,72.24,314.0869565217391
2025-09-01,409,2,4.14,1.0,3.1399999999999997,313.99999999999994
2025-10-02,302,0,2575.26,624.0,1951.2600000000002,312.7019230769231
2025-08-08,371,2,24.76,6.0,18.76,312.6666666666667
2026-07-13,280,6,519.71,126.0,393.71000000000004,312.468253968254
2026-03-30,383,1,16.49,4.0,12.489999999999998,312.24999999999994
2026-02-04,425,1,32.97,8.0,24.97,312.125
2026-06-29,534,1,8.24,2.0,6.24,312.0
2026-04-10,459,1,4.12,1.0,3.12,312.0
2026-07-07,459,1,28.78,7.0,21.78,311.14285714285717
2025-08-06,336,7,49.26,12.0,37.26,310.5
2025-10-02,302,3,1353.06,330.0,1023.06,310.0181818181818
2026-05-11,479,2,12.3,3.0,9.3,310.0
2025-10-24,277,2,4.1,1.0,3.0999999999999996,309.99999999999994
2026-07-23,437,0,250.01,61.0,189.01,309.8524590163934
2026-07-23,437,1,249.78,61.0,188.78,309.4754098360656
2026-03-27,509,6,8.18,2.0,6.18,309.0
2025-08-04,315,3,4.09,1.0,3.09,309.0
2025-12-06,334,2,24.54,6.0,18.54,309.0
2025-12-27,348,4,163.55,40.0,123.55000000000001,308.875
2026-06-11,509,6,8.16,2.0,6.16,308.0
2026-03-28,362,2,4.08,1.0,3.08,308.0
2026-06-14,419,3,20.38,5.0,15.379999999999999,307.59999999999997
2025-11-07,475,2,40.66,10.0,30.659999999999997,306.59999999999997
2026-01-28,348,3,288.67,71.0,217.67000000000002,306.5774647887324
2025-09-02,336,7,28.43,7.0,21.43,306.1428571428571
2026-03-04,386,2,36.53,9.0,27.53,305.8888888888889
2025-08-19,282,3,32.45,8.0,24.450000000000003,305.62500000000006
2025-09-29,423,1,291.98,72.0,219.98000000000002,305.52777777777777
2026-02-26,459,1,8.09,2.0,6.09,304.5
2025-09-29,423,0,290.78,72.0,218.77999999999997,303.8611111111111
2026-01-13,374,2,8.07,2.0,6.07,303.5
2025-12-27,362,1,16.13,4.0,12.129999999999999,303.25
2025-11-22,409,2,4.03,1.0,3.0300000000000002,303.0
2026-05-09,520,5,4.03,1.0,3.0300000000000002,303.0
2026-07-12,283,3,285.72,71.0,214.72000000000003,302.42253521126764
2026-05-26,319,4,8.04,2.0,6.039999999999999,301.99999999999994
2026-06-04,303,1,24.11,6.0,18.11,301.8333333333333
2025-09-10,405,2,16.06,4.0,12.059999999999999,301.49999999999994
2025-08-19,384,3,20.06,5.0,15.059999999999999,301.19999999999993
2026-01-20,509,4,56.15,14.0,42.15,301.07142857142856
2026-03-07,319,4,8.02,2.0,6.02,301.0
2026-04-17,519,0,271.87,68.0,203.87,299.80882352941177
2026-03-04,336,7,75.93,19.0,56.93000000000001,299.6315789473685
2026-07-07,320,8,127.87,32.0,95.87,299.59375
2026-04-17,519,1,271.52,68.0,203.51999999999998,299.2941176470588
2025-12-31,277,2,7.98,2.0,5.98,299.0
2026-07-19,293,0,3079.05,772.0,2307.05,298.8406735751296
2025-12-29,429,1,270.98,68.0,202.98000000000002,298.50000000000006
2025-09-29,319,7,15.94,4.0,11.94,298.5
2025-08-14,404,1,23.89,6.0,17.89,298.1666666666667
2026-04-03,409,2,3.98,1.0,2.98,298.0
2026-03-18,273,4,31.78,8.0,23.78,297.25
2026-06-11,419,3,19.82,5.0,14.82,296.4
2025-10-07,315,3,3.96,1.0,2.96,296.0
2025-09-24,348,7,3.96,1.0,2.96,296.0
2025-10-05,272,2,3.96,1.0,2.96,296.0
2025-08-13,319,7,31.64,8.0,23.64,295.5
2026-07-15,280,6,418.98,106.0,312.98,295.26415094339626
2025-09-30,442,2,3.95,1.0,2.95,295.0
2026-03-21,519,0,15.8,4.0,11.8,295.0
2025-08-08,315,3,3.95,1.0,2.95,295.0
2025-12-31,409,2,7.9,2.0,5.9,295.0
2025-10-21,448,2,55.23,14.0,41.23,294.5
2026-07-21,535,1,7.88,2.0,5.88,294.0
2026-06-01,516,5,15.76,4.0,11.76,294.0
2026-04-18,380,2,487.37,124.0,363.37,293.0403225806452
2026-04-02,281,5,7.86,2.0,5.86,293.0
2026-01-23,319,4,7.86,2.0,5.86,293.0
2025-11-01,319,4,3.93,1.0,2.93,293.0
2026-06-19,479,2,11.79,3.0,8.79,293.0
2026-06-08,348,7,3.93,1.0,2.93,293.0
2026-02-16,459,1,3.93,1.0,2.93,293.0
2025-12-06,339,3,58.93,15.0,43.93,292.8666666666667
2025-11-07,310,0,596.52,152.0,444.52,292.44736842105266
2026-07-23,274,4,46.97,12.0,34.97,291.41666666666663
2026-02-22,281,5,27.39,7.0,20.39,291.2857142857143
2025-08-14,383,1,46.95,12.0,34.95,291.25
2025-10-10,348,7,3.91,1.0,2.91,291.0
2026-01-27,494,2,113.38,29.0,84.38,290.9655172413793
2025-09-14,442,2,11.72,3.0,8.72,290.6666666666667
2025-11-07,310,1,592.51,152.0,440.51,289.8092105263158
2026-07-23,274,2,198.7,51.0,147.7,289.6078431372549
2026-04-24,374,2,7.79,2.0,5.79,289.5
2026-03-14,277,2,7.79,2.0,5.79,289.5
2026-02-25,281,5,7.79,2.0,5.79,289.5
2025-10-06,491,0,245.08,63.0,182.08,289.015873015873
2026-07-23,358,0,1902.28,489.0,1413.28,289.01431492842534
2025-11-24,319,4,7.78,2.0,5.78,289.0
2026-03-04,417,1,182.74,47.0,135.74,288.8085106382979
2025-11-28,374,2,11.66,3.0,8.66,288.6666666666667
2026-06-30,398,1,15.54,4.0,11.54,288.5
2026-06-21,531,1,15.54,4.0,11.54,288.5
2026-07-06,319,4,11.64,3.0,8.64,288.00000000000006
2025-09-17,396,4,3.88,1.0,2.88,288.0
2026-06-15,419,3,7.76,2.0,5.76,288.0
2025-11-23,345,2,170.65,44.0,126.65,287.84090909090907
2025-11-07,289,4,19.37,5.0,14.370000000000001,287.40000000000003
2026-07-14,280,6,468.07,121.0,347.07,286.8347107438017
2026-05-12,292,4,166.28,43.0,123.28,286.69767441860466
2026-07-22,353,2,15.45,4.0,11.45,286.25
2026-01-20,509,1,34.76,9.0,25.759999999999998,286.2222222222222
2025-10-06,491,1,243.24,63.0,180.24,286.0952380952381
2025-11-16,404,1,3.86,1.0,2.86,286.0
2025-09-05,319,4,3.86,1.0,2.86,286.0
2026-01-10,459,1,19.29,5.0,14.29,285.79999999999995
2026-03-04,463,2,150.43,39.0,111.43,285.71794871794873
2026-07-07,391,0,574.7,149.0,425.70000000000005,285.70469798657723
2025-10-09,319,4,7.71,2.0,5.71,285.5
2026-05-28,277,2,3.85,1.0,2.85,285.0
2025-11-06,374,2,11.53,3.0,8.53,284.3333333333333
2026-02-23,459,1,3.84,1.0,2.84,284.0
2025-09-25,404,1,3.84,1.0,2.84,284.0
2026-07-23,476,0,157.44,41.0,116.44,284.0
2025-07-27,409,2,7.68,2.0,5.68,284.0
2026-07-23,476,1,157.13,41.0,116.13,283.2439024390244
2025-09-26,315,3,7.66,2.0,5.66,283.0
2025-12-05,507,3,99.47,26.0,73.47,282.57692307692304
2026-07-23,274,1,95.59,25.0,70.59,282.36
2025-08-15,334,2,156.68,41.0,115.68,282.1463414634147
2025-10-14,423,1,431.74,113.0,318.74,282.070796460177
2025-12-10,277,2,3.82,1.0,2.82,282.0
2025-11-01,396,4,3.82,1.0,2.82,282.0
2025-11-21,348,7,3.82,1.0,2.82,282.0
2025-12-05,507,4,141.26,37.0,104.25999999999999,281.78378378378375
2025-08-12,374,2,7.6,2.0,5.6,280.0
2026-05-05,427,1,106.3,28.0,78.3,279.6428571428571
2026-03-09,459,1,7.59,2.0,5.59,279.5
2025-12-15,479,2,11.38,3.0,8.38,279.33333333333337
2025-10-14,272,2,3.79,1.0,2.79,279.0
2026-04-16,336,7,90.9,24.0,66.9,278.75
2026-07-07,320,2,200.69,53.0,147.69,278.66037735849056
2025-10-14,423,0,427.87,113.0,314.87,278.6460176991151
2026-01-29,336,7,18.91,5.0,13.91,278.2
2026-05-17,463,2,343.98,91.0,252.98000000000002,278.0
2026-01-07,374,3,3.78,1.0,2.78,278.0
2025-10-01,495,0,1132.87,300.0,832.8699999999999,277.6233333333333
2025-11-20,448,2,15.09,4.0,11.09,277.25
2026-05-23,281,5,15.09,4.0,11.09,277.25
2025-12-09,315,3,3.77,1.0,2.77,277.0
2026-02-26,448,2,7.53,2.0,5.53,276.5
2026-04-08,348,7,3.76,1.0,2.76,276.0
2026-05-05,459,1,3.75,1.0,2.75,275.0
2026-07-09,334,2,14.99,4.0,10.99,274.75
2026-03-21,519,1,14.99,4.0,10.99,274.75
2026-06-26,398,1,22.48,6.0,16.48,274.6666666666667
2026-06-14,277,2,7.49,2.0,5.49,274.5
2026-07-07,391,3,116.03,31.0,85.03,274.2903225806452
2025-10-08,315,3,3.74,1.0,2.74,274.0
2026-01-25,396,4,3.74,1.0,2.74,274.0
2025-08-29,277,2,3.74,1.0,2.74,274.0
2025-09-02,452,0,74.77,20.0,54.769999999999996,273.84999999999997
2026-07-11,405,1,145.78,39.0,106.78,273.7948717948718
2026-06-01,448,2,14.95,4.0,10.95,273.75
2026-07-23,370,3,489.56,131.0,358.56,273.70992366412213
2025-12-21,277,2,11.2,3.0,8.2,273.3333333333333
2025-12-05,507,0,335.91,90.0,245.91000000000003,273.23333333333335
2026-03-13,277,2,3.73,1.0,2.73,273.0
2025-08-08,336,7,26.09,7.0,19.09,272.7142857142857
2025-09-02,452,1,74.39,20.0,54.39,271.95
2025-10-01,495,1,1115.55,300.0,815.55,271.84999999999997
2026-02-25,335,1,70.6,19.0,51.599999999999994,271.578947368421
2026-07-15,535,1,11.12,3.0,8.12,270.66666666666663
2026-07-01,337,3,148.1,40.0,108.1,270.24999999999994
2026-03-11,479,2,7.4,2.0,5.4,270.0
2026-07-02,374,3,11.08,3.0,8.08,269.3333333333333
2026-01-09,405,2,11.06,3.0,8.06,268.6666666666667
2026-03-24,348,7,3.68,1.0,2.68,268.0
2026-06-05,274,4,22.08,6.0,16.08,268.0
2026-02-11,383,2,25.73,7.0,18.73,267.57142857142856
2026-02-23,315,3,3.67,1.0,2.67,267.0
2026-03-18,459,1,7.33,2.0,5.33,266.5
2026-03-31,405,2,10.98,3.0,7.98,266.0
2026-07-20,525,2,10.96,3.0,7.960000000000001,265.33333333333337
2026-07-13,509,1,32.86,9.0,23.86,265.11111111111114
2026-06-05,509,3,7.29,2.0,5.29,264.5
2026-03-18,442,2,14.58,4.0,10.58,264.5
2026-03-16,509,3,7.29,2.0,5.29,264.5
2026-07-04,291,2,43.72,12.0,31.72,264.3333333333333
2026-06-30,316,3,243.51,67.0,176.51,263.44776119402985
2026-06-17,353,0,36.34,10.0,26.340000000000003,263.40000000000003
2026-02-20,281,5,21.78,6.0,15.780000000000001,263.00000000000006
2026-01-14,409,2,3.63,1.0,2.63,263.0
2026-02-06,281,5,61.68,17.0,44.68,262.8235294117647
2026-01-10,374,3,10.87,3.0,7.869999999999999,262.3333333333333
2026-07-19,353,3,7.24,2.0,5.24,262.0
2026-06-21,334,2,21.72,6.0,15.719999999999999,261.99999999999994
2025-10-28,480,6,72.38,20.0,52.379999999999995,261.9
2026-06-28,361,4,54.27,15.0,39.27,261.8
2025-10-20,280,5,570.89,158.0,412.89,261.32278481012656
2026-07-11,405,0,198.6,55.0,143.6,261.09090909090907
2025-12-05,332,2,292.43,81.0,211.43,261.0246913580247
2026-03-27,516,5,14.44,4.0,10.44,261.0
2026-01-14,360,2,97.44,27.0,70.44,260.88888888888886
2026-02-14,404,1,14.43,4.0,10.43,260.75
2026-07-15,411,0,144.23,40.0,104.22999999999999,260.57499999999993
2026-05-29,274,4,43.25,12.0,31.25,260.41666666666663
2026-04-15,516,8,10.81,3.0,7.8100000000000005,260.33333333333337
2025-10-24,427,1,126.04,35.0,91.04,260.11428571428576
2026-05-21,479,2,10.8,3.0,7.800000000000001,260.0
2025-12-11,277,2,3.6,1.0,2.6,260.0
2026-03-03,444,2,208.54,58.0,150.54,259.55172413793105
2026-07-15,411,1,143.78,40.0,103.78,259.45
2026-06-17,277,2,3.59,1.0,2.59,259.0
2026-07-09,534,4,3.59,1.0,2.59,259.0
2026-05-10,272,1,1263.46,352.0,911.46,258.9375
2025-09-25,315,3,7.17,2.0,5.17,258.5
2026-05-24,362,2,3.58,1.0,2.58,258.0
2026-03-27,336,7,67.94,19.0,48.94,257.57894736842104
2026-07-05,348,7,7.15,2.0,5.15,257.5
2025-07-30,361,4,235.93,66.0,169.93,257.469696969697
2026-02-12,372,1,282.17,79.0,203.17000000000002,257.17721518987344
2025-08-14,319,4,28.55,8.0,20.55,256.875
2026-07-23,370,0,895.5,251.0,644.5,256.77290836653384
2025-08-27,290,3,49.84,14.0,35.84,256.0
2025-12-11,315,3,3.56,1.0,2.56,256.0
2026-03-24,472,0,391.37,110.0,281.37,255.79090909090908
2025-09-27,277,2,3.55,1.0,2.55,254.99999999999997
2025-10-08,277,2,3.55,1.0,2.55,254.99999999999997
2025-09-21,442,2,10.64,3.0,7.640000000000001,254.66666666666669
2026-06-09,509,4,7.09,2.0,5.09,254.5
2026-01-26,374,3,46.07,13.0,33.07,254.3846153846154
2025-09-07,334,3,375.53,106.0,269.53,254.27358490566036
2025-08-14,315,3,24.77,7.0,17.77,253.85714285714286
2026-04-29,333,3,106.08,30.0,76.08,253.6
2025-10-27,288,5,176.73,50.0,126.72999999999999,253.45999999999998
2026-05-08,509,4,17.66,5.0,12.66,253.2
2025-10-20,280,6,889.68,252.0,637.68,253.047619047619
2026-06-02,396,3,3.53,1.0,2.53,252.99999999999997
2025-12-08,334,2,14.12,4.0,10.12,252.99999999999997
2025-10-05,288,6,35.24,10.0,25.240000000000002,252.4
2025-12-29,494,0,264.27,75.0,189.26999999999998,252.35999999999996
2025-10-27,482,2,24.63,7.0,17.63,251.85714285714283
2025-10-03,485,2,38.6,11.0,27.6,250.90909090909093
2026-03-08,298,1,336.67,96.0,240.67000000000002,250.69791666666669
2025-08-06,398,2,63.09,18.0,45.09,250.50000000000003
2026-05-28,348,7,7.01,2.0,5.01,250.5
2026-06-29,340,2,38.55,11.0,27.549999999999997,250.45454545454544
2026-01-27,482,1,73.48,21.0,52.480000000000004,249.90476190476193
2025-10-09,482,2,13.99,4.0,9.99,249.75
2026-07-19,463,1,185.29,53.0,132.29,249.60377358490567
2026-05-01,277,2,13.98,4.0,9.98,249.5
2026-05-17,340,2,251.56,72.0,179.56,249.38888888888889
2025-12-30,348,4,24.42,7.0,17.42,248.8571428571429
2026-03-08,298,0,334.57,96.0,238.57,248.51041666666666
2026-02-09,315,3,10.45,3.0,7.449999999999999,248.3333333333333
2026-03-13,281,5,6.96,2.0,4.96,248.0
2025-11-23,277,2,6.96,2.0,4.96,248.0
2026-07-10,420,0,194.77,56.0,138.77,247.80357142857144
2026-02-12,336,5,128.65,37.0,91.65,247.70270270270274
2026-06-11,509,3,10.43,3.0,7.43,247.66666666666666
2026-04-14,334,2,17.38,5.0,12.379999999999999,247.6
2026-01-28,348,6,257.06,74.0,183.06,247.3783783783784
2026-07-10,420,1,194.36,56.0,138.36,247.0714285714286
2026-06-29,526,2,10.41,3.0,7.41,247.00000000000003
2025-09-19,319,7,10.41,3.0,7.41,247.00000000000003
2025-11-17,277,2,3.47,1.0,2.47,247.00000000000003
2026-07-07,320,1,364.0,105.0,259.0,246.66666666666669
2025-08-21,448,2,10.4,3.0,7.4,246.66666666666669
2026-01-26,509,3,51.98,15.0,36.98,246.5333333333333
2026-05-25,475,0,27.72,8.0,19.72,246.5
2026-05-22,319,4,6.93,2.0,4.93,246.5
2026-03-10,404,1,3.46,1.0,2.46,246.0
2026-05-08,348,7,3.46,1.0,2.46,246.0
2025-12-04,374,3,6.92,2.0,4.92,246.0
2025-10-20,419,4,58.81,17.0,41.81,245.94117647058823
2025-08-26,362,1,20.75,6.0,14.75,245.83333333333334
2026-04-04,516,12,17.28,5.0,12.280000000000001,245.60000000000005
2026-01-28,463,2,183.09,53.0,130.09,245.4528301886793
2026-07-07,446,0,141.58,41.0,100.58000000000001,245.31707317073176
2026-05-09,516,5,20.7,6.0,14.7,244.99999999999997
2026-05-22,315,3,6.89,2.0,4.89,244.49999999999997
2026-07-07,446,1,141.09,41.0,100.09,244.1219512195122
2026-03-09,509,3,13.76,4.0,9.76,244.0
2026-07-15,301,3,381.6,111.0,270.6,243.78378378378383
2025-08-14,362,1,51.55,15.0,36.55,243.66666666666666
2026-04-17,509,3,10.3,3.0,7.300000000000001,243.33333333333337
2026-06-27,334,2,30.9,9.0,21.9,243.33333333333331
2026-07-07,447,0,137.32,40.0,97.32,243.29999999999998
2026-07-02,398,1,13.73,4.0,9.73,243.25
2026-04-10,516,8,13.73,4.0,9.73,243.25
2025-08-06,423,0,463.35,135.0,328.35,243.22222222222223
2025-08-06,423,1,463.3,135.0,328.3,243.18518518518522
2026-03-26,404,1,6.86,2.0,4.86,243.00000000000003
2026-03-05,509,3,6.86,2.0,4.86,243.00000000000003
2025-12-30,277,2,6.86,2.0,4.86,243.00000000000003
2026-06-01,374,2,13.7,4.0,9.7,242.49999999999997
2026-05-08,512,2,160.86,47.0,113.86000000000001,242.2553191489362
2025-09-23,288,6,13.69,4.0,9.69,242.25
2025-11-02,337,3,3.42,1.0,2.42,242.0
2025-09-27,409,2,3.42,1.0,2.42,242.0
2026-01-17,345,3,95.72,28.0,67.72,241.85714285714286
2026-07-07,447,1,136.74,40.0,96.74000000000001,241.85000000000002
2025-09-14,334,3,6.83,2.0,4.83,241.5
2025-11-08,315,3,3.41,1.0,2.41,241.0
2025-09-26,374,3,13.64,4.0,9.64,241.0
2026-02-10,463,1,119.16,35.0,84.16,240.45714285714283
2025-11-01,459,1,64.68,19.0,45.68000000000001,240.42105263157902
2026-05-18,301,3,241.41,71.0,170.41,240.01408450704224
2026-03-04,448,1,173.29,51.0,122.28999999999999,239.78431372549016
2026-01-27,321,6,74.69,22.0,52.69,239.5
2026-01-28,364,2,122.19,36.0,86.19,239.41666666666666
2026-06-18,277,2,3.39,1.0,2.39,239.0
2025-12-14,409,2,6.78,2.0,4.78,239.0
2026-04-29,509,4,6.78,2.0,4.78,239.0
2026-03-27,485,2,84.67,25.0,59.67,238.68
2025-09-30,288,6,10.16,3.0,7.16,238.66666666666669
2026-06-04,405,2,10.16,3.0,7.16,238.66666666666669
2025-10-20,280,3,801.56,237.0,564.56,238.210970464135
2026-01-27,482,0,108.2,32.0,76.2,238.125
2026-01-19,509,6,20.24,6.0,14.239999999999998,237.33333333333331
2026-03-26,448,2,10.12,3.0,7.119999999999999,237.33333333333331
2026-03-04,448,0,175.38,52.0,123.38,237.26923076923075
2026-05-22,282,5,74.04,22.0,52.040000000000006,236.54545454545456
2025-08-28,426,0,188.36,56.0,132.36,236.3571428571429
2025-10-26,280,1,80.7,24.0,56.7,236.25000000000003
2026-07-23,334,2,23.53,7.0,16.53,236.14285714285717
2026-03-19,405,1,16.79,5.0,11.79,235.79999999999995
2025-08-28,426,1,188.02,56.0,132.02,235.75000000000003
2026-06-25,337,3,275.15,82.0,193.14999999999998,235.54878048780483
2026-06-29,398,1,33.55,10.0,23.549999999999997,235.49999999999994
2025-11-05,423,0,378.6,113.0,265.6,235.04424778761063
2026-05-19,404,1,3.35,1.0,2.35,235.0
2026-02-13,459,1,3.35,1.0,2.35,235.0
2025-10-06,410,0,73.68,22.0,51.68000000000001,234.90909090909096
2025-10-24,386,2,70.28,21.0,49.28,234.66666666666666
2026-03-17,509,3,6.69,2.0,4.69,234.50000000000003
2025-08-11,334,2,66.82,20.0,46.81999999999999,234.09999999999997
2025-10-05,362,2,3.34,1.0,2.34,234.0
2025-09-02,323,0,63.43,19.0,44.43,233.8421052631579
2025-10-05,272,0,146.87,44.0,102.87,233.79545454545453
2026-06-29,374,2,16.68,5.0,11.68,233.6
2026-06-01,521,0,30.0,9.0,21.0,233.33333333333334
2025-12-25,405,2,26.65,8.0,18.65,233.12499999999997
2026-02-12,336,6,133.23,40.0,93.22999999999999,233.07499999999996
2026-02-14,277,2,13.32,4.0,9.32,233.0
2026-04-07,396,4,3.33,1.0,2.33,233.0
2025-12-29,494,1,153.11,46.0,107.11000000000001,232.84782608695656
2025-11-05,423,1,375.99,113.0,262.99,232.73451327433628
2025-09-02,323,1,63.16,19.0,44.16,232.42105263157896
2025-12-17,409,2,3.32,1.0,2.32,231.99999999999997
2026-03-04,458,0,252.26,76.0,176.26,231.9210526315789
2026-01-27,315,3,9.95,3.0,6.949999999999999,231.66666666666663
2026-03-29,281,5,23.17,7.0,16.17,231.0
2025-12-31,348,7,9.92,3.0,6.92,230.66666666666666
2026-05-01,516,8,23.13,7.0,16.13,230.42857142857142
2025-10-06,410,1,72.65,22.0,50.650000000000006,230.22727272727278
2026-01-27,336,1,168.36,51.0,117.36000000000001,230.11764705882354
2025-08-26,415,0,108.93,33.0,75.93,230.09090909090912
2026-06-29,509,6,16.5,5.0,11.5,229.99999999999997
2026-02-28,442,2,13.2,4.0,9.2,229.99999999999997
2026-01-28,348,2,75.84,23.0,52.84,229.73913043478262
2026-03-04,458,1,250.34,76.0,174.34,229.39473684210526
2025-08-26,415,1,108.59,33.0,75.59,229.06060606060606
2025-09-22,348,7,3.29,1.0,2.29,229.0
2026-07-14,530,2,26.3,8.0,18.3,228.75
2026-05-18,482,2,23.0,7.0,16.0,228.57142857142856
2025-08-29,448,2,6.57,2.0,4.57,228.5
2025-12-15,319,4,13.14,4.0,9.14,228.5
2025-11-30,409,2,6.57,2.0,4.57,228.5
2025-09-09,427,0,29.54,9.0,20.54,228.2222222222222
2025-11-06,404,1,6.56,2.0,4.56,227.99999999999997
2026-06-01,521,1,29.52,9.0,20.52,227.99999999999997
2026-05-11,374,3,9.84,3.0,6.84,227.99999999999997
2026-07-12,429,0,2195.32,670.0,1525.3200000000002,227.65970149253735
2026-07-23,358,3,687.97,210.0,477.97,227.60476190476192
2026-06-09,272,4,3.27,1.0,2.27,227.0
2026-06-08,509,6,13.08,4.0,9.08,227.0
2026-03-27,409,2,3.27,1.0,2.27,227.0
2026-01-21,505,3,3.27,1.0,2.27,227.0
2026-05-29,340,2,150.3,46.0,104.30000000000001,226.73913043478265
2025-11-08,277,2,6.53,2.0,4.53,226.5
2026-07-20,482,2,16.32,5.0,11.32,226.40000000000003
2026-07-23,362,3,133.69,41.0,92.69,226.0731707317073
2026-07-07,320,5,133.68,41.0,92.68,226.0487804878049
2026-02-12,485,2,26.0,8.0,18.0,225.0
2026-07-13,526,2,6.5,2.0,4.5,225.0
2025-12-19,396,4,3.25,1.0,2.25,225.0
2026-03-31,281,5,12.99,4.0,8.99,224.75
2026-01-29,509,4,22.72,7.0,15.719999999999999,224.57142857142856
2025-11-05,475,2,51.92,16.0,35.92,224.5
2025-12-20,319,4,19.46,6.0,13.46,224.33333333333337
2026-01-28,364,3,350.12,108.0,242.12,224.18518518518516
2025-10-28,435,1,93.95,29.0,64.95,223.96551724137933
2026-02-02,412,0,106.84,33.0,73.84,223.75757575757578
2026-01-19,482,2,12.95,4.0,8.95,223.74999999999997
2026-04-27,516,5,12.95,4.0,8.95,223.74999999999997
2025-10-17,396,4,3.23,1.0,2.23,223.0
2026-02-26,374,3,9.69,3.0,6.6899999999999995,223.0
2026-05-18,340,2,93.57,29.0,64.57,222.65517241379308
2026-04-23,513,1,3.22,1.0,2.22,222.00000000000003
2026-01-29,373,1,28.97,9.0,19.97,221.88888888888889
2025-09-06,428,1,135.09,42.0,93.09,221.64285714285717
2025-10-12,404,1,6.43,2.0,4.43,221.5
2025-08-21,414,0,202.48,63.0,139.48,221.3968253968254
2026-03-23,309,2,302.07,94.0,208.07,221.35106382978722
2026-01-26,334,2,54.59,17.0,37.59,221.11764705882356
2026-03-26,516,12,12.84,4.0,8.84,221.0
2026-06-26,526,3,12.84,4.0,8.84,221.0
2025-09-06,428,0,134.69,42.0,92.69,220.69047619047618
2025-08-21,414,1,201.95,63.0,138.95,220.55555555555551
2026-03-10,336,7,73.7,23.0,50.7,220.43478260869566
2026-03-14,509,3,16.02,5.0,11.02,220.39999999999998
2026-02-25,388,2,38.44,12.0,26.439999999999998,220.33333333333331
2026-02-02,412,1,105.68,33.0,72.68,220.24242424242425
2026-05-29,334,2,16.01,5.0,11.010000000000002,220.20000000000005
2025-10-28,435,0,92.81,29.0,63.81,220.0344827586207
2025-11-08,348,7,6.4,2.0,4.4,220.00000000000003
2025-10-11,288,6,25.58,8.0,17.58,219.74999999999997
2025-10-01,334,2,25.57,8.0,17.57,219.625
2026-07-04,283,0,840.05,263.0,577.05,219.41064638783268
2025-08-26,405,0,82.99,26.0,56.989999999999995,219.19230769230768
2026-03-29,409,2,3.19,1.0,2.19,219.0
2026-03-16,339,3,31.89,10.0,21.89,218.9
2026-07-12,429,1,2134.66,670.0,1464.6599999999999,218.60597014925372
2025-12-08,319,7,15.91,5.0,10.91,218.2
2025-09-09,427,1,19.09,6.0,13.09,218.16666666666666
2026-02-20,319,4,6.36,2.0,4.36,218.00000000000003
2026-05-26,277,2,3.18,1.0,2.18,218.00000000000003
2026-03-09,374,2,12.71,4.0,8.71,217.75000000000003
2026-06-12,374,3,12.7,4.0,8.7,217.49999999999997
2026-07-01,361,4,22.22,7.0,15.219999999999999,217.4285714285714
2025-10-13,433,0,311.03,98.0,213.02999999999997,217.37755102040813
2025-10-13,433,1,310.96,98.0,212.95999999999998,217.30612244897958
2026-04-23,302,1,126.92,40.0,86.92,217.3
2026-01-26,404,1,19.03,6.0,13.030000000000001,217.16666666666669
2025-09-17,336,7,41.21,13.0,28.21,217.0
2026-05-04,294,1,196.3,62.0,134.3,216.6129032258065
2026-04-13,340,1,395.57,125.0,270.57,216.456
2025-10-20,405,0,107.5,34.0,73.5,216.17647058823528
2026-01-27,319,5,132.79,42.0,90.78999999999999,216.16666666666666
2025-11-25,315,3,3.16,1.0,2.16,216.0
2026-05-19,334,2,12.62,4.0,8.62,215.49999999999997
2026-06-25,520,4,271.04,86.0,185.04000000000002,215.16279069767444
2026-03-24,339,3,22.06,7.0,15.059999999999999,215.1428571428571
2026-01-19,488,0,274.07,87.0,187.07,215.02298850574712
2026-04-26,511,0,894.39,284.0,610.39,214.92605633802816
2026-03-25,485,2,81.78,26.0,55.78,214.53846153846152
2025-08-13,348,7,9.43,3.0,6.43,214.33333333333331
2026-01-19,488,1,273.35,87.0,186.35000000000002,214.19540229885058
2025-10-23,480,4,31.4,10.0,21.4,213.99999999999997
2025-10-13,319,7,21.97,7.0,14.969999999999999,213.85714285714283
2026-04-09,485,2,100.41,32.0,68.41,213.78125
2026-01-12,423,0,486.09,155.0,331.09,213.60645161290321
2025-08-07,487,2,275.95,88.0,187.95,213.57954545454544
2025-09-19,301,1,369.88,118.0,251.88,213.45762711864404
2025-08-15,419,3,150.35,48.0,102.35,213.22916666666666
2025-11-28,363,1,31.31,10.0,21.31,213.09999999999997
2025-07-31,330,3,535.36,171.0,364.36,213.0760233918129
2026-07-02,534,2,9.39,3.0,6.390000000000001,213.00000000000003
2026-03-25,448,2,6.26,2.0,4.26,213.0
2026-01-12,423,1,485.04,155.0,330.04,212.92903225806455
2026-03-24,368,3,75.1,24.0,51.099999999999994,212.91666666666663
2025-10-17,409,2,6.25,2.0,4.25,212.5
2025-12-29,494,2,90.61,29.0,61.61,212.44827586206898
2026-04-26,511,1,887.09,284.0,603.09,212.35563380281693
2025-12-25,392,1,384.05,123.0,261.05,212.2357723577236
2025-10-14,485,2,40.57,13.0,27.57,212.0769230769231
2026-01-19,479,2,6.24,2.0,4.24,212.0
2026-06-23,520,5,3.12,1.0,2.12,212.0
2025-09-06,296,2,6.24,2.0,4.24,212.0
2025-08-01,374,2,6.24,2.0,4.24,212.0
2025-10-09,348,7,3.12,1.0,2.12,212.0
2026-03-10,282,3,28.06,9.0,19.06,211.77777777777774
2025-10-23,374,3,18.68,6.0,12.68,211.33333333333331
2025-10-20,366,1,1347.11,433.0,914.1099999999999,211.11085450346417
2025-08-29,409,2,3.11,1.0,2.11,211.0
2026-03-17,340,4,21.76,7.0,14.760000000000002,210.8571428571429
2026-05-04,309,1,978.88,315.0,663.88,210.75555555555553
2026-07-03,374,3,9.32,3.0,6.32,210.66666666666669
2026-01-24,400,0,531.05,171.0,360.04999999999995,210.55555555555551
2025-08-28,460,0,450.28,145.0,305.28,210.53793103448274
2026-01-27,336,4,183.0,59.0,124.0,210.16949152542375
2026-06-24,274,4,21.7,7.0,14.7,210.0
2026-01-19,495,0,446.08,144.0,302.08,209.77777777777774
2025-08-28,460,1,449.13,145.0,304.13,209.74482758620687
2026-02-19,482,2,9.29,3.0,6.289999999999999,209.66666666666663
2026-07-06,398,1,6.19,2.0,4.19,209.50000000000003
2026-06-28,273,6,6.19,2.0,4.19,209.50000000000003
2026-03-04,301,3,278.42,90.0,188.42000000000002,209.35555555555555
2026-02-09,512,2,129.9,42.0,87.9,209.2857142857143
2026-02-04,494,1,83.48,27.0,56.480000000000004,209.1851851851852
2025-07-24,467,0,575.06,186.0,389.05999999999995,209.17204301075265
2026-03-04,386,1,278.22,90.0,188.22000000000003,209.13333333333335
2026-04-09,513,1,9.27,3.0,6.27,209.0
2025-09-08,405,2,21.63,7.0,14.629999999999999,209.0
2026-04-23,519,0,169.95,55.0,114.94999999999999,209.0
2025-08-17,327,4,527.85,171.0,356.85,208.6842105263158
2026-04-30,355,1,21.6,7.0,14.600000000000001,208.57142857142858
2026-04-20,419,2,18.51,6.0,12.510000000000002,208.50000000000003
2026-06-12,303,1,18.5,6.0,12.5,208.33333333333334
2025-08-05,336,7,107.9,35.0,72.9,208.2857142857143
2026-06-30,334,2,21.58,7.0,14.579999999999998,208.28571428571428
2026-06-22,398,1,58.56,19.0,39.56,208.21052631578948
2025-10-22,469,0,394.48,128.0,266.48,208.1875
2025-08-30,442,2,61.63,20.0,41.63,208.15
2026-02-01,277,2,3.08,1.0,2.08,208.0
2025-08-06,277,2,3.08,1.0,2.08,208.0
2026-02-17,485,2,27.71,9.0,18.71,207.88888888888889
2025-09-24,384,3,27.7,9.0,18.7,207.77777777777774
2025-10-04,272,0,209.26,68.0,141.26,207.73529411764704
2026-04-23,519,1,169.21,55.0,114.21000000000001,207.65454545454546
2026-07-21,486,0,156.81,51.0,105.81,207.47058823529412
2025-10-22,469,1,392.98,128.0,264.98,207.015625
2025-08-04,405,2,12.28,4.0,8.28,206.99999999999997
2025-08-07,336,7,27.62,9.0,18.62,206.8888888888889
2026-01-19,495,1,441.88,144.0,297.88,206.86111111111111
2026-07-21,486,1,156.44,51.0,105.44,206.7450980392157
2025-09-29,404,1,9.2,3.0,6.199999999999999,206.66666666666663
2025-07-24,467,1,570.37,186.0,384.37,206.65053763440858
2025-11-26,348,7,3.06,1.0,2.06,206.0
2025-09-06,298,1,382.23,125.0,257.23,205.78400000000002
2025-09-14,277,2,6.11,2.0,4.11,205.50000000000003
2025-10-24,427,0,186.35,61.0,125.35,205.4918032786885
2026-05-12,463,0,436.29,143.0,293.29,205.0979020979021
2025-09-14,348,7,3.05,1.0,2.05,204.99999999999997
2026-05-04,384,2,39.59,13.0,26.590000000000003,204.53846153846155
2025-09-06,298,0,380.33,125.0,255.32999999999998,204.264
2026-02-12,372,0,912.52,300.0,612.52,204.17333333333332
2025-08-13,374,2,12.16,4.0,8.16,204.0
2026-07-17,348,7,3.04,1.0,2.04,204.0
2026-04-17,374,2,9.12,3.0,6.119999999999999,203.99999999999997
2026-03-09,479,2,9.11,3.0,6.109999999999999,203.66666666666666
2025-12-21,306,0,352.07,116.0,236.07,203.50862068965517
2025-11-21,289,2,33.38,11.0,22.380000000000003,203.45454545454547
2025-12-21,306,1,351.89,116.0,235.89,203.35344827586206
2026-03-27,319,4,9.1,3.0,6.1,203.33333333333331
2025-12-01,405,2,12.13,4.0,8.13,203.25000000000003
2026-07-01,523,0,36.37,12.0,24.369999999999997,203.08333333333331
2026-04-13,374,2,18.18,6.0,12.18,202.99999999999997
2026-07-03,277,2,3.03,1.0,2.03,202.99999999999997
2026-03-04,386,0,324.07,107.0,217.07,202.86915887850466
2026-06-15,448,2,15.13,5.0,10.13,202.60000000000002
2025-09-01,437,1,130.08,43.0,87.08000000000001,202.5116279069768
2025-10-27,405,2,12.1,4.0,8.1,202.5
2025-12-20,348,7,6.05,2.0,4.05,202.5
2026-03-24,472,2,196.35,65.0,131.35,202.0769230769231
2026-07-23,370,2,214.46,71.0,143.46,202.05633802816902
2025-12-26,315,3,9.06,3.0,6.0600000000000005,202.0
2025-10-07,319,4,6.04,2.0,4.04,202.0
2026-04-16,374,3,9.05,3.0,6.050000000000001,201.6666666666667
2025-08-26,496,1,527.79,175.0,352.78999999999996,201.59428571428572
2026-05-04,302,2,223.14,74.0,149.14,201.54054054054052
2026-04-06,516,8,15.05,5.0,10.05,201.00000000000003
2025-12-24,348,7,3.01,1.0,2.01,200.99999999999997
2025-08-28,374,2,3.01,1.0,2.01,200.99999999999997
2025-11-03,374,2,12.04,4.0,8.04,200.99999999999997
2025-08-26,496,0,526.55,175.0,351.54999999999995,200.88571428571424
2026-01-10,442,2,30.08,10.0,20.08,200.8
2026-05-23,334,3,111.26,37.0,74.26,200.7027027027027
2026-07-01,523,1,36.07,12.0,24.07,200.58333333333334
2026-06-29,353,0,6.01,2.0,4.01,200.5
2025-10-20,336,3,141.22,47.0,94.22,200.46808510638297
2025-08-09,475,2,66.04,22.0,44.040000000000006,200.1818181818182
2025-10-02,288,6,38.99,13.0,25.990000000000002,199.92307692307693
2025-11-29,336,7,182.93,61.0,121.93,199.88524590163937
2025-09-01,437,0,128.92,43.0,85.91999999999999,199.81395348837205
2025-10-18,409,2,5.99,2.0,3.99,199.5
2026-07-23,483,0,517.76,173.0,344.76,199.28323699421964
2026-02-14,315,3,14.96,5.0,9.96,199.20000000000002
2026-01-29,410,0,20.94,7.0,13.940000000000001,199.14285714285717
2025-12-09,353,0,41.78,14.0,27.78,198.42857142857144
2025-10-27,389,0,303.94,102.0,201.94,197.98039215686273
2026-05-31,319,4,17.86,6.0,11.86,197.66666666666666
2026-05-23,348,7,2.97,1.0,1.9700000000000002,197.00000000000003
2026-05-08,277,2,2.97,1.0,1.9700000000000002,197.00000000000003
2025-10-27,389,1,302.83,102.0,200.82999999999998,196.89215686274508
2026-03-16,374,2,11.86,4.0,7.859999999999999,196.5
2026-03-03,315,2,97.83,33.0,64.83,196.45454545454547
2026-07-07,320,0,1413.99,477.0,936.99,196.43396226415095
2026-05-05,516,5,14.82,5.0,9.82,196.4
2025-12-01,374,3,8.89,3.0,5.890000000000001,196.33333333333337
2026-04-06,405,1,20.74,7.0,13.739999999999998,196.28571428571428
2026-01-14,334,2,11.85,4.0,7.85,196.25
2025-08-14,290,3,103.67,35.0,68.67,196.2
2026-03-10,340,4,23.69,8.0,15.690000000000001,196.12500000000003
2026-03-28,509,3,11.84,4.0,7.84,196.0
2026-06-15,362,2,2.96,1.0,1.96,196.0
2026-02-21,315,3,2.96,1.0,1.96,196.0
2025-08-11,362,1,32.52,11.0,21.520000000000003,195.63636363636368
2026-05-24,501,2,416.15,141.0,275.15,195.1418439716312
2025-09-16,328,0,365.96,124.0,241.95999999999998,195.1290322580645
2025-09-18,315,3,2.95,1.0,1.9500000000000002,195.00000000000003
2025-10-06,274,3,38.34,13.0,25.340000000000003,194.92307692307696
2026-06-12,362,1,17.69,6.0,11.690000000000001,194.83333333333334
2026-05-15,272,3,294.82,100.0,194.82,194.82
2026-07-10,509,6,11.79,4.0,7.789999999999999,194.74999999999997
2025-11-28,507,1,8.83,3.0,5.83,194.33333333333334
2026-07-04,283,1,726.87,247.0,479.87,194.27935222672065
2026-07-23,483,1,508.83,173.0,335.83,194.12138728323697
2026-05-05,281,5,5.88,2.0,3.88,194.0
2026-04-25,273,7,2.94,1.0,1.94,194.0
2025-08-15,319,4,114.65,39.0,75.65,193.974358974359
2025-09-28,477,0,352.75,120.0,232.75,193.95833333333334
2025-09-28,477,1,352.74,120.0,232.74,193.95
2025-11-06,280,7,88.15,30.0,58.150000000000006,193.83333333333334
2026-01-26,374,2,44.04,15.0,29.04,193.6
2025-10-29,423,0,425.6,145.0,280.6,193.51724137931038
2026-03-11,509,6,5.87,2.0,3.87,193.5
2026-03-04,386,3,23.48,8.0,15.48,193.5
2025-09-16,328,1,363.68,124.0,239.68,193.29032258064515
2026-06-29,509,4,29.32,10.0,19.32,193.2
2025-10-29,423,1,424.91,145.0,279.91,193.04137931034484
2026-02-06,373,1,5.85,2.0,3.8499999999999996,192.49999999999997
2026-01-29,410,1,20.46,7.0,13.46,192.2857142857143
2026-06-12,277,2,2.92,1.0,1.92,192.0
2025-09-22,315,3,2.92,1.0,1.92,192.0
2025-10-25,315,3,2.92,1.0,1.92,192.0
2026-02-12,372,3,113.82,39.0,74.82,191.8461538461538
2026-05-25,282,3,37.93,13.0,24.93,191.76923076923075
2025-08-16,419,3,58.34,20.0,38.34,191.70000000000002
2025-11-29,363,1,43.73,15.0,28.729999999999997,191.5333333333333
2025-09-15,282,2,43.72,15.0,28.72,191.46666666666664
2025-09-06,459,0,279.79,96.0,183.79000000000002,191.44791666666669
2026-02-27,509,1,8.74,3.0,5.74,191.33333333333334
2025-11-07,459,1,26.21,9.0,17.21,191.22222222222223
2025-08-15,419,4,145.51,50.0,95.50999999999999,191.01999999999998
2025-10-12,396,4,2.91,1.0,1.9100000000000001,191.0
2025-10-26,398,1,235.65,81.0,154.65,190.92592592592595
2026-05-28,372,3,465.35,160.0,305.35,190.84375000000003
2026-01-27,427,2,63.94,22.0,41.94,190.63636363636363
2026-05-11,336,2,43.58,15.0,28.58,190.53333333333333
2026-03-07,509,5,113.29,39.0,74.29,190.4871794871795
2025-09-06,421,0,551.79,190.0,361.78999999999996,190.41578947368419
2026-06-01,384,3,29.04,10.0,19.04,190.39999999999998
2026-02-18,480,4,20.31,7.0,13.309999999999999,190.1428571428571
2025-09-06,421,1,327.85,113.0,214.85000000000002,190.1327433628319
2025-12-16,319,4,8.7,3.0,5.699999999999999,189.99999999999997
2026-03-17,448,2,8.69,3.0,5.6899999999999995,189.66666666666666
2025-10-22,473,0,550.12,190.0,360.12,189.53684210526316
2026-03-27,404,1,5.79,2.0,3.79,189.5
2025-12-26,427,2,162.11,56.0,106.11000000000001,189.4821428571429
2025-08-14,482,2,40.52,14.0,26.520000000000003,189.42857142857144
2026-06-07,362,2,2.89,1.0,1.8900000000000001,189.0
2025-09-23,409,2,2.89,1.0,1.8900000000000001,189.0
2025-09-27,319,1,43.3,15.0,28.299999999999997,188.66666666666666
2025-12-17,339,3,167.35,58.0,109.35,188.53448275862067
2026-07-02,534,3,25.96,9.0,16.96,188.44444444444446
2026-03-15,339,3,69.19,24.0,45.19,188.29166666666666
2026-06-04,472,2,296.91,103.0,193.91000000000003,188.26213592233012
2026-01-17,463,2,539.04,187.0,352.03999999999996,188.25668449197858
2026-07-03,509,3,23.06,8.0,15.059999999999999,188.24999999999997
2026-01-01,315,3,14.41,5.0,9.41,188.20000000000002
2026-03-08,512,1,656.88,228.0,428.88,188.10526315789474
2026-04-14,374,2,14.39,5.0,9.39,187.8
2026-05-19,516,5,8.63,3.0,5.630000000000001,187.66666666666669
2026-04-18,404,1,8.63,3.0,5.630000000000001,187.66666666666669
2025-10-12,485,2,117.88,41.0,76.88,187.5121951219512
2026-04-07,513,1,11.5,4.0,7.5,187.5
2026-04-03,479,2,11.5,4.0,7.5,187.5
2025-10-02,404,1,34.48,12.0,22.479999999999997,187.33333333333331
2026-01-28,348,0,1232.36,429.0,803.3599999999999,187.26340326340326
2025-10-19,404,1,11.49,4.0,7.49,187.25
2025-09-08,337,1,54.57,19.0,35.57,187.21052631578948
2026-07-02,419,3,14.36,5.0,9.36,187.2
2025-08-04,414,0,201.04,70.0,131.04,187.2
2026-05-22,336,7,28.7,10.0,18.7,187.0
2025-09-30,374,3,14.34,5.0,9.34,186.79999999999998
2026-04-20,505,3,20.07,7.0,13.07,186.71428571428572
2026-06-08,374,3,17.2,6.0,11.2,186.66666666666666
2026-03-03,444,0,412.78,144.0,268.78,186.65277777777774
2026-02-17,405,2,5.73,2.0,3.7300000000000004,186.50000000000003
2026-07-20,405,2,17.19,6.0,11.190000000000001,186.50000000000003
2026-01-28,348,5,406.57,142.0,264.57,186.3169014084507
2025-10-22,473,1,543.44,190.0,353.44000000000005,186.02105263157898
2026-06-05,348,7,2.86,1.0,1.8599999999999999,186.0
2026-05-11,405,2,11.44,4.0,7.4399999999999995,186.0
2026-06-01,277,2,2.86,1.0,1.8599999999999999,186.0
2025-08-04,414,1,200.18,70.0,130.18,185.9714285714286
2025-10-16,384,2,54.3,19.0,35.3,185.7894736842105
2026-04-27,479,2,11.43,4.0,7.43,185.75
2026-01-05,363,1,185.51,65.0,120.50999999999999,185.39999999999998
2025-10-08,317,4,290.78,102.0,188.77999999999997,185.078431372549
2025-09-25,409,2,2.85,1.0,1.85,185.0
2025-09-17,277,2,2.85,1.0,1.85,185.0
2026-03-04,417,0,287.82,101.0,186.82,184.97029702970295
2026-07-03,521,0,22.79,8.0,14.79,184.875
2026-04-09,516,1,19.93,7.0,12.93,184.71428571428572
2026-06-02,334,2,8.54,3.0,5.539999999999999,184.66666666666666
2025-10-29,480,2,11.38,4.0,7.380000000000001,184.50000000000003
2026-07-08,536,0,5.69,2.0,3.6900000000000004,184.50000000000003
2025-09-01,323,0,144.95,51.0,93.94999999999999,184.21568627450978
2025-10-30,404,1,2.84,1.0,1.8399999999999999,184.0
2026-01-16,479,2,8.52,3.0,5.52,184.0
2026-02-24,405,2,8.51,3.0,5.51,183.66666666666666
2026-07-06,537,0,45.37,16.0,29.369999999999997,183.56249999999997
2026-03-30,405,2,11.34,4.0,7.34,183.5
2025-12-25,410,0,167.2,59.0,108.19999999999999,183.38983050847455
2026-06-25,532,1,82.13,29.0,53.129999999999995,183.20689655172413
2026-05-30,362,1,42.46,15.0,27.46,183.06666666666666
2025-09-01,323,1,144.35,51.0,93.35,183.0392156862745
2025-08-10,336,7,39.62,14.0,25.619999999999997,182.99999999999997
2025-08-09,301,3,752.31,266.0,486.30999999999995,182.82330827067668
2026-05-22,482,2,16.96,6.0,10.96,182.66666666666669
2026-06-06,348,7,5.65,2.0,3.6500000000000004,182.50000000000003
2025-12-25,463,1,788.12,279.0,509.12,182.48028673835125
2026-02-12,418,2,107.32,38.0,69.32,182.42105263157893
2026-03-04,336,3,84.71,30.0,54.709999999999994,182.36666666666665
2026-05-26,404,1,8.47,3.0,5.470000000000001,182.33333333333334
2026-05-04,357,4,45.13,16.0,29.130000000000003,182.06250000000003
2026-03-16,400,3,25.37,9.0,16.37,181.8888888888889
2025-08-16,477,0,349.53,124.0,225.52999999999997,181.8790322580645
2025-08-26,405,1,64.83,23.0,41.83,181.8695652173913
2025-08-16,477,1,349.47,124.0,225.47000000000003,181.83064516129036
2025-12-01,291,4,115.55,41.0,74.55,181.8292682926829
2026-05-17,334,2,28.18,10.0,18.18,181.8
2025-12-25,410,1,166.1,59.0,107.1,181.52542372881356
2026-05-29,303,1,45.04,16.0,29.04,181.5
2026-05-31,340,2,174.51,62.0,112.50999999999999,181.46774193548384
2026-07-12,535,1,16.88,6.0,10.879999999999999,181.33333333333331
2025-11-08,485,2,84.38,30.0,54.379999999999995,181.26666666666665
2025-09-19,337,1,53.42,19.0,34.42,181.1578947368421
2026-04-07,301,1,424.47,151.0,273.47,181.1059602649007
2025-11-17,315,3,5.62,2.0,3.62,181.0
2026-05-11,405,1,22.48,8.0,14.48,181.0
2026-06-29,334,2,25.28,9.0,16.28,180.88888888888889
2025-10-20,332,3,247.17,88.0,159.17,180.875
2026-05-01,334,2,19.66,7.0,12.66,180.85714285714286
2026-07-23,454,0,732.66,261.0,471.65999999999997,180.7126436781609
2025-09-15,405,1,42.06,15.0,27.060000000000002,180.4
2026-05-11,513,1,8.41,3.0,5.41,180.33333333333334
2026-07-10,283,1,655.83,234.0,421.83000000000004,180.26923076923077
2025-07-26,273,0,78.43,28.0,50.43000000000001,180.1071428571429
2026-06-14,419,4,139.99,50.0,89.99000000000001,179.98000000000002
2026-02-09,319,4,11.19,4.0,7.1899999999999995,179.75
2026-02-04,494,0,131.4,47.0,84.4,179.5744680851064
2025-08-20,447,0,150.92,54.0,96.91999999999999,179.48148148148147
2025-08-20,447,1,150.68,54.0,96.68,179.03703703703704
2025-09-16,442,2,5.58,2.0,3.58,179.0
2025-10-30,383,1,19.52,7.0,12.52,178.85714285714286
2026-04-29,297,2,47.36,17.0,30.36,178.58823529411765
2025-10-20,455,0,317.43,114.0,203.43,178.44736842105263
2026-05-14,424,0,16.7,6.0,10.7,178.33333333333331
2026-07-23,362,0,155.83,56.0,99.83000000000001,178.26785714285717
2026-03-19,339,3,22.25,8.0,14.25,178.125
2026-05-05,522,0,30.59,11.0,19.59,178.0909090909091
2025-12-25,430,1,419.83,151.0,268.83,178.03311258278146
2025-10-16,277,2,5.56,2.0,3.5599999999999996,177.99999999999997
2025-10-13,501,1,183.45,66.0,117.44999999999999,177.95454545454544
2025-10-20,274,2,41.66,15.0,26.659999999999997,177.73333333333332
2025-10-20,366,0,3117.96,1123.0,1994.96,177.64559216384683
2025-09-06,315,3,5.55,2.0,3.55,177.5
2026-03-07,509,6,11.1,4.0,7.1,177.5
2025-10-20,455,1,316.23,114.0,202.23000000000002,177.39473684210526
2025-07-28,282,4,113.72,41.0,72.72,177.3658536585366
2025-12-25,430,0,418.79,151.0,267.79,177.34437086092717
2025-10-14,334,2,19.41,7.0,12.41,177.28571428571428
2026-05-27,516,8,16.62,6.0,10.620000000000001,177.00000000000003
2026-01-17,383,1,19.39,7.0,12.39,177.0
2026-06-11,277,2,2.77,1.0,1.77,177.0
2026-06-10,516,5,13.85,5.0,8.85,177.0
2025-10-20,418,0,337.87,122.0,215.87,176.9426229508197
2026-02-02,282,5,116.3,42.0,74.3,176.9047619047619
2026-03-11,509,0,406.52,147.0,259.52,176.54421768707482
2025-08-29,336,7,49.77,18.0,31.770000000000003,176.5
2026-04-06,509,3,13.82,5.0,8.82,176.4
2026-04-15,516,12,13.82,5.0,8.82,176.4
2025-07-24,371,2,11.05,4.0,7.050000000000001,176.25000000000003
2026-07-23,454,1,720.43,261.0,459.42999999999995,176.02681992337165
2026-07-04,277,2,2.76,1.0,1.7599999999999998,175.99999999999997
2025-10-02,297,2,240.1,87.0,153.1,175.97701149425288
2026-07-06,537,1,44.14,16.0,28.14,175.875
2025-08-03,494,0,264.77,96.0,168.76999999999998,175.80208333333331
2025-10-20,355,1,35.85,13.0,22.85,175.7692307692308
2025-10-01,319,4,8.27,3.0,5.27,175.66666666666666
2026-07-23,449,0,132.3,48.0,84.30000000000001,175.62500000000003
2026-05-12,383,1,13.78,5.0,8.78,175.59999999999997
2026-02-21,289,2,19.29,7.0,12.29,175.57142857142856
2026-06-09,516,12,16.53,6.0,10.530000000000001,175.5
2025-08-20,319,1,30.3,11.0,19.3,175.45454545454547
2026-06-22,448,2,19.28,7.0,12.280000000000001,175.42857142857144
2026-07-23,449,1,132.19,48.0,84.19,175.39583333333331
2026-04-27,509,6,8.26,3.0,5.26,175.33333333333331
2025-10-30,459,1,24.77,9.0,15.77,175.2222222222222
2025-12-25,479,2,30.27,11.0,19.27,175.18181818181816
2026-02-26,398,2,19.26,7.0,12.260000000000002,175.14285714285717
2025-08-18,412,0,54.99,20.0,34.99,174.95000000000002
2025-10-20,315,1,414.77,151.0,263.77,174.682119205298
2025-11-09,444,1,453.14,165.0,288.14,174.63030303030303
2026-04-13,282,5,115.31,42.0,73.31,174.54761904761907
2026-07-08,501,2,52.15,19.0,33.15,174.4736842105263
2026-07-23,339,3,13.72,5.0,8.72,174.40000000000003
2025-11-20,336,2,21.95,8.0,13.95,174.375
2025-12-23,507,2,109.73,40.0,69.73,174.32500000000002
2026-02-26,409,2,2.74,1.0,1.7400000000000002,174.00000000000003
2025-09-15,396,4,2.74,1.0,1.7400000000000002,174.00000000000003
2025-12-18,482,2,16.44,6.0,10.440000000000001,174.00000000000003
2025-10-02,334,2,38.36,14.0,24.36,174.0
2026-06-29,389,0,312.32,114.0,198.32,173.96491228070175
2026-01-18,345,2,317.7,116.0,201.7,173.8793103448276
2026-07-03,521,1,21.88,8.0,13.879999999999999,173.5
2025-10-19,315,3,8.2,3.0,5.199999999999999,173.33333333333331
2026-06-29,389,1,311.53,114.0,197.52999999999997,173.2719298245614
2026-07-03,398,1,10.93,4.0,6.93,173.25
2025-08-03,494,2,262.28,96.0,166.27999999999997,173.2083333333333
2026-03-09,488,0,150.26,55.0,95.25999999999999,173.2
2025-10-26,475,2,237.59,87.0,150.59,173.09195402298852
2025-08-15,398,2,128.33,47.0,81.33000000000001,173.0425531914894
2026-04-15,448,2,10.92,4.0,6.92,173.0
2026-02-12,494,1,73.71,27.0,46.709999999999994,172.99999999999997
2026-05-12,509,3,13.63,5.0,8.63,172.60000000000002
2026-01-27,418,2,152.63,56.0,96.63,172.55357142857142
2026-06-28,334,2,29.98,11.0,18.98,172.54545454545456
2025-10-09,419,4,57.23,21.0,36.23,172.5238095238095
2025-11-27,319,4,5.45,2.0,3.45,172.5
2026-06-29,509,3,24.51,9.0,15.510000000000002,172.33333333333337
2026-07-07,391,1,275.0,101.0,174.0,172.27722772277227
2025-12-08,355,3,108.82,40.0,68.82,172.04999999999998
2026-03-03,374,3,5.44,2.0,3.4400000000000004,172.00000000000003
2026-02-27,319,4,8.16,3.0,5.16,172.0
2025-12-21,348,7,8.16,3.0,5.16,172.0
2026-02-12,418,0,152.28,56.0,96.28,171.92857142857144
2026-03-03,479,1,105.94,39.0,66.94,171.64102564102564
2026-03-31,348,7,5.43,2.0,3.4299999999999997,171.5
2026-01-28,364,1,209.0,77.0,132.0,171.42857142857142
2026-02-17,340,4,27.13,10.0,17.13,171.29999999999998
2025-10-20,280,4,1272.12,469.0,803.1199999999999,171.24093816631128
2026-03-29,319,4,16.27,6.0,10.27,171.16666666666666
2026-07-08,472,2,84.05,31.0,53.05,171.1290322580645
2026-03-07,404,1,5.42,2.0,3.42,171.0
2026-05-29,319,4,10.84,4.0,6.84,171.0
2025-08-21,289,5,65.02,24.0,41.019999999999996,170.91666666666666
2026-03-05,320,6,132.74,49.0,83.74000000000001,170.8979591836735
2026-06-28,520,7,40.6,15.0,25.6,170.66666666666669
2026-06-08,509,4,16.24,6.0,10.239999999999998,170.66666666666663
2026-01-27,330,3,200.2,74.0,126.19999999999999,170.54054054054052
2026-05-14,424,1,16.23,6.0,10.23,170.5
2026-06-30,348,7,5.41,2.0,3.41,170.5
2025-10-27,390,0,473.18,175.0,298.18,170.38857142857142
2025-10-20,418,2,248.65,92.0,156.65,170.27173913043478
2025-08-18,412,1,54.04,20.0,34.04,170.2
2026-02-26,348,7,2.7,1.0,1.7000000000000002,170.00000000000003
2026-05-15,331,5,45.88,17.0,28.880000000000003,169.8823529411765
2026-03-08,295,0,609.9,226.0,383.9,169.86725663716814
2026-01-17,463,1,504.46,187.0,317.46,169.76470588235293
2026-06-25,319,4,10.79,4.0,6.789999999999999,169.74999999999997
2025-12-16,339,4,180.66,67.0,113.66,169.6417910447761
2025-10-20,366,2,1132.03,420.0,712.03,169.53095238095239
2026-05-30,481,2,110.5,41.0,69.5,169.5121951219512
2026-06-05,374,2,10.78,4.0,6.779999999999999,169.49999999999997
2026-05-05,522,1,29.64,11.0,18.64,169.45454545454547
2025-08-14,374,3,35.02,13.0,22.020000000000003,169.3846153846154
2025-12-30,485,2,53.87,20.0,33.87,169.34999999999997
2025-08-15,362,1,126.55,47.0,79.55,169.25531914893617
2026-03-07,509,1,10.77,4.0,6.77,169.25
2026-07-15,361,4,10.77,4.0,6.77,169.25
2025-10-08,336,2,26.92,10.0,16.92,169.20000000000002
2025-09-10,280,1,53.83,20.0,33.83,169.15
2026-03-08,295,1,608.21,226.0,382.21000000000004,169.1194690265487
2025-11-08,409,2,5.38,2.0,3.38,169.0
2026-03-25,404,1,2.69,1.0,1.69,169.0
2025-08-27,374,2,2.69,1.0,1.69,169.0
2025-08-09,357,5,137.1,51.0,86.1,168.8235294117647
2025-09-23,289,2,29.57,11.0,18.57,168.8181818181818
2026-04-10,383,1,13.44,5.0,8.44,168.79999999999998
2026-04-10,516,9,24.19,9.0,15.190000000000001,168.77777777777777
2026-06-04,509,3,10.75,4.0,6.75,168.75
2025-12-22,442,2,24.17,9.0,15.170000000000002,168.55555555555557
2025-10-20,366,3,724.56,270.0,454.55999999999995,168.35555555555553
2025-11-05,384,1,34.87,13.0,21.869999999999997,168.2307692307692
2025-08-06,398,1,198.44,74.0,124.44,168.16216216216216
2026-07-06,509,4,21.45,8.0,13.45,168.125
2025-10-04,282,4,147.41,55.0,92.41,168.01818181818183
2026-06-11,334,3,5.36,2.0,3.3600000000000003,168.00000000000003
2025-10-28,277,2,2.68,1.0,1.6800000000000002,168.00000000000003
2025-11-07,404,1,2.68,1.0,1.6800000000000002,168.00000000000003
2025-11-17,374,3,8.04,3.0,5.039999999999999,167.99999999999997
2026-05-16,422,1,217.01,81.0,136.01,167.91358024691357
2026-06-01,372,4,227.7,85.0,142.7,167.88235294117646
2026-07-04,328,2,431.26,161.0,270.26,167.86335403726707
2026-03-01,319,4,13.39,5.0,8.39,167.8
2025-08-25,441,0,281.14,105.0,176.14,167.75238095238095
2025-11-06,380,1,155.26,58.0,97.25999999999999,167.68965517241378
2025-10-20,293,1,1367.69,511.0,856.69,167.64970645792565
2026-03-03,479,0,112.29,42.0,70.29,167.35714285714286
2026-05-13,472,1,197.84,74.0,123.84,167.35135135135135
2026-05-16,422,0,216.53,81.0,135.53,167.320987654321
2026-03-04,461,0,82.81,31.0,51.81,167.1290322580645
2025-11-10,405,2,10.68,4.0,6.68,167.0
2026-04-09,409,2,2.67,1.0,1.67,167.0
2025-11-23,348,7,2.67,1.0,1.67,167.0
2025-09-19,291,2,85.42,32.0,53.42,166.9375
2026-03-08,512,0,867.53,325.0,542.53,166.9323076923077
2026-04-20,482,2,21.35,8.0,13.350000000000001,166.87500000000003
2025-10-11,319,4,13.34,5.0,8.34,166.79999999999998
2026-06-10,386,1,282.77,106.0,176.76999999999998,166.7641509433962
2026-07-04,534,1,8.0,3.0,5.0,166.66666666666669
2025-10-20,355,5,146.66,55.0,91.66,166.65454545454546
2026-01-27,494,1,162.65,61.0,101.65,166.63934426229508
2025-10-21,373,5,402.55,151.0,251.55,166.58940397350995
2025-08-17,371,2,18.66,7.0,11.66,166.57142857142858
2026-03-16,516,8,15.99,6.0,9.99,166.5
2025-09-10,405,0,61.27,23.0,38.27,166.3913043478261
2025-12-23,507,3,146.49,55.0,91.49000000000001,166.34545454545454
2026-03-10,383,1,10.65,4.0,6.65,166.25
2026-03-14,509,4,18.63,7.0,11.629999999999999,166.14285714285714
2025-10-27,335,1,175.61,66.0,109.61000000000001,166.0757575757576
2026-03-04,461,1,82.47,31.0,51.47,166.03225806451613
2025-10-21,348,1,372.25,140.0,232.25,165.89285714285717
2026-03-30,479,2,10.63,4.0,6.630000000000001,165.75000000000003
2025-10-06,396,3,159.41,60.0,99.41,165.68333333333334
2026-03-04,279,2,66.41,25.0,41.41,165.64
2026-04-02,327,4,79.68,30.0,49.68000000000001,165.60000000000002
2026-04-22,513,1,5.31,2.0,3.3099999999999996,165.49999999999997
2026-02-12,372,2,361.06,136.0,225.06,165.48529411764704
2026-03-24,509,3,7.96,3.0,4.96,165.33333333333334
2025-12-28,439,0,1142.17,431.0,711.1700000000001,165.0046403712297
2025-09-09,296,2,2.65,1.0,1.65,165.0
2026-05-18,516,5,15.9,6.0,9.9,165.0
2026-03-30,374,2,13.25,5.0,8.25,165.0
2025-10-20,471,0,339.06,128.0,211.06,164.890625
2026-06-01,383,1,21.19,8.0,13.190000000000001,164.87500000000003
2026-01-02,382,2,312.35,118.0,194.35000000000002,164.70338983050848
2026-03-20,372,3,351.72,133.0,218.72000000000003,164.4511278195489
2026-04-11,334,2,18.51,7.0,11.510000000000002,164.42857142857144
2026-04-09,334,2,13.22,5.0,8.22,164.4
2025-11-06,403,4,145.39,55.0,90.38999999999999,164.34545454545452
2026-06-06,339,5,155.83,59.0,96.83000000000001,164.11864406779665
2026-06-01,481,2,84.5,32.0,52.5,164.0625
2026-07-08,291,2,2.64,1.0,1.6400000000000001,164.0
2025-07-30,296,2,2.64,1.0,1.6400000000000001,164.0
2026-03-14,339,1,514.77,195.0,319.77,163.98461538461538
2025-08-05,475,2,31.66,12.0,19.66,163.83333333333334
2025-10-20,471,1,337.5,128.0,209.5,163.671875
2025-08-26,458,0,287.37,109.0,178.37,163.6422018348624
2025-10-06,279,2,58.0,22.0,36.0,163.63636363636365
2025-08-26,458,1,287.09,109.0,178.08999999999997,163.38532110091742
2025-10-13,480,2,21.07,8.0,13.07,163.375
2026-07-02,289,4,28.97,11.0,17.97,163.36363636363635
2026-07-21,334,3,10.53,4.0,6.529999999999999,163.24999999999997
2026-03-25,516,7,34.22,13.0,21.22,163.23076923076923
2026-03-07,509,4,15.79,6.0,9.79,163.16666666666666
2025-11-10,463,2,236.85,90.0,146.85,163.16666666666666
2026-05-01,405,2,18.42,7.0,11.420000000000002,163.14285714285717
2026-02-02,361,1,44.73,17.0,27.729999999999997,163.1176470588235
2026-03-23,413,2,197.26,75.0,122.25999999999999,163.01333333333332
2025-08-28,288,5,107.81,41.0,66.81,162.95121951219514
2025-10-20,280,0,3580.22,1362.0,2218.22,162.86490455212922
2026-03-04,419,4,15.77,6.0,9.77,162.83333333333331
2026-03-09,488,1,144.5,55.0,89.5,162.72727272727272
2026-03-18,374,2,7.88,3.0,4.88,162.66666666666666
2026-05-04,309,3,588.33,224.0,364.33000000000004,162.64732142857144
2026-02-09,405,2,10.5,4.0,6.5,162.5
2026-07-23,289,1,76.11,29.0,47.11,162.44827586206895
2026-01-22,327,3,118.1,45.0,73.1,162.44444444444443
2026-02-09,319,5,70.86,27.0,43.86,162.44444444444443
2025-10-27,390,1,459.02,175.0,284.02,162.29714285714286
2026-07-16,509,4,28.85,11.0,17.85,162.27272727272728
2025-10-20,315,0,679.16,259.0,420.15999999999997,162.2239382239382
2026-04-01,519,0,309.32,118.0,191.32,162.13559322033896
2025-10-29,386,3,26.21,10.0,16.21,162.1
2025-08-28,291,6,96.94,37.0,59.94,162.0
2025-11-06,494,1,165.05,63.0,102.05000000000001,161.98412698412702
2026-02-02,319,8,159.79,61.0,98.78999999999999,161.95081967213113
2025-09-23,456,0,104.73,40.0,64.73,161.82500000000002
2025-11-26,363,1,41.89,16.0,25.89,161.8125
2026-01-05,308,4,201.59,77.0,124.59,161.80519480519482
2026-02-05,338,2,52.36,20.0,32.36,161.79999999999998
2026-05-04,297,0,227.62,87.0,140.62,161.632183908046
2025-11-06,332,7,156.82,60.0,96.82,161.36666666666665
2025-09-20,481,2,167.25,64.0,103.25,161.328125
2025-09-22,463,2,227.31,87.0,140.31,161.27586206896552
2026-04-01,519,1,308.25,118.0,190.25,161.22881355932205
2025-08-13,319,4,15.67,6.0,9.67,161.16666666666666
2026-02-03,459,1,13.05,5.0,8.05,161.0
2026-01-01,348,1,975.23,374.0,601.23,160.75668449197863
2025-12-23,507,0,662.13,254.0,408.13,160.6811023622047
2025-07-27,296,2,7.82,3.0,4.82,160.66666666666666
2025-07-28,448,2,28.67,11.0,17.67,160.63636363636365
2026-01-01,289,4,49.52,19.0,30.520000000000003,160.63157894736844
2026-05-26,433,0,239.77,92.0,147.77,160.6195652173913
2026-05-29,419,2,39.08,15.0,24.08,160.53333333333333
2026-03-04,351,4,216.14,83.0,133.14,160.40963855421685
2026-03-17,281,5,7.81,3.0,4.81,160.33333333333331
2026-01-27,465,0,190.0,73.0,117.0,160.27397260273972
2026-05-26,433,1,239.37,92.0,147.37,160.18478260869566
2025-09-23,456,1,104.07,40.0,64.07,160.17499999999998
2026-04-02,513,0,463.11,178.0,285.11,160.17415730337078
2026-03-04,366,3,421.3,162.0,259.3,160.06172839506175
2025-12-21,396,4,7.8,3.0,4.8,160.0
2026-06-17,448,2,13.0,5.0,8.0,160.0
2025-09-01,282,2,39.0,15.0,24.0,160.0
2026-04-26,277,2,2.6,1.0,1.6,160.0
2025-10-23,460,0,595.13,229.0,366.13,159.882096069869
2026-01-17,463,0,971.78,374.0,597.78,159.83422459893046
2026-01-24,363,1,77.94,30.0,47.94,159.79999999999998
2025-10-31,282,3,36.34,14.0,22.340000000000003,159.57142857142858
2026-03-26,516,9,20.76,8.0,12.760000000000002,159.50000000000003
2026-02-09,448,2,10.38,4.0,6.380000000000001,159.50000000000003
2025-09-27,442,2,7.78,3.0,4.78,159.33333333333334
2025-12-25,392,2,318.93,123.0,195.93,159.2926829268293
2026-05-11,319,4,10.37,4.0,6.369999999999999,159.24999999999997
2026-05-22,424,0,12.96,5.0,7.960000000000001,159.20000000000002
2025-11-19,324,3,557.2,215.0,342.20000000000005,159.16279069767444
2025-10-20,405,1,77.73,30.0,47.730000000000004,159.10000000000002
2026-04-05,374,2,18.13,7.0,11.129999999999999,159.0
2026-05-21,509,4,20.72,8.0,12.719999999999999,159.0
2026-07-18,280,6,292.39,113.0,179.39,158.7522123893805
2026-06-30,404,1,10.35,4.0,6.35,158.75
2025-08-25,480,2,18.11,7.0,11.11,158.7142857142857
2026-05-29,309,2,680.2,263.0,417.20000000000005,158.63117870722436
2026-01-07,485,2,41.37,16.0,25.369999999999997,158.56249999999997
2025-10-12,277,2,5.17,2.0,3.17,158.5
2025-08-01,315,3,7.75,3.0,4.75,158.33333333333331
2025-12-12,319,4,7.75,3.0,4.75,158.33333333333331
2025-12-25,392,0,1043.49,404.0,639.49,158.28960396039605
2025-09-22,370,3,289.19,112.0,177.19,158.20535714285714
2025-11-06,383,2,43.88,17.0,26.880000000000003,158.11764705882354
2026-05-04,297,1,172.93,67.0,105.93,158.1044776119403
2025-09-05,348,7,2.58,1.0,1.58,158.0
2026-07-03,475,1,239.83,93.0,146.83,157.88172043010752
2026-01-13,319,7,12.89,5.0,7.890000000000001,157.8
2026-04-02,516,5,12.89,5.0,7.890000000000001,157.8
2026-03-22,281,5,10.31,4.0,6.3100000000000005,157.75
2025-11-01,289,4,28.35,11.0,17.35,157.72727272727275
2025-10-03,403,5,46.39,18.0,28.39,157.72222222222223
2025-09-25,288,6,7.73,3.0,4.73,157.66666666666669
2025-11-24,505,3,56.67,22.0,34.67,157.5909090909091
2026-05-23,501,2,404.38,157.0,247.38,157.56687898089172
2026-01-27,465,1,188.01,73.0,115.00999999999999,157.54794520547944
2025-08-28,303,2,33.48,13.0,20.479999999999997,157.53846153846152
2026-06-25,532,0,136.49,53.0,83.49000000000001,157.52830188679246
2026-03-29,336,7,61.77,24.0,37.77,157.37500000000003
2026-05-10,272,0,5429.99,2110.0,3319.99,157.34549763033175
2026-03-26,459,1,7.72,3.0,4.72,157.33333333333331
2026-03-26,509,3,10.29,4.0,6.289999999999999,157.24999999999997
2026-07-14,412,0,74.59,29.0,45.59,157.20689655172416
2025-12-05,507,1,12.86,5.0,7.859999999999999,157.2
2026-05-21,334,3,133.73,52.0,81.72999999999999,157.1730769230769
2026-07-23,392,4,331.72,129.0,202.72000000000003,157.14728682170545
2026-04-15,361,4,71.99,28.0,43.989999999999995,157.10714285714283
2025-12-28,439,1,1107.68,431.0,676.6800000000001,157.00232018561485
2026-04-17,509,6,7.71,3.0,4.71,157.0
2025-10-06,315,3,2.57,1.0,1.5699999999999998,156.99999999999997
2025-08-27,315,3,2.57,1.0,1.5699999999999998,156.99999999999997
2025-08-25,441,1,269.81,105.0,164.81,156.96190476190478
2026-06-05,374,3,10.27,4.0,6.27,156.75
2026-05-22,424,1,12.83,5.0,7.83,156.6
2026-02-02,320,3,156.43,61.0,95.43,156.44262295081967
2026-04-20,355,1,25.64,10.0,15.64,156.4
2025-12-30,505,3,28.2,11.0,17.2,156.36363636363635
2026-07-23,319,4,7.69,3.0,4.69,156.33333333333334
2025-12-05,334,2,17.94,7.0,10.940000000000001,156.2857142857143
2025-10-23,433,0,402.27,157.0,245.26999999999998,156.22292993630572
2026-07-13,516,12,20.49,8.0,12.489999999999998,156.12499999999997
2026-07-22,291,2,53.77,21.0,32.77,156.04761904761907
2025-12-10,465,0,166.42,65.0,101.41999999999999,156.0307692307692
2025-10-23,460,1,586.27,229.0,357.27,156.0131004366812
2025-11-19,348,7,2.56,1.0,1.56,156.0
2025-08-01,362,2,2.56,1.0,1.56,156.0
2026-04-13,336,2,51.14,20.0,31.14,155.7
2026-07-08,536,1,5.11,2.0,3.1100000000000003,155.50000000000003
2026-06-12,513,1,15.33,6.0,9.33,155.5
2026-02-02,319,2,135.38,53.0,82.38,155.43396226415095
2026-03-10,482,2,20.43,8.0,12.43,155.375
2025-10-21,303,2,38.3,15.0,23.299999999999997,155.33333333333331
2026-06-24,272,4,51.06,20.0,31.060000000000002,155.3
2026-07-14,412,1,74.01,29.0,45.010000000000005,155.20689655172416
2026-03-08,311,1,436.38,171.0,265.38,155.19298245614036
2025-12-10,465,1,165.87,65.0,100.87,155.1846153846154
2025-08-03,330,2,976.88,383.0,593.88,155.06005221932116
2026-05-15,424,0,12.75,5.0,7.75,155.0
2025-10-15,319,4,7.65,3.0,4.65,155.0
2026-04-08,405,1,15.3,6.0,9.3,155.0
2026-07-23,303,1,28.04,11.0,17.04,154.9090909090909
2025-10-24,288,4,196.24,77.0,119.24000000000001,154.85714285714286
2025-09-01,374,3,22.93,9.0,13.93,154.77777777777777
2026-03-23,372,4,185.98,73.0,112.97999999999999,154.7671232876712
2026-04-29,294,2,247.1,97.0,150.1,154.74226804123708
2025-10-23,433,1,399.77,157.0,242.76999999999998,154.63057324840764
2026-07-13,283,1,453.14,178.0,275.14,154.57303370786516
2025-11-28,482,2,20.36,8.0,12.36,154.5
2026-04-20,273,6,5.09,2.0,3.09,154.5
2026-06-09,384,3,25.45,10.0,15.45,154.5
2026-05-15,424,1,12.72,5.0,7.720000000000001,154.4
2026-06-21,404,1,17.8,7.0,10.8,154.2857142857143
2026-02-02,319,9,170.28,67.0,103.28,154.1492537313433
2026-03-08,311,0,434.56,171.0,263.56,154.12865497076024
2026-04-06,516,9,25.41,10.0,15.41,154.1
2026-01-06,480,2,35.56,14.0,21.560000000000002,154.00000000000003
2026-03-30,459,1,7.62,3.0,4.62,154.0
2026-03-18,273,5,2.54,1.0,1.54,154.0
2026-04-01,374,2,7.62,3.0,4.62,154.0
2026-04-26,273,6,2.54,1.0,1.54,154.0
2026-03-15,277,2,2.54,1.0,1.54,154.0
2026-01-10,289,4,25.39,10.0,15.39,153.9
2026-04-06,405,0,27.92,11.0,16.92,153.81818181818184
2026-01-15,419,4,43.13,17.0,26.130000000000003,153.7058823529412
2025-10-27,331,5,71.02,28.0,43.019999999999996,153.64285714285714
2025-11-20,277,2,5.07,2.0,3.0700000000000003,153.5
2026-03-13,334,2,10.14,4.0,6.140000000000001,153.5
2026-02-02,455,1,306.66,121.0,185.66000000000003,153.43801652892563
2026-05-29,482,2,17.74,7.0,10.739999999999998,153.42857142857142
2026-01-12,338,2,103.87,41.0,62.870000000000005,153.34146341463415
2026-06-12,419,3,15.2,6.0,9.2,153.33333333333331
2026-07-22,339,3,15.2,6.0,9.2,153.33333333333331
2025-10-11,272,1,50.64,20.0,30.64,153.2
2025-10-23,439,0,513.88,203.0,310.88,153.14285714285714
2026-03-14,324,4,999.82,395.0,604.82,153.11898734177217
2026-04-29,294,1,212.52,84.0,128.52,153.0
2025-09-22,368,2,12.65,5.0,7.65,153.0
2026-06-15,405,2,15.18,6.0,9.18,153.0
2025-09-19,319,4,5.06,2.0,3.0599999999999996,152.99999999999997
2025-08-20,404,1,5.06,2.0,3.0599999999999996,152.99999999999997
2025-12-05,433,0,255.52,101.0,154.52,152.990099009901
2026-06-03,409,2,48.06,19.0,29.060000000000002,152.94736842105266
2026-05-01,509,6,22.76,9.0,13.760000000000002,152.88888888888889
2025-10-23,416,0,541.09,214.0,327.09000000000003,152.84579439252337
2026-07-07,535,2,12.64,5.0,7.640000000000001,152.8
2025-08-31,410,1,283.03,112.0,171.02999999999997,152.7053571428571
2026-07-20,334,2,17.68,7.0,10.68,152.57142857142856
2026-01-27,383,1,22.73,9.0,13.73,152.55555555555554
2025-12-19,277,2,5.05,2.0,3.05,152.5
2026-01-14,476,0,285.32,113.0,172.32,152.49557522123894
2025-09-06,469,1,146.44,58.0,88.44,152.48275862068965
2026-01-28,364,0,906.35,359.0,547.35,152.46518105849583
2025-11-19,482,2,17.67,7.0,10.670000000000002,152.42857142857144
2026-02-23,509,3,7.57,3.0,4.57,152.33333333333334
2026-07-19,280,6,350.53,139.0,211.52999999999997,152.1798561151079
2026-05-25,405,2,15.13,6.0,9.13,152.16666666666669
2025-11-23,404,1,5.04,2.0,3.04,152.0
2025-11-13,409,2,2.52,1.0,1.52,152.0
2025-09-17,319,4,5.04,2.0,3.04,152.0
2025-12-05,433,1,254.5,101.0,153.5,151.98019801980197
2026-03-04,336,0,531.64,211.0,320.64,151.96208530805686
2026-02-02,455,0,304.83,121.0,183.82999999999998,151.92561983471074
2026-07-10,526,3,10.07,4.0,6.07,151.75
2025-10-20,419,3,57.9,23.0,34.9,151.7391304347826
2025-08-23,498,1,156.05,62.0,94.05000000000001,151.6935483870968
2025-09-16,374,3,15.1,6.0,9.1,151.66666666666666
2026-06-15,334,2,12.58,5.0,7.58,151.6
2026-07-14,534,3,17.61,7.0,10.61,151.57142857142856
2025-08-28,320,8,115.7,46.0,69.7,151.52173913043478
2026-03-16,509,1,10.06,4.0,6.0600000000000005,151.5
2025-07-25,400,3,47.77,19.0,28.770000000000003,151.42105263157896
2025-11-06,374,3,12.57,5.0,7.57,151.4
2025-08-31,410,0,281.48,112.0,169.48000000000002,151.32142857142858
2025-10-23,439,1,510.17,203.0,307.17,151.3152709359606
2026-05-04,333,1,271.42,108.0,163.42000000000002,151.31481481481484
2025-10-01,282,4,165.82,66.0,99.82,151.24242424242422
2025-09-06,469,0,145.7,58.0,87.69999999999999,151.20689655172413
2026-01-05,463,0,622.98,248.0,374.98,151.20161290322582
2025-09-12,325,1,55.26,22.0,33.26,151.1818181818182
2026-05-22,386,2,42.69,17.0,25.689999999999998,151.1176470588235
2026-01-14,476,1,283.64,113.0,170.64,151.00884955752213
2026-01-19,383,1,12.55,5.0,7.550000000000001,151.00000000000003
2025-08-08,374,2,7.53,3.0,4.53,151.0
2025-09-25,396,4,2.51,1.0,1.5099999999999998,150.99999999999997
2025-11-17,319,7,22.58,9.0,13.579999999999998,150.88888888888889
2026-03-14,288,3,135.48,54.0,81.47999999999999,150.88888888888889
2026-04-07,334,2,10.03,4.0,6.029999999999999,150.74999999999997
2025-08-23,498,0,155.44,62.0,93.44,150.70967741935485
2026-03-09,281,5,7.52,3.0,4.52,150.66666666666666
2025-11-26,277,2,5.01,2.0,3.01,150.5
2025-09-13,374,3,32.56,13.0,19.560000000000002,150.46153846153848
2026-06-09,445,0,55.09,22.0,33.09,150.4090909090909
2026-07-23,283,0,355.56,142.0,213.56,150.3943661971831
2025-09-15,405,0,55.08,22.0,33.08,150.36363636363637
2025-10-02,396,3,495.62,198.0,297.62,150.31313131313132
2026-02-09,512,0,432.98,173.0,259.98,150.27745664739885
2025-10-23,416,1,535.53,214.0,321.53,150.24766355140187
2025-12-26,494,2,162.65,65.0,97.65,150.23076923076923
2025-10-08,481,2,87.57,35.0,52.56999999999999,150.2
2025-08-09,296,2,15.01,6.0,9.01,150.16666666666666
2026-05-04,282,4,77.54,31.0,46.540000000000006,150.12903225806454
2026-01-18,505,2,100.04,40.0,60.040000000000006,150.10000000000002
2025-10-10,318,3,50.01,20.0,30.009999999999998,150.04999999999998
2025-11-18,507,1,10.0,4.0,6.0,150.0
2026-06-04,509,6,7.5,3.0,4.5,150.0
2025-09-08,482,2,20.0,8.0,12.0,150.0
2026-03-21,277,2,2.5,1.0,1.5,150.0
2025-12-13,339,1,389.96,156.0,233.95999999999998,149.97435897435895
2025-08-01,319,7,22.49,9.0,13.489999999999998,149.88888888888886
2025-10-29,334,2,19.98,8.0,11.98,149.75
2026-04-23,409,2,49.92,20.0,29.92,149.6
2025-12-15,303,2,34.94,14.0,20.939999999999998,149.57142857142856
2025-08-29,404,1,4.99,2.0,2.99,149.5
2025-12-03,289,2,22.45,9.0,13.45,149.44444444444446
2025-11-21,319,7,22.45,9.0,13.45,149.44444444444446
2025-11-11,482,2,17.46,7.0,10.46,149.42857142857144
2025-09-05,451,0,259.37,104.0,155.37,149.39423076923077
2026-05-04,309,2,269.12,108.0,161.12,149.1851851851852
2025-10-20,336,0,572.79,230.0,342.78999999999996,149.03913043478258
2025-09-29,409,2,2.49,1.0,1.4900000000000002,149.00000000000003
2025-09-10,296,2,2.49,1.0,1.4900000000000002,149.00000000000003
2026-03-04,366,2,594.62,239.0,355.62,148.7949790794979
2026-04-17,334,2,9.95,4.0,5.949999999999999,148.74999999999997
2025-12-26,485,1,355.64,143.0,212.64,148.6993006993007
2025-10-14,315,3,4.97,2.0,2.9699999999999998,148.5
2026-02-21,392,3,221.05,89.0,132.05,148.37078651685394
2026-04-17,481,2,81.96,33.0,48.959999999999994,148.36363636363635
2026-05-29,404,1,7.45,3.0,4.45,148.33333333333334
2026-06-29,348,1,253.28,102.0,151.28,148.31372549019608
2026-06-09,445,1,54.61,22.0,32.61,148.22727272727272
2026-02-05,485,2,42.17,17.0,25.17,148.05882352941177
2026-01-15,282,5,108.98,44.0,64.98,147.6818181818182
2025-10-02,282,4,153.45,62.0,91.44999999999999,147.5
2025-09-05,451,1,257.26,104.0,153.26,147.36538461538458
2026-07-12,353,2,61.83,25.0,36.83,147.32
2025-10-23,291,6,128.52,52.0,76.52000000000001,147.15384615384616
2025-08-30,277,2,4.94,2.0,2.9400000000000004,147.00000000000003
2025-11-22,396,4,2.47,1.0,1.4700000000000002,147.00000000000003
2026-03-04,338,2,56.78,23.0,33.78,146.8695652173913
2025-10-04,396,2,871.4,353.0,518.4,146.8555240793201
2026-04-17,509,4,14.81,6.0,8.81,146.83333333333334
2026-07-07,526,1,14.81,6.0,8.81,146.83333333333334
2026-03-11,509,4,14.81,6.0,8.81,146.83333333333334
2026-01-29,289,4,12.34,5.0,7.34,146.8
2025-12-10,353,0,29.6,12.0,17.6,146.66666666666669
2025-12-19,320,9,59.2,24.0,35.2,146.66666666666669
2025-12-09,386,2,36.99,15.0,21.990000000000002,146.60000000000002
2026-02-02,289,5,101.09,41.0,60.09,146.56097560975613
2025-08-18,331,3,224.33,91.0,133.33,146.51648351648353
2026-07-07,320,7,130.63,53.0,77.63,146.47169811320754
2026-01-10,301,2,581.67,236.0,345.66999999999996,146.47033898305085
2026-01-04,352,2,891.93,362.0,529.93,146.38950276243094
2025-12-09,319,4,7.39,3.0,4.39,146.33333333333331
2026-01-17,424,1,152.7,62.0,90.69999999999999,146.29032258064512
2026-03-17,419,4,29.55,12.0,17.55,146.25
2025-10-22,447,0,585.98,238.0,347.98,146.21008403361347
2026-05-07,292,4,164.92,67.0,97.91999999999999,146.14925373134326
2025-08-28,475,2,34.46,14.0,20.46,146.14285714285714
2025-09-24,319,1,31.99,13.0,18.99,146.07692307692307
2026-05-13,396,3,7.38,3.0,4.38,146.0
2026-03-23,514,0,683.64,278.0,405.64,145.91366906474818
2025-10-20,458,0,322.01,131.0,191.01,145.8091603053435
2025-11-04,337,3,22.12,9.0,13.120000000000001,145.77777777777777
2025-10-10,337,1,54.07,22.0,32.07,145.77272727272728
2026-03-17,374,3,9.83,4.0,5.83,145.75
2026-07-10,535,1,9.83,4.0,5.83,145.75
2025-12-15,334,2,7.37,3.0,4.37,145.66666666666669
2026-02-13,373,1,7.37,3.0,4.37,145.66666666666669
2026-07-22,525,1,41.76,17.0,24.759999999999998,145.6470588235294
2025-08-28,291,4,105.61,43.0,62.61,145.60465116279067
2025-12-18,277,2,4.91,2.0,2.91,145.5
2026-03-16,479,2,9.82,4.0,5.82,145.5
2025-10-22,447,1,584.11,238.0,346.11,145.42436974789916
2025-11-19,324,2,385.02,157.0,228.01999999999998,145.23566878980893
2025-10-04,396,0,1255.53,512.0,743.53,145.220703125
2025-10-31,282,2,41.68,17.0,24.68,145.17647058823528
2026-02-07,510,3,370.16,151.0,219.16000000000003,145.13907284768212
2025-08-31,419,1,2.45,1.0,1.4500000000000002,145.00000000000003
2026-07-11,520,5,4.9,2.0,2.9000000000000004,145.00000000000003
2025-10-07,297,2,75.94,31.0,44.94,144.96774193548387
2026-03-18,482,1,63.64,26.0,37.64,144.76923076923077
2026-02-09,320,6,127.26,52.0,75.26,144.73076923076923
2026-05-17,281,5,17.13,7.0,10.129999999999999,144.7142857142857
2026-01-17,424,0,151.72,62.0,89.72,144.70967741935482
2026-05-28,334,2,14.68,6.0,8.68,144.66666666666666
2026-02-20,419,4,26.91,11.0,15.91,144.63636363636363
2026-06-04,509,1,12.23,5.0,7.23,144.60000000000002
2026-04-28,383,1,12.23,5.0,7.23,144.60000000000002
2026-05-12,463,2,256.8,105.0,151.8,144.57142857142858
2025-10-22,388,7,200.5,82.0,118.5,144.5121951219512
2026-05-25,374,2,14.67,6.0,8.67,144.5
2026-01-27,509,4,31.76,13.0,18.76,144.30769230769232
2025-10-04,396,3,388.43,159.0,229.43,144.29559748427673
2025-09-08,374,2,9.77,4.0,5.77,144.25
2026-06-09,516,9,26.86,11.0,15.86,144.18181818181816
2026-03-29,519,0,53.72,22.0,31.72,144.18181818181816
2026-02-09,480,3,285.63,117.0,168.63,144.1282051282051
2025-10-06,336,4,70.76,29.0,41.760000000000005,144.00000000000003
2026-07-03,348,7,2.44,1.0,1.44,144.0
2026-03-13,348,7,2.44,1.0,1.44,144.0
2026-06-18,526,2,4.88,2.0,2.88,144.0
2026-01-07,374,2,4.88,2.0,2.88,144.0
2025-08-21,319,1,17.08,7.0,10.079999999999998,143.99999999999997
2026-02-17,505,3,34.16,14.0,20.159999999999997,143.99999999999997
2025-10-20,295,0,485.52,199.0,286.52,143.97989949748742
2025-10-20,458,1,319.5,131.0,188.5,143.89312977099235
2026-01-22,398,2,21.95,9.0,12.95,143.88888888888889
2025-09-05,481,2,182.91,75.0,107.91,143.88
2026-03-27,320,8,172.98,71.0,101.97999999999999,143.63380281690138
2025-10-20,295,1,484.79,199.0,285.79,143.61306532663318
2025-08-16,334,2,56.02,23.0,33.02,143.56521739130437
2026-05-12,521,0,26.79,11.0,15.79,143.54545454545453
2025-10-05,348,7,4.87,2.0,2.87,143.5
2025-10-28,406,0,55.98,23.0,32.98,143.39130434782606
2025-12-07,386,3,43.81,18.0,25.810000000000002,143.38888888888889
2025-12-09,339,1,309.08,127.0,182.07999999999998,143.37007874015745
2026-05-25,405,1,21.9,9.0,12.899999999999999,143.33333333333331
2025-09-08,412,0,48.65,20.0,28.65,143.25
2026-05-12,334,2,9.73,4.0,5.73,143.25
2026-03-04,351,3,90.0,37.0,53.0,143.24324324324326
2026-02-02,301,2,145.93,60.0,85.93,143.21666666666667
2026-02-04,494,2,48.64,20.0,28.64,143.2
2025-10-12,348,7,4.86,2.0,2.8600000000000003,143.00000000000003
2026-03-20,409,2,2.43,1.0,1.4300000000000002,143.00000000000003
2026-06-08,334,2,9.72,4.0,5.720000000000001,143.00000000000003
2026-02-02,336,2,87.48,36.0,51.480000000000004,143.00000000000003
2025-10-23,291,4,131.17,54.0,77.16999999999999,142.9074074074074
2026-01-27,435,0,218.61,90.0,128.61,142.9
2025-10-20,334,0,774.65,319.0,455.65,142.83699059561127
2026-06-27,509,1,55.85,23.0,32.85,142.82608695652175
2026-07-12,534,4,12.14,5.0,7.140000000000001,142.8
2026-07-19,273,3,50.97,21.0,29.97,142.7142857142857
2026-02-02,510,4,497.47,205.0,292.47,142.66829268292685
2026-07-07,374,2,7.28,3.0,4.28,142.66666666666669
2026-01-27,435,1,218.3,90.0,128.3,142.55555555555557
2026-03-10,516,5,9.7,4.0,5.699999999999999,142.49999999999997
2025-10-06,480,5,237.62,98.0,139.62,142.46938775510205
2026-05-01,383,1,21.82,9.0,12.82,142.44444444444443
2026-05-29,384,3,41.21,17.0,24.21,142.41176470588235
2025-09-25,459,1,31.51,13.0,18.51,142.3846153846154
2025-09-10,355,1,36.35,15.0,21.35,142.33333333333334
2025-08-13,405,2,24.23,10.0,14.23,142.3
2025-08-20,410,0,77.48,32.0,45.480000000000004,142.125
2026-03-23,374,3,9.68,4.0,5.68,142.0
2026-07-12,396,3,4.84,2.0,2.84,142.0
2025-08-08,277,2,4.84,2.0,2.84,142.0
2026-04-06,334,2,14.52,6.0,8.52,142.0
2025-10-20,332,1,251.62,104.0,147.62,141.94230769230768
2026-02-13,462,0,220.13,91.0,129.13,141.9010989010989
2025-10-20,280,2,387.0,160.0,227.0,141.875
2026-05-04,304,3,379.74,157.0,222.74,141.87261146496817
2026-07-11,405,2,38.68,16.0,22.68,141.75
2025-08-16,482,0,290.07,120.0,170.07,141.725
2025-10-20,419,0,190.96,79.0,111.96000000000001,141.72151898734177
2026-02-13,462,1,219.96,91.0,128.96,141.71428571428572
2026-04-01,516,1,38.67,16.0,22.67,141.6875
2026-04-15,419,4,24.16,10.0,14.16,141.6
2025-08-16,493,1,584.35,242.0,342.35,141.46694214876035
2026-05-04,297,2,48.29,20.0,28.29,141.45
2026-07-23,283,1,277.64,115.0,162.64,141.42608695652171
2025-07-28,282,5,111.05,46.0,65.05,141.41304347826087
2025-12-09,334,2,12.07,5.0,7.07,141.4
2026-07-15,384,1,31.38,13.0,18.38,141.3846153846154
2025-09-08,412,1,48.27,20.0,28.270000000000003,141.35000000000002
2025-10-22,486,0,448.89,186.0,262.89,141.33870967741936
2025-10-26,334,3,316.03,131.0,185.02999999999997,141.2442748091603
2025-10-28,406,2,55.48,23.0,32.48,141.2173913043478
2025-08-12,319,4,12.06,5.0,7.0600000000000005,141.20000000000002
2026-06-18,319,4,12.06,5.0,7.0600000000000005,141.20000000000002
2026-07-23,274,3,69.94,29.0,40.94,141.17241379310343
2025-07-29,486,0,118.15,49.0,69.15,141.12244897959187
2026-04-10,516,12,12.05,5.0,7.050000000000001,141.0
2025-11-14,277,2,4.82,2.0,2.8200000000000003,141.0
2025-10-20,353,3,351.79,146.0,205.79000000000002,140.95205479452056
2025-08-20,410,1,77.1,32.0,45.099999999999994,140.93749999999997
2025-08-16,493,0,583.02,242.0,341.02,140.9173553719008
2026-05-04,304,0,1202.15,499.0,703.1500000000001,140.9118236472946
2025-12-28,348,4,86.69,36.0,50.69,140.80555555555554
2026-06-24,419,4,40.93,17.0,23.93,140.76470588235296
2026-05-31,509,3,16.85,7.0,9.850000000000001,140.71428571428572
2025-09-26,384,3,28.86,12.0,16.86,140.5
2026-03-23,514,1,668.56,278.0,390.55999999999995,140.4892086330935
2026-02-15,410,1,96.15,40.0,56.150000000000006,140.375
2025-10-20,485,1,281.19,117.0,164.19,140.33333333333334
2025-07-29,486,1,117.75,49.0,68.75,140.3061224489796
2026-05-11,282,3,24.03,10.0,14.030000000000001,140.3
2025-10-27,317,4,187.42,78.0,109.41999999999999,140.28205128205127
2026-03-29,519,1,52.81,22.0,30.810000000000002,140.04545454545456
2026-03-04,417,2,129.61,54.0,75.61000000000001,140.01851851851853
2025-10-05,409,2,4.8,2.0,2.8,140.0
2026-02-21,409,2,2.4,1.0,1.4,140.0
2026-04-03,277,2,4.8,2.0,2.8,140.0
2026-06-18,353,2,7.2,3.0,4.2,140.0
2026-03-14,516,5,16.8,7.0,9.8,140.0
2026-04-16,383,1,9.6,4.0,5.6,140.0
2026-02-02,320,6,153.59,64.0,89.59,139.984375
2026-06-08,338,2,115.19,48.0,67.19,139.97916666666666
2025-08-25,282,4,103.13,43.0,60.129999999999995,139.83720930232556
2025-08-28,341,2,354.87,148.0,206.87,139.77702702702703
2026-02-02,338,2,119.87,50.0,69.87,139.74
2026-06-08,509,1,14.38,6.0,8.38,139.66666666666669
2026-06-04,384,2,47.93,20.0,27.93,139.65
2026-03-16,516,5,11.98,5.0,6.98,139.60000000000002
2026-03-05,320,3,218.03,91.0,127.03,139.5934065934066
2025-09-27,363,2,704.39,294.0,410.39,139.58843537414964
2026-07-23,474,0,172.44,72.0,100.44,139.5
2025-12-25,392,3,378.36,158.0,220.36,139.46835443037975
2025-10-02,422,0,706.35,295.0,411.35,139.4406779661017
2026-03-04,516,11,33.52,14.0,19.520000000000003,139.42857142857144
2026-06-22,479,2,16.76,7.0,9.760000000000002,139.42857142857144
2026-02-02,319,7,31.12,13.0,18.12,139.3846153846154
2026-07-23,336,2,33.51,14.0,19.509999999999998,139.35714285714283
2025-10-30,474,0,157.93,66.0,91.93,139.2878787878788
2025-12-31,374,3,16.75,7.0,9.75,139.28571428571428
2025-10-27,419,2,28.7,12.0,16.7,139.16666666666666
2025-08-11,303,2,33.48,14.0,19.479999999999997,139.1428571428571
2026-07-23,474,1,172.13,72.0,100.13,139.06944444444446
2026-03-05,320,4,222.31,93.0,129.31,139.04301075268816
2025-08-30,319,7,28.68,12.0,16.68,139.0
2025-12-18,396,4,2.39,1.0,1.3900000000000001,139.0
2025-12-16,348,7,2.39,1.0,1.3900000000000001,139.0
2025-12-14,374,2,19.12,8.0,11.120000000000001,139.0
2026-07-23,392,0,996.32,417.0,579.32,138.92565947242207
2025-10-30,474,1,157.59,66.0,91.59,138.77272727272728
2025-10-02,288,4,167.05,70.0,97.05000000000001,138.64285714285717
2026-05-12,521,1,26.25,11.0,15.25,138.63636363636365
2026-06-26,374,2,16.7,7.0,9.7,138.57142857142856
2025-10-20,442,1,338.73,142.0,196.73000000000002,138.54225352112678
2025-08-28,324,1,209.86,88.0,121.86000000000001,138.47727272727275
2026-01-17,509,4,178.85,75.0,103.85,138.46666666666664
2026-02-21,281,5,28.61,12.0,16.61,138.41666666666666
2026-04-18,516,11,61.97,26.0,35.97,138.34615384615384
2025-08-27,279,2,47.66,20.0,27.659999999999997,138.29999999999998
2025-10-22,486,1,443.17,186.0,257.17,138.26344086021507
2025-08-10,334,2,173.93,73.0,100.93,138.26027397260273
2026-03-08,334,3,335.93,141.0,194.93,138.24822695035462
2026-04-29,294,4,421.57,177.0,244.57,138.17514124293785
2025-12-22,336,2,26.19,11.0,15.190000000000001,138.09090909090912
2026-05-05,361,1,28.57,12.0,16.57,138.08333333333334
2026-03-20,334,2,7.14,3.0,4.14,138.0
2026-07-03,391,2,302.15,127.0,175.14999999999998,137.91338582677164
2026-02-07,510,4,673.26,283.0,390.26,137.90106007067138
2026-07-19,374,3,21.41,9.0,12.41,137.88888888888889
2026-03-16,390,2,252.14,106.0,146.14,137.86792452830187
2026-04-17,459,0,211.67,89.0,122.66999999999999,137.83146067415728
2026-05-04,357,0,772.65,325.0,447.65,137.7384615384615
2026-06-25,357,3,247.21,104.0,143.21,137.7019230769231
2025-10-20,380,2,454.01,191.0,263.01,137.70157068062827
2025-12-25,451,0,406.45,171.0,235.45,137.69005847953215
2025-12-25,451,1,406.29,171.0,235.29000000000002,137.5964912280702
2025-10-31,318,3,42.76,18.0,24.759999999999998,137.55555555555554
2026-04-08,273,3,28.5,12.0,16.5,137.5
2026-04-07,509,4,11.87,5.0,6.869999999999999,137.39999999999998
2025-10-20,355,3,410.54,173.0,237.54000000000002,137.3063583815029
2025-12-28,505,2,363.05,153.0,210.05,137.28758169934642
2026-04-06,406,0,59.3,25.0,34.3,137.2
2026-07-06,272,4,23.71,10.0,13.71,137.1
2026-02-23,327,4,113.76,48.0,65.76,137.0
2025-09-25,319,4,7.11,3.0,4.11,137.0
2026-05-27,277,2,2.37,1.0,1.37,137.0
2025-09-25,348,7,4.74,2.0,2.74,137.0
2026-02-26,509,3,9.48,4.0,5.48,137.0
2026-03-04,366,0,1590.08,671.0,919.0799999999999,136.97168405365124
2026-01-18,388,6,196.65,83.0,113.65,136.9277108433735
2026-02-15,410,0,94.77,40.0,54.769999999999996,136.92499999999998
2025-09-01,272,2,68.7,29.0,39.7,136.89655172413794
2026-04-09,374,2,11.84,5.0,6.84,136.79999999999998
2026-07-08,472,0,187.04,79.0,108.03999999999999,136.75949367088606
2026-01-25,409,2,7.1,3.0,4.1,136.66666666666666
2025-12-08,405,2,9.46,4.0,5.460000000000001,136.50000000000003
2025-10-06,327,4,210.44,89.0,121.44,136.4494382022472
2026-03-04,351,2,439.76,186.0,253.76,136.43010752688173
2026-07-13,516,4,108.7,46.0,62.7,136.30434782608697
2026-04-30,334,2,11.81,5.0,6.8100000000000005,136.20000000000002
2026-01-27,494,0,212.55,90.0,122.55000000000001,136.16666666666669
2026-03-04,332,5,144.06,61.0,83.06,136.1639344262295
2026-03-11,459,1,4.72,2.0,2.7199999999999998,136.0
2026-06-11,374,2,11.8,5.0,6.800000000000001,136.0
2026-05-25,319,4,9.44,4.0,5.4399999999999995,136.0
2026-05-04,309,0,1526.5,647.0,879.5,135.93508500772796
2025-08-16,325,1,337.33,143.0,194.32999999999998,135.89510489510488
2025-12-05,332,7,117.94,50.0,67.94,135.88
2025-08-23,391,2,308.91,131.0,177.91000000000003,135.80916030534354
2026-04-10,479,2,11.79,5.0,6.789999999999999,135.79999999999998
2025-10-02,422,1,695.41,295.0,400.40999999999997,135.7322033898305
2025-12-22,319,4,16.5,7.0,9.5,135.71428571428572
2026-05-04,294,4,464.28,197.0,267.28,135.6751269035533
2025-10-23,319,4,11.78,5.0,6.779999999999999,135.6
2026-06-16,319,4,11.78,5.0,6.779999999999999,135.6
2026-07-06,320,3,115.44,49.0,66.44,135.59183673469389
2026-07-20,357,4,261.45,111.0,150.45,135.54054054054052
2025-10-25,348,7,4.71,2.0,2.71,135.5
2026-02-02,463,1,244.91,104.0,140.91,135.4903846153846
2025-10-23,341,1,447.34,190.0,257.34,135.44210526315788
2025-10-06,336,3,193.01,82.0,111.00999999999999,135.3780487804878
2025-12-08,374,2,7.06,3.0,4.06,135.33333333333331
2026-02-11,319,4,7.06,3.0,4.06,135.33333333333331
2026-03-02,509,4,11.76,5.0,6.76,135.2
2025-09-21,347,3,324.55,138.0,186.55,135.18115942028984
2025-10-20,332,0,1370.96,583.0,787.96,135.15608919382504
2025-10-27,480,5,181.06,77.0,104.06,135.14285714285714
2026-04-07,419,4,21.16,9.0,12.16,135.11111111111111
2026-03-23,410,0,51.71,22.0,29.71,135.04545454545456
2026-06-01,481,0,230.28,98.0,132.28,134.9795918367347
2026-04-15,481,2,86.93,37.0,49.93000000000001,134.94594594594597
2025-10-10,419,3,37.58,16.0,21.58,134.875
2026-01-05,317,2,166.76,71.0,95.75999999999999,134.8732394366197
2026-05-21,509,3,14.09,6.0,8.09,134.83333333333334
2025-08-14,337,3,46.94,20.0,26.939999999999998,134.7
2026-02-12,372,4,107.96,46.0,61.959999999999994,134.69565217391303
2026-05-20,340,2,72.74,31.0,41.739999999999995,134.64516129032256
2025-11-06,410,0,82.12,35.0,47.120000000000005,134.62857142857143
2026-07-06,364,3,577.13,246.0,331.13,134.60569105691056
2025-08-19,319,3,51.6,22.0,29.6,134.54545454545453
2025-08-16,482,1,206.4,88.0,118.4,134.54545454545453
2026-07-15,404,1,4.69,2.0,2.6900000000000004,134.50000000000003
2026-06-11,320,4,131.27,56.0,75.27000000000001,134.4107142857143
2026-03-04,516,1,25.78,11.0,14.780000000000001,134.36363636363637
2025-10-22,337,0,16.4,7.0,9.399999999999999,134.28571428571428
2025-12-15,482,2,16.4,7.0,9.399999999999999,134.28571428571428
2026-04-29,333,1,257.7,110.0,147.7,134.27272727272725
2025-11-06,410,1,81.95,35.0,46.95,134.14285714285714
2026-01-27,336,3,189.56,81.0,108.56,134.02469135802468
2026-07-02,273,6,2.34,1.0,1.3399999999999999,134.0
2025-12-30,503,1,269.04,115.0,154.04000000000002,133.94782608695655
2025-08-18,331,2,474.84,203.0,271.84,133.91133004926107
2025-12-26,336,6,336.83,144.0,192.82999999999998,133.90972222222223
2025-12-23,374,2,11.69,5.0,6.6899999999999995,133.79999999999998
2025-10-03,288,5,126.22,54.0,72.22,133.74074074074073
2026-07-05,283,2,16.36,7.0,9.36,133.7142857142857
2025-09-30,319,4,7.01,3.0,4.01,133.66666666666666
2025-12-26,336,4,228.98,98.0,130.98,133.6530612244898
2026-03-24,509,1,11.68,5.0,6.68,133.6
2026-03-04,459,0,140.13,60.0,80.13,133.54999999999998
2026-07-17,280,6,312.9,134.0,178.89999999999998,133.50746268656715
2026-01-01,348,7,4.67,2.0,2.67,133.5
2026-06-30,526,2,7.0,3.0,4.0,133.33333333333331
2025-10-12,442,2,21.0,9.0,12.0,133.33333333333331
2026-03-24,448,2,9.33,4.0,5.33,133.25
2026-01-27,448,2,27.99,12.0,15.989999999999998,133.24999999999997
2025-08-09,290,3,202.9,87.0,115.9,133.2183908045977
2025-10-11,272,0,46.64,20.0,26.64,133.20000000000002
2026-07-12,281,5,144.47,62.0,82.47,133.01612903225805
2026-04-02,274,5,46.6,20.0,26.6,133.0
2025-09-28,396,4,4.66,2.0,2.66,133.0
2025-11-03,337,1,2.33,1.0,1.33,133.0
2026-01-01,374,3,9.31,4.0,5.3100000000000005,132.75
2026-07-14,419,3,18.62,8.0,10.620000000000001,132.75
2025-11-01,448,2,37.23,16.0,21.229999999999997,132.68749999999997
2026-07-02,526,1,13.96,6.0,7.960000000000001,132.66666666666669
2026-02-12,336,4,53.51,23.0,30.509999999999998,132.65217391304347
2025-10-13,374,2,18.61,8.0,10.61,132.625
2026-06-18,334,2,11.63,5.0,6.630000000000001,132.6
2025-12-23,479,2,11.63,5.0,6.630000000000001,132.6
2025-10-25,501,1,172.07,74.0,98.07,132.527027027027
2025-10-05,442,2,4.65,2.0,2.6500000000000004,132.50000000000003
2026-02-17,405,0,20.92,9.0,11.920000000000002,132.44444444444446
2025-09-23,289,4,20.91,9.0,11.91,132.33333333333331
2026-02-10,281,5,13.94,6.0,7.9399999999999995,132.33333333333331
2025-11-22,505,3,53.43,23.0,30.43,132.30434782608697
2026-04-13,405,1,25.55,11.0,14.55,132.27272727272728
2026-04-20,289,1,60.39,26.0,34.39,132.26923076923077
2025-09-05,481,0,506.03,218.0,288.03,132.12385321100916
2026-07-12,362,1,25.52,11.0,14.52,132.0
2025-12-22,405,2,13.92,6.0,7.92,132.0
2026-04-29,520,5,2.32,1.0,1.3199999999999998,131.99999999999997
2026-01-30,480,4,34.8,15.0,19.799999999999997,131.99999999999997
2025-12-02,315,3,2.32,1.0,1.3199999999999998,131.99999999999997
2025-08-26,466,0,125.21,54.0,71.21,131.87037037037035
2026-03-04,459,2,136.76,59.0,77.75999999999999,131.79661016949152
2026-02-02,383,1,13.9,6.0,7.9,131.66666666666666
2026-04-13,509,3,13.89,6.0,7.890000000000001,131.50000000000003
2026-05-25,448,2,18.51,8.0,10.510000000000002,131.37500000000003
2026-05-13,297,2,55.53,24.0,31.53,131.375
2025-11-12,374,2,6.94,3.0,3.9400000000000004,131.33333333333334
2026-02-02,319,5,104.1,45.0,59.099999999999994,131.33333333333331
2026-02-09,510,3,247.49,107.0,140.49,131.29906542056077
2026-07-03,449,0,323.75,140.0,183.75,131.25
2025-08-26,466,1,124.87,54.0,70.87,131.24074074074073
2026-03-23,410,1,50.87,22.0,28.869999999999997,131.22727272727272
2026-02-04,509,4,11.56,5.0,6.5600000000000005,131.20000000000002
2026-07-23,280,6,184.86,80.0,104.86000000000001,131.07500000000002
2025-12-26,485,0,469.08,203.0,266.08,131.07389162561574
2026-05-05,303,2,34.66,15.0,19.659999999999997,131.06666666666663
2025-07-28,374,2,4.62,2.0,2.62,131.0
2026-03-22,348,7,2.31,1.0,1.31,131.0
2026-01-11,277,2,2.31,1.0,1.31,131.0
2026-04-07,509,1,13.86,6.0,7.859999999999999,130.99999999999997
2026-04-06,419,4,34.64,15.0,19.64,130.93333333333334
2025-08-18,301,1,362.44,157.0,205.44,130.8535031847134
2026-07-03,272,4,25.39,11.0,14.39,130.81818181818184
2026-03-13,319,4,9.23,4.0,5.23,130.75
2025-10-03,482,1,103.83,45.0,58.83,130.73333333333332
2026-04-06,406,2,57.67,25.0,32.67,130.68
2026-03-12,336,4,69.2,30.0,39.2,130.66666666666669
2026-02-09,480,6,73.8,32.0,41.8,130.625
2025-08-21,384,3,11.53,5.0,6.529999999999999,130.6
2026-01-27,327,2,225.96,98.0,127.96000000000001,130.57142857142858
2026-02-20,503,1,82.97,36.0,46.97,130.4722222222222
2025-08-14,486,0,211.93,92.0,119.93,130.35869565217394
2026-05-27,334,2,6.91,3.0,3.91,130.33333333333334
2026-02-12,418,1,41.46,18.0,23.46,130.33333333333334
2026-07-03,449,1,322.25,140.0,182.25,130.17857142857144
2026-07-14,337,0,2565.77,1115.0,1450.77,130.11390134529148
2025-10-22,401,0,671.86,292.0,379.86,130.08904109589042
2025-08-22,334,2,52.92,23.0,29.92,130.08695652173913
2026-03-23,386,2,32.21,14.0,18.21,130.07142857142858
2026-06-24,398,1,16.1,7.0,9.100000000000001,130.00000000000003
2025-11-30,459,1,13.8,6.0,7.800000000000001,130.0
2026-06-21,396,3,2.3,1.0,1.2999999999999998,129.99999999999997
2025-12-20,386,3,48.3,21.0,27.299999999999997,129.99999999999997
2026-05-22,348,7,2.3,1.0,1.2999999999999998,129.99999999999997
2025-09-16,374,2,4.6,2.0,2.5999999999999996,129.99999999999997
2026-02-02,289,1,160.96,70.0,90.96000000000001,129.94285714285715
2025-08-13,334,2,41.37,18.0,23.369999999999997,129.83333333333331
2025-11-06,280,4,1268.6,552.0,716.5999999999999,129.81884057971013
2026-01-07,505,3,20.68,9.0,11.68,129.77777777777777
2025-10-02,297,0,808.7,352.0,456.70000000000005,129.7443181818182
2026-03-04,336,1,71.21,31.0,40.209999999999994,129.70967741935482
2026-01-28,412,0,55.13,24.0,31.130000000000003,129.70833333333334
2025-11-10,470,0,484.53,211.0,273.53,129.63507109004738
2026-03-04,351,0,1535.77,669.0,866.77,129.56203288490283
2025-10-20,315,2,227.22,99.0,128.22,129.51515151515153
2026-07-04,419,2,64.25,28.0,36.25,129.46428571428572
2025-12-17,505,3,16.06,7.0,9.059999999999999,129.42857142857142
2025-10-20,274,0,704.09,307.0,397.09000000000003,129.34527687296418
2026-04-10,400,3,36.69,16.0,20.689999999999998,129.3125
2025-10-20,417,0,371.44,162.0,209.44,129.28395061728395
2025-10-27,468,1,165.08,72.0,93.08000000000001,129.2777777777778
2026-03-23,413,0,382.74,167.0,215.74,129.18562874251498
2025-08-20,477,0,13.75,6.0,7.75,129.16666666666669
2025-08-14,486,1,210.83,92.0,118.83000000000001,129.16304347826087
2026-06-25,357,4,75.62,33.0,42.620000000000005,129.15151515151518
2025-10-08,272,0,45.83,20.0,25.83,129.14999999999998
2026-03-08,348,4,139.78,61.0,78.78,129.14754098360658
2025-10-20,289,3,155.82,68.0,87.82,129.1470588235294
2025-08-15,410,0,286.38,125.0,161.38,129.10399999999998
2025-12-27,362,2,2.29,1.0,1.29,129.0
2025-08-10,396,4,2.29,1.0,1.29,129.0
2025-10-27,468,0,164.86,72.0,92.86000000000001,128.97222222222226
2025-10-23,291,1,380.04,166.0,214.04000000000002,128.93975903614458
2026-04-09,398,2,20.6,9.0,11.600000000000001,128.88888888888889
2026-06-14,351,1,681.74,298.0,383.74,128.7718120805369
2026-03-19,334,2,9.15,4.0,5.15,128.75
2026-02-26,442,2,18.3,8.0,10.3,128.75
2025-12-05,507,2,50.31,22.0,28.310000000000002,128.6818181818182
2025-09-26,274,2,34.3,15.0,19.299999999999997,128.66666666666663
2026-04-17,516,5,11.43,5.0,6.43,128.6
2026-07-11,520,4,4.57,2.0,2.5700000000000003,128.5
2026-04-17,459,2,203.25,89.0,114.25,128.37078651685394
2026-07-01,448,2,20.55,9.0,11.55,128.33333333333334
2025-08-15,410,1,285.36,125.0,160.36,128.288
2025-11-19,324,0,1125.41,493.0,632.4100000000001,128.27789046653146
2026-04-02,509,6,9.13,4.0,5.130000000000001,128.25000000000003
2026-01-20,482,1,45.64,20.0,25.64,128.2
2025-10-20,418,1,68.44,30.0,38.44,128.13333333333333
2026-01-05,389,0,260.05,114.0,146.05,128.11403508771932
2026-07-06,320,6,88.96,39.0,49.959999999999994,128.1025641025641
2025-08-15,274,7,120.87,53.0,67.87,128.05660377358492
2026-02-07,510,6,1320.44,579.0,741.44,128.0552677029361
2026-04-07,274,5,45.61,20.0,25.61,128.05
2025-12-07,339,0,1894.9,831.0,1063.9,128.02647412755718
2026-01-05,389,1,259.95,114.0,145.95,128.02631578947367
2026-03-12,419,2,15.96,7.0,8.96,128.0
2025-09-21,348,7,4.56,2.0,2.5599999999999996,127.99999999999999
2026-07-06,479,2,18.24,8.0,10.239999999999998,127.99999999999999
2025-11-11,409,2,2.28,1.0,1.2799999999999998,127.99999999999999
2026-05-04,333,0,587.96,258.0,329.96000000000004,127.89147286821706
2026-01-28,412,1,54.69,24.0,30.689999999999998,127.87499999999999
2025-11-24,388,3,52.41,23.0,29.409999999999997,127.86956521739128
2026-05-19,516,10,61.52,27.0,34.52,127.85185185185186
2026-03-04,325,0,539.96,237.0,302.96000000000004,127.83122362869199
2026-01-14,374,2,9.11,4.0,5.109999999999999,127.74999999999999
2026-02-05,281,5,109.27,48.0,61.269999999999996,127.64583333333333
2026-01-27,332,3,259.5,114.0,145.5,127.63157894736842
2025-09-01,442,2,29.59,13.0,16.59,127.61538461538461
2026-06-16,374,2,11.38,5.0,6.380000000000001,127.60000000000002
2026-04-29,442,2,11.38,5.0,6.380000000000001,127.60000000000002
2026-02-07,510,1,646.2,284.0,362.20000000000005,127.53521126760565
2026-03-30,507,4,295.78,130.0,165.77999999999997,127.5230769230769
2025-10-23,405,2,27.3,12.0,15.3,127.50000000000001
2025-08-22,448,2,9.1,4.0,5.1,127.49999999999999
2025-08-01,405,2,15.92,7.0,8.92,127.42857142857143
2026-01-19,388,2,68.22,30.0,38.22,127.4
2025-10-22,401,1,663.98,292.0,371.98,127.39041095890411
2025-10-19,272,1,25.01,11.0,14.010000000000002,127.36363636363637
2026-02-08,281,5,31.81,14.0,17.81,127.21428571428571
2025-10-27,383,1,27.26,12.0,15.260000000000002,127.16666666666667
2025-08-07,396,4,2.27,1.0,1.27,127.0
2025-09-08,319,4,2.27,1.0,1.27,127.0
2026-07-18,277,2,2.27,1.0,1.27,127.0
2026-06-09,520,5,2.27,1.0,1.27,127.0
2025-12-17,336,2,18.16,8.0,10.16,127.0
2025-10-30,419,4,52.21,23.0,29.21,127.0
2026-06-19,396,3,2.27,1.0,1.27,127.0
2026-02-11,277,2,2.27,1.0,1.27,127.0
2026-07-23,535,1,6.81,3.0,3.8099999999999996,126.99999999999999
2026-03-21,425,2,331.39,146.0,185.39,126.9794520547945
2025-08-28,483,1,415.3,183.0,232.3,126.93989071038251
2025-10-17,420,0,478.84,211.0,267.84,126.93838862559241
2026-04-20,319,9,97.51,43.0,54.510000000000005,126.76744186046514
2025-11-07,274,7,36.25,16.0,20.25,126.5625
2026-07-02,509,4,29.45,13.0,16.45,126.53846153846153
2026-01-27,485,1,217.47,96.0,121.47,126.53125
2025-10-20,442,0,339.75,150.0,189.75,126.49999999999999
2026-03-23,435,0,233.27,103.0,130.27,126.47572815533981
2026-07-23,392,3,251.38,111.0,140.38,126.46846846846846
2026-04-02,355,1,20.38,9.0,11.379999999999999,126.44444444444443
2026-06-05,525,1,47.55,21.0,26.549999999999997,126.42857142857142
2025-10-26,320,8,579.52,256.0,323.52,126.375
2026-01-27,388,5,190.14,84.0,106.13999999999999,126.35714285714283
2025-11-10,470,1,477.57,211.0,266.57,126.33649289099526
2026-06-13,520,5,6.79,3.0,3.79,126.33333333333334
2025-08-20,477,1,13.58,6.0,7.58,126.33333333333334
2025-10-24,477,0,587.86,260.0,327.86,126.10000000000001
2026-07-17,352,2,330.05,146.0,184.05,126.06164383561645
2025-10-22,404,1,11.3,5.0,6.300000000000001,126.00000000000003
2026-01-20,319,4,6.78,3.0,3.7800000000000002,126.0
2026-04-16,309,2,492.54,218.0,274.54,125.93577981651376
2025-09-19,384,3,36.14,16.0,20.14,125.875
2025-09-20,336,7,27.1,12.0,15.100000000000001,125.83333333333336
2025-10-25,482,2,38.39,17.0,21.39,125.82352941176471
2026-02-15,419,2,97.09,43.0,54.09,125.79069767441862
2026-05-04,294,2,221.27,98.0,123.27000000000001,125.7857142857143
2026-06-30,534,2,9.03,4.0,5.029999999999999,125.74999999999999
2026-07-06,516,5,22.57,10.0,12.57,125.70000000000002
2026-07-06,364,5,322.75,143.0,179.75,125.69930069930071
2026-02-11,383,0,36.11,16.0,20.11,125.6875
2025-11-08,449,1,428.76,190.0,238.76,125.66315789473683
2025-10-02,396,2,924.88,410.0,514.88,125.58048780487805
2026-03-19,472,2,211.99,94.0,117.99000000000001,125.52127659574468
2026-07-22,477,0,180.41,80.0,100.41,125.5125
2025-11-11,289,2,24.8,11.0,13.8,125.45454545454547
2025-09-07,451,1,229.9,102.0,127.9,125.3921568627451
2025-11-26,403,5,29.3,13.0,16.3,125.38461538461539
2025-08-22,474,0,130.72,58.0,72.72,125.37931034482759
2026-04-08,352,2,243.4,108.0,135.4,125.37037037037038
2025-08-28,292,3,117.18,52.0,65.18,125.34615384615387
2025-10-18,288,6,6.76,3.0,3.76,125.33333333333331
2025-09-07,451,0,229.81,102.0,127.81,125.30392156862746
2025-08-18,320,7,358.18,159.0,199.18,125.27044025157232
2025-09-01,337,1,85.59,38.0,47.59,125.23684210526315
2025-11-12,403,5,31.53,14.0,17.53,125.21428571428572
2025-08-16,494,1,243.23,108.0,135.23,125.21296296296296
2026-05-04,333,3,105.83,47.0,58.83,125.17021276595743
2025-10-26,391,1,711.3,316.0,395.29999999999995,125.09493670886074
2026-04-08,274,7,29.26,13.0,16.26,125.07692307692308
2026-05-25,501,2,148.53,66.0,82.53,125.04545454545455
2026-05-21,516,5,9.0,4.0,5.0,125.0
2026-02-02,282,3,65.25,29.0,36.25,125.0
2025-11-10,463,0,422.92,188.0,234.92000000000002,124.95744680851064
2026-07-22,477,1,179.94,80.0,99.94,124.925
2025-08-28,495,0,431.83,192.0,239.82999999999998,124.91145833333333
2025-08-28,483,0,411.47,183.0,228.47000000000003,124.84699453551914
2025-08-22,474,1,130.34,58.0,72.34,124.72413793103449
2025-08-28,495,1,431.4,192.0,239.39999999999998,124.6875
2025-08-13,419,1,13.48,6.0,7.48,124.66666666666669
2026-06-27,526,2,11.23,5.0,6.23,124.6
2025-09-20,481,0,323.41,144.0,179.41000000000003,124.5902777777778
2025-12-26,336,2,42.67,19.0,23.67,124.57894736842105
2026-07-23,392,2,269.48,120.0,149.48000000000002,124.56666666666669
2025-08-16,471,0,909.32,405.0,504.32000000000005,124.52345679012346
2026-01-12,505,2,87.56,39.0,48.56,124.51282051282051
2026-07-03,486,0,168.33,75.0,93.33000000000001,124.44000000000001
2026-02-09,289,2,31.42,14.0,17.42,124.42857142857144
2026-03-09,374,3,11.22,5.0,6.220000000000001,124.40000000000002
2025-09-13,374,2,11.22,5.0,6.220000000000001,124.40000000000002
2026-01-09,459,1,22.44,10.0,12.440000000000001,124.40000000000002
2025-08-16,471,1,908.64,405.0,503.64,124.35555555555555
2025-09-28,336,7,15.7,7.0,8.7,124.28571428571426
2025-12-30,348,2,33.64,15.0,18.64,124.26666666666668
2025-09-16,421,1,103.16,46.0,57.16,124.26086956521738
2026-07-07,320,3,67.27,30.0,37.269999999999996,124.23333333333333
2026-03-25,516,1,26.9,12.0,14.899999999999999,124.16666666666664
2025-10-20,293,0,1759.23,785.0,974.23,124.10573248407644
2026-04-02,509,2,103.08,46.0,57.08,124.08695652173914
2025-10-20,355,2,96.35,43.0,53.349999999999994,124.06976744186045
2025-10-20,334,1,629.58,281.0,348.58000000000004,124.04982206405694
2025-08-16,315,2,714.58,319.0,395.58000000000004,124.00626959247649
2025-10-15,404,1,4.48,2.0,2.4800000000000004,124.00000000000003
2026-04-29,374,2,6.72,3.0,3.7199999999999998,124.0
2026-01-02,388,6,134.36,60.0,74.36000000000001,123.93333333333337
2025-11-08,449,0,425.34,190.0,235.33999999999997,123.86315789473683
2026-04-19,334,2,11.19,5.0,6.1899999999999995,123.8
2026-03-16,315,2,87.27,39.0,48.269999999999996,123.76923076923076
2025-10-24,477,1,581.71,260.0,321.71000000000004,123.73461538461541
2026-03-10,403,5,24.61,11.0,13.61,123.72727272727273
2026-07-09,425,2,293.08,131.0,162.07999999999998,123.72519083969465
2026-05-27,440,0,337.81,151.0,186.81,123.71523178807948
2026-05-04,294,3,675.59,302.0,373.59000000000003,123.70529801324504
2025-11-06,383,0,60.4,27.0,33.4,123.7037037037037
2025-10-28,480,2,15.65,7.0,8.65,123.57142857142858
2026-01-18,424,1,160.97,72.0,88.97,123.56944444444444
2025-08-04,334,2,51.42,23.0,28.42,123.56521739130434
2025-10-17,420,1,471.62,211.0,260.62,123.51658767772513
2025-09-16,348,7,4.47,2.0,2.4699999999999998,123.49999999999999
2025-10-20,368,4,1577.48,706.0,871.48,123.43909348441926
2026-03-26,482,2,22.34,10.0,12.34,123.4
2026-01-18,424,0,160.84,72.0,88.84,123.3888888888889
2026-05-27,440,1,337.24,151.0,186.24,123.33774834437085
2026-01-27,480,6,138.42,62.0,76.41999999999999,123.25806451612902
2025-08-27,319,7,8.93,4.0,4.93,123.25
2026-05-04,302,0,750.02,336.0,414.02,123.2202380952381
2025-08-28,291,0,1361.59,610.0,751.5899999999999,123.21147540983605
2026-07-23,446,0,124.99,56.0,68.99,123.19642857142856
2025-10-22,462,0,910.51,408.0,502.51,123.16421568627452
2025-08-28,320,2,160.66,72.0,88.66,123.13888888888889
2025-10-12,501,1,522.08,234.0,288.08000000000004,123.11111111111113
2025-08-31,348,4,227.54,102.0,125.53999999999999,123.07843137254902
2025-10-20,417,1,211.91,95.0,116.91,123.06315789473683
2025-10-21,463,1,260.97,117.0,143.97000000000003,123.05128205128209
2025-12-18,409,2,4.46,2.0,2.46,123.0
2025-11-26,396,4,2.23,1.0,1.23,123.0
2026-07-23,446,1,124.88,56.0,68.88,123.0
2026-07-03,486,1,167.24,75.0,92.24000000000001,122.9866666666667
2025-09-14,451,1,136.02,61.0,75.02000000000001,122.98360655737706
2025-12-31,308,4,483.76,217.0,266.76,122.93087557603685
2025-08-14,334,2,49.04,22.0,27.04,122.9090909090909
2025-08-20,446,0,240.71,108.0,132.71,122.87962962962963
2025-12-13,442,2,31.2,14.0,17.2,122.85714285714285
2026-05-18,374,3,11.14,5.0,6.140000000000001,122.80000000000003
2025-08-28,358,1,343.03,154.0,189.02999999999997,122.74675324675324
2025-09-08,421,0,173.73,78.0,95.72999999999999,122.73076923076923
2026-07-22,419,4,24.5,11.0,13.5,122.72727272727273
2026-05-20,516,9,22.27,10.0,12.27,122.69999999999999
2025-08-28,388,3,93.53,42.0,51.53,122.69047619047619
2025-11-10,319,4,6.68,3.0,3.6799999999999997,122.66666666666666
2026-04-08,427,2,44.52,20.0,24.520000000000003,122.60000000000002
2025-08-20,446,1,240.33,108.0,132.33,122.52777777777779
2025-10-25,428,0,162.44,73.0,89.44,122.52054794520548
2026-03-17,279,1,57.83,26.0,31.83,122.42307692307692
2026-01-05,480,5,255.78,115.0,140.78,122.41739130434783
2026-06-25,357,2,160.11,72.0,88.11000000000001,122.37500000000001
2026-03-21,459,1,6.67,3.0,3.67,122.33333333333334
2026-06-27,361,4,46.69,21.0,25.689999999999998,122.33333333333331
2025-10-22,462,1,907.05,408.0,499.04999999999995,122.31617647058823
2025-08-08,398,2,44.46,20.0,24.46,122.30000000000001
2025-10-25,428,1,162.26,73.0,89.25999999999999,122.27397260273972
2026-04-16,333,1,455.65,205.0,250.64999999999998,122.26829268292683
2025-10-23,488,1,384.52,173.0,211.51999999999998,122.26589595375721
2026-05-04,294,0,1464.72,659.0,805.72,122.2640364188164
2025-10-27,388,7,124.45,56.0,68.45,122.23214285714286
2026-02-02,318,3,55.55,25.0,30.549999999999997,122.2
2025-09-05,481,1,317.73,143.0,174.73000000000002,122.1888111888112
2026-03-07,509,0,764.25,344.0,420.25,122.16569767441861
2026-03-03,444,1,191.05,86.0,105.05000000000001,122.15116279069768
2026-07-22,525,0,53.31,24.0,29.310000000000002,122.12500000000001
2025-08-03,371,2,17.77,8.0,9.77,122.125
2025-11-22,348,7,4.44,2.0,2.4400000000000004,122.00000000000001
2026-02-21,479,2,8.88,4.0,4.880000000000001,122.00000000000001
2026-01-28,336,2,31.08,14.0,17.08,122.0
2026-06-23,509,3,15.54,7.0,8.54,122.0
2026-06-16,526,2,6.66,3.0,3.66,122.0
2026-04-26,374,3,17.75,8.0,9.75,121.875
2026-01-09,339,5,126.45,57.0,69.45,121.8421052631579
2026-07-20,516,9,35.49,16.0,19.490000000000002,121.81250000000001
2025-12-28,442,2,22.18,10.0,12.18,121.8
2025-12-22,336,6,217.29,98.0,119.28999999999999,121.72448979591837
2025-09-14,451,0,135.25,61.0,74.25,121.72131147540983
2025-11-05,469,0,126.37,57.0,69.37,121.7017543859649
2026-01-12,291,6,97.53,44.0,53.53,121.6590909090909
2026-01-02,388,2,110.81,50.0,60.81,121.61999999999999
2026-01-18,480,4,135.14,61.0,74.13999999999999,121.54098360655736
2026-01-29,374,3,4.43,2.0,2.4299999999999997,121.49999999999999
2026-03-25,516,5,8.86,4.0,4.859999999999999,121.49999999999999
2025-09-15,385,3,396.45,179.0,217.45,121.4804469273743
2025-11-06,331,5,44.29,20.0,24.29,121.44999999999999
2025-11-20,444,1,86.33,39.0,47.33,121.35897435897436
2025-12-13,319,4,13.28,6.0,7.279999999999999,121.33333333333331
2025-11-05,469,1,126.15,57.0,69.15,121.31578947368422
2025-10-06,383,2,46.47,21.0,25.47,121.28571428571429
2026-02-02,331,5,88.51,40.0,48.510000000000005,121.27500000000002
2026-02-20,463,2,181.44,82.0,99.44,121.26829268292683
2026-06-01,410,0,59.71,27.0,32.71,121.14814814814817
2025-10-20,412,0,112.78,51.0,61.78,121.13725490196079
2025-12-28,404,2,300.74,136.0,164.74,121.13235294117648
2025-09-12,301,3,185.74,84.0,101.74000000000001,121.11904761904763
2025-10-24,405,1,81.8,37.0,44.8,121.08108108108107
2025-10-27,410,0,61.89,28.0,33.89,121.03571428571429
2025-09-15,405,2,15.47,7.0,8.47,121.00000000000001
2026-07-03,526,2,6.63,3.0,3.63,121.0
2025-09-29,319,4,6.63,3.0,3.63,121.0
2026-07-14,530,0,79.55,36.0,43.55,120.97222222222221
2025-10-22,388,2,61.87,28.0,33.87,120.96428571428571
2026-07-09,425,0,402.04,182.0,220.04000000000002,120.9010989010989
2025-10-23,488,0,382.02,173.0,209.01999999999998,120.8208092485549
2026-01-05,463,1,251.71,114.0,137.71,120.7982456140351
2026-07-06,412,0,68.44,31.0,37.44,120.7741935483871
2026-06-05,319,4,8.83,4.0,4.83,120.75
2026-07-10,509,4,28.69,13.0,15.690000000000001,120.6923076923077
2025-10-20,355,0,1875.85,850.0,1025.85,120.68823529411763
2026-05-26,334,2,6.62,3.0,3.62,120.66666666666667
2025-10-24,452,0,258.12,117.0,141.12,120.61538461538461
2026-01-22,459,1,11.03,5.0,6.029999999999999,120.6
2026-03-23,435,1,227.2,103.0,124.19999999999999,120.58252427184466
2026-06-06,339,1,412.48,187.0,225.48000000000002,120.57754010695187
2025-11-06,494,0,269.1,122.0,147.10000000000002,120.57377049180329
2025-10-14,374,2,15.44,7.0,8.44,120.57142857142857
2026-04-01,516,12,8.82,4.0,4.82,120.5
2025-10-24,452,1,257.97,117.0,140.97000000000003,120.4871794871795
2026-05-04,357,2,68.35,31.0,37.349999999999994,120.48387096774191
2026-05-30,339,3,132.27,60.0,72.27000000000001,120.45000000000002
2025-10-27,410,1,61.72,28.0,33.72,120.42857142857142
2026-06-09,334,3,15.43,7.0,8.43,120.42857142857142
2026-05-27,424,0,11.02,5.0,6.02,120.39999999999999
2025-10-20,336,6,105.79,48.0,57.790000000000006,120.39583333333334
2026-06-18,463,0,425.32,193.0,232.32,120.37305699481864
2026-04-29,294,0,1416.85,643.0,773.8499999999999,120.34992223950232
2026-01-08,472,2,414.25,188.0,226.25,120.34574468085107
2025-07-31,274,7,15.42,7.0,8.42,120.28571428571428
2025-12-21,362,2,8.81,4.0,4.8100000000000005,120.25000000000001
2026-05-18,327,1,151.97,69.0,82.97,120.2463768115942
2026-02-22,327,4,323.67,147.0,176.67000000000002,120.18367346938777
2026-05-11,405,0,26.41,12.0,14.41,120.08333333333334
2026-06-16,386,1,279.49,127.0,152.49,120.07086614173228
2026-03-27,276,1,255.25,116.0,139.25,120.04310344827587
2026-06-22,405,2,19.8,9.0,10.8,120.00000000000001
2025-12-28,277,2,2.2,1.0,1.2000000000000002,120.00000000000001
2026-03-07,383,1,22.0,10.0,12.0,120.0
2026-03-12,374,2,11.0,5.0,6.0,120.0
2025-12-26,351,1,774.39,352.0,422.39,119.9971590909091
2026-04-15,507,1,151.79,69.0,82.78999999999999,119.9855072463768
2025-10-29,487,2,178.18,81.0,97.18,119.97530864197532
2026-03-27,276,0,255.12,116.0,139.12,119.93103448275862
2026-01-27,409,1,158.35,72.0,86.35,119.93055555555554
2026-04-29,355,4,19.79,9.0,10.79,119.88888888888889
2026-02-09,336,2,65.92,30.0,35.92,119.73333333333333
2026-07-23,401,0,257.08,117.0,140.07999999999998,119.72649572649571
2026-01-06,410,0,43.93,20.0,23.93,119.64999999999999
2026-07-23,401,1,256.98,117.0,139.98000000000002,119.64102564102565
2026-07-04,420,1,325.05,148.0,177.05,119.62837837837839
2025-10-10,487,1,116.4,53.0,63.400000000000006,119.62264150943398
2026-04-20,282,3,43.91,20.0,23.909999999999997,119.54999999999998
2026-06-19,296,1,342.44,156.0,186.44,119.51282051282051
2026-07-01,534,5,13.17,6.0,7.17,119.5
2026-06-18,463,2,241.41,110.0,131.41,119.46363636363635
2025-10-10,357,1,491.58,224.0,267.58,119.45535714285714
2025-08-11,398,1,131.67,60.0,71.66999999999999,119.44999999999999
2026-02-17,383,1,10.97,5.0,5.970000000000001,119.40000000000002
2025-09-22,321,5,120.61,55.0,65.61,119.2909090909091
2026-05-04,357,3,116.22,53.0,63.22,119.28301886792451
2025-10-22,476,0,517.4,236.0,281.4,119.2372881355932
2025-08-13,288,6,41.65,19.0,22.65,119.21052631578945
2026-05-22,303,1,24.11,11.0,13.11,119.18181818181817
2025-10-20,412,1,111.76,51.0,60.760000000000005,119.13725490196079
2025-08-09,442,0,1334.49,609.0,725.49,119.12807881773399
2026-01-27,319,9,181.85,83.0,98.85,119.09638554216866
2025-12-28,404,0,326.39,149.0,177.39,119.05369127516778
2026-02-02,336,3,197.14,90.0,107.13999999999999,119.04444444444442
2025-10-23,413,0,468.75,214.0,254.75,119.04205607476635
2025-08-17,491,1,313.21,143.0,170.20999999999998,119.02797202797201
2026-01-21,355,1,32.85,15.0,17.85,119.00000000000001
2025-09-26,485,2,48.18,22.0,26.18,119.0
2025-08-28,334,2,17.52,8.0,9.52,119.0
2026-05-10,520,5,2.19,1.0,1.19,119.0
2025-11-25,348,7,2.19,1.0,1.19,119.0
2026-05-30,273,7,4.38,2.0,2.38,119.0
2025-10-02,297,1,580.32,265.0,315.32000000000005,118.98867924528305
2026-01-04,352,0,3980.84,1818.0,2162.84,118.96809680968097
2025-10-24,361,3,547.41,250.0,297.40999999999997,118.96399999999998
2026-05-14,519,0,89.76,41.0,48.760000000000005,118.92682926829269
2026-03-26,328,0,684.82,313.0,371.82000000000005,118.79233226837063
2025-09-10,405,1,41.57,19.0,22.57,118.78947368421053
2026-04-17,427,1,107.2,49.0,58.2,118.77551020408164
2026-06-01,410,1,59.06,27.0,32.06,118.74074074074075
2026-03-10,516,4,50.29,23.0,27.29,118.65217391304348
2025-10-06,396,2,382.56,175.0,207.56,118.6057142857143
2026-03-05,480,4,21.85,10.0,11.850000000000001,118.5
2025-12-09,374,3,8.74,4.0,4.74,118.5
2026-07-06,412,1,67.73,31.0,36.730000000000004,118.48387096774195
2026-02-02,297,2,91.73,42.0,49.730000000000004,118.40476190476193
2026-06-12,334,2,10.92,5.0,5.92,118.39999999999999
2026-05-04,282,2,39.31,18.0,21.310000000000002,118.3888888888889
2026-02-02,482,1,104.82,48.0,56.81999999999999,118.37499999999999
2026-04-13,405,2,15.28,7.0,8.28,118.28571428571428
2026-05-28,501,2,91.65,42.0,49.650000000000006,118.21428571428574
2026-06-02,509,3,10.91,5.0,5.91,118.19999999999999
2026-05-22,521,0,26.18,12.0,14.18,118.16666666666666
2026-01-03,396,3,218.16,100.0,118.16,118.16
2025-08-18,364,0,1683.35,772.0,911.3499999999999,118.050518134715
2026-07-22,488,0,167.86,77.0,90.86000000000001,118.00000000000001
2026-07-06,526,3,13.08,6.0,7.08,118.0
2026-04-16,289,2,26.16,12.0,14.16,118.0
2026-07-04,420,0,322.61,148.0,174.61,117.97972972972974
2025-10-26,427,2,61.03,28.0,33.03,117.96428571428572
2026-01-09,315,2,185.22,85.0,100.22,117.90588235294118
2026-01-19,289,2,26.14,12.0,14.14,117.83333333333334
2026-01-05,327,4,135.05,62.0,73.05000000000001,117.82258064516131
2026-05-27,424,1,10.89,5.0,5.890000000000001,117.80000000000001
2026-04-13,289,2,30.49,14.0,16.49,117.78571428571428
2025-12-30,308,4,727.17,334.0,393.16999999999996,117.71556886227543
2026-03-28,404,1,6.53,3.0,3.5300000000000002,117.66666666666667
2026-06-13,509,3,17.41,8.0,9.41,117.625
2025-08-18,385,3,487.46,224.0,263.46,117.61607142857142
2025-09-01,412,0,47.86,22.0,25.86,117.54545454545455
2026-05-15,505,2,39.15,18.0,21.15,117.49999999999999
2026-05-25,475,1,17.4,8.0,9.399999999999999,117.49999999999999
2026-03-16,320,4,134.84,62.0,72.84,117.48387096774194
2025-08-16,420,1,456.69,210.0,246.69,117.47142857142856
2026-01-27,409,0,158.74,73.0,85.74000000000001,117.45205479452056
2026-04-10,345,3,110.89,51.0,59.89,117.43137254901961
2025-10-23,413,2,254.38,117.0,137.38,117.41880341880342
2026-04-28,346,1,52.18,24.0,28.18,117.41666666666666
2026-01-16,472,2,228.28,105.0,123.28,117.4095238095238
2026-06-29,520,0,376.09,173.0,203.08999999999997,117.393063583815
2025-09-21,315,3,6.52,3.0,3.5199999999999996,117.33333333333331
2026-07-22,488,1,167.34,77.0,90.34,117.32467532467533
2025-10-02,294,1,582.39,268.0,314.39,117.3097014925373
2025-11-13,336,7,60.84,28.0,32.84,117.2857142857143
2026-07-11,334,2,39.11,18.0,21.11,117.27777777777777
2025-10-08,489,0,175.98,81.0,94.97999999999999,117.25925925925924
2026-06-29,465,0,228.12,105.0,123.12,117.25714285714287
2025-12-11,374,2,8.69,4.0,4.6899999999999995,117.24999999999999
2025-11-24,363,3,480.01,221.0,259.01,117.19909502262442
2025-12-22,362,1,15.2,7.0,8.2,117.14285714285712
2026-06-01,372,0,1860.43,857.0,1003.4300000000001,117.0863477246208
2026-07-21,357,4,115.05,53.0,62.05,117.0754716981132
2025-10-08,272,1,43.41,20.0,23.409999999999997,117.04999999999998
2025-08-17,491,0,310.37,143.0,167.37,117.04195804195805
2026-06-29,465,1,227.87,105.0,122.87,117.01904761904763
2025-10-30,315,3,2.17,1.0,1.17,117.0
2025-08-03,396,4,2.17,1.0,1.17,117.0
2026-05-14,519,1,88.96,41.0,47.959999999999994,116.97560975609755
2026-07-15,289,2,34.71,16.0,18.71,116.9375
2026-01-22,400,3,32.54,15.0,17.54,116.93333333333334
2026-03-31,510,5,91.11,42.0,49.11,116.92857142857143
2026-06-26,334,2,19.52,9.0,10.52,116.88888888888889
2026-01-18,428,1,255.92,118.0,137.92,116.88135593220339
2025-09-01,412,1,47.7,22.0,25.700000000000003,116.81818181818183
2025-10-23,338,2,134.41,62.0,72.41,116.79032258064514
2025-10-24,404,1,8.67,4.0,4.67,116.75
2025-11-04,412,0,47.68,22.0,25.68,116.72727272727272
2025-09-03,421,2,114.86,53.0,61.86,116.71698113207547
2026-04-21,281,5,6.5,3.0,3.5,116.66666666666667
2026-04-30,386,3,34.66,16.0,18.659999999999997,116.62499999999997
2025-09-26,289,2,21.66,10.0,11.66,116.6
2025-10-27,291,3,335.69,155.0,180.69,116.5741935483871
2026-01-19,435,0,329.16,152.0,177.16000000000003,116.55263157894737
2026-06-20,277,2,4.33,2.0,2.33,116.5
2026-03-09,509,1,12.99,6.0,6.99,116.5
2026-01-06,410,1,43.3,20.0,23.299999999999997,116.49999999999999
2026-03-26,328,1,677.62,313.0,364.62,116.49201277955272
2026-05-30,340,2,199.12,92.0,107.12,116.43478260869567
2026-03-07,509,7,216.43,100.0,116.43,116.43
2025-10-22,476,1,510.72,236.0,274.72,116.40677966101696
2025-11-24,319,7,21.64,10.0,11.64,116.40000000000002
2025-12-02,488,0,235.84,109.0,126.84,116.36697247706422
2026-02-14,334,2,23.8,11.0,12.8,116.36363636363637
2025-09-14,280,7,147.11,68.0,79.11000000000001,116.33823529411767
2025-10-08,409,2,6.49,3.0,3.49,116.33333333333333
2026-06-09,516,2,60.57,28.0,32.57,116.32142857142857
2026-05-01,522,0,23.79,11.0,12.79,116.27272727272727
2026-05-14,362,1,19.46,9.0,10.46,116.22222222222223
2025-09-04,319,3,23.78,11.0,12.780000000000001,116.18181818181819
2026-01-31,509,1,19.45,9.0,10.45,116.1111111111111
2026-01-27,333,3,207.43,96.0,111.43,116.07291666666669
2025-09-17,419,3,32.41,15.0,17.409999999999997,116.06666666666665
2026-01-04,352,1,3145.79,1456.0,1689.79,116.05700549450549
2026-07-03,320,6,71.28,33.0,38.28,116.00000000000001
2026-05-25,348,7,2.16,1.0,1.1600000000000001,116.00000000000001
2025-11-04,412,1,47.51,22.0,25.509999999999998,115.95454545454544
2025-08-26,366,3,501.01,232.0,269.01,115.95258620689654
2026-05-22,521,1,25.91,12.0,13.91,115.91666666666667
2026-02-19,281,5,23.75,11.0,12.75,115.90909090909092
2025-08-16,318,1,936.93,434.0,502.92999999999995,115.88248847926266
2026-01-29,405,1,30.22,14.0,16.22,115.85714285714286
2025-08-16,288,6,73.38,34.0,39.379999999999995,115.8235294117647
2026-01-16,301,2,174.8,81.0,93.80000000000001,115.80246913580248
2026-01-18,428,0,254.6,118.0,136.6,115.76271186440677
2026-04-08,482,1,62.56,29.0,33.56,115.72413793103449
2025-11-13,334,2,28.04,13.0,15.04,115.6923076923077
2025-11-18,289,4,12.94,6.0,6.9399999999999995,115.66666666666666
2026-06-04,472,0,569.24,264.0,305.24,115.62121212121212
2025-10-27,317,2,176.78,82.0,94.78,115.58536585365853
2025-09-26,331,5,51.74,24.0,27.740000000000002,115.58333333333334
2026-02-27,392,4,105.62,49.0,56.620000000000005,115.55102040816327
2025-11-01,475,2,155.16,72.0,83.16,115.5
2026-07-02,319,4,8.62,4.0,4.619999999999999,115.49999999999999
2025-07-27,362,2,4.31,2.0,2.3099999999999996,115.49999999999999
2026-02-21,372,1,366.33,170.0,196.32999999999998,115.48823529411764
2026-01-27,482,2,23.7,11.0,12.7,115.45454545454545
2025-10-20,369,1,381.3,177.0,204.3,115.42372881355934
2025-10-18,319,3,122.74,57.0,65.74,115.33333333333333
2025-08-16,419,1,6.46,3.0,3.46,115.33333333333333
2026-01-19,435,1,327.3,152.0,175.3,115.32894736842105
2025-10-08,489,1,174.41,81.0,93.41,115.32098765432099
2025-12-21,505,1,1875.24,871.0,1004.24,115.29735935706084
2025-12-02,488,1,234.66,109.0,125.66,115.28440366972477
2025-10-20,361,0,1860.01,864.0,996.01,115.27893518518519
2025-08-14,419,1,23.68,11.0,12.68,115.27272727272727
2026-04-06,410,0,51.66,24.0,27.659999999999997,115.24999999999999
2025-10-06,487,1,120.51,56.0,64.51,115.19642857142858
2026-05-11,282,4,107.59,50.0,57.59,115.18000000000002
2025-08-16,420,0,451.79,210.0,241.79000000000002,115.13809523809525
2026-03-28,510,1,432.37,201.0,231.37,115.1094527363184
2026-01-16,389,0,277.48,129.0,148.48000000000002,115.10077519379847
2025-09-01,411,0,172.05,80.0,92.05000000000001,115.06250000000003
2026-02-23,419,2,25.8,12.0,13.8,115.00000000000001
2025-10-26,348,7,2.15,1.0,1.15,114.99999999999999
2025-09-11,396,4,2.15,1.0,1.15,114.99999999999999
2026-03-10,516,1,32.25,15.0,17.25,114.99999999999999
2026-01-27,427,0,197.78,92.0,105.78,114.97826086956522
2026-03-19,472,0,451.31,210.0,241.31,114.90952380952382
2025-08-01,362,1,34.38,16.0,18.380000000000003,114.87500000000001
2026-04-25,509,1,17.19,8.0,9.190000000000001,114.87500000000001
2026-01-01,348,5,930.4,433.0,497.4,114.87297921478059
2026-07-23,273,3,15.04,7.0,8.04,114.85714285714283
2026-02-14,509,3,15.04,7.0,8.04,114.85714285714283
2025-12-26,282,3,111.71,52.0,59.709999999999994,114.82692307692307
2025-08-15,419,0,332.96,155.0,177.95999999999998,114.81290322580644
2026-01-02,480,2,55.85,26.0,29.85,114.80769230769232
2026-05-03,334,2,10.74,5.0,5.74,114.80000000000001
2025-11-03,348,1,214.79,100.0,114.78999999999999,114.78999999999999
2026-05-29,460,0,640.04,298.0,342.03999999999996,114.77852348993287
2026-02-02,510,5,304.92,142.0,162.92000000000002,114.7323943661972
2026-07-02,374,2,12.88,6.0,6.880000000000001,114.66666666666667
2026-01-03,348,2,12.88,6.0,6.880000000000001,114.66666666666667
2026-07-19,277,2,6.44,3.0,3.4400000000000004,114.66666666666667
2025-09-23,427,1,49.36,23.0,26.36,114.6086956521739
2026-03-05,320,5,229.57,107.0,122.57,114.55140186915887
2026-05-11,412,0,90.11,42.0,48.11,114.54761904761905
2026-01-12,308,4,152.32,71.0,81.32,114.53521126760562
2026-01-01,479,2,17.16,8.0,9.16,114.5
2025-09-15,442,2,4.29,2.0,2.29,114.5
2025-11-10,320,7,229.5,107.0,122.5,114.48598130841121
2026-01-16,389,1,276.67,129.0,147.67000000000002,114.47286821705427
2025-10-27,401,1,237.96,111.0,126.96000000000001,114.37837837837839
2026-04-14,383,1,17.15,8.0,9.149999999999999,114.37499999999999
2025-10-31,282,4,79.31,37.0,42.31,114.35135135135135
2026-01-18,371,2,342.91,160.0,182.91000000000003,114.31875000000002
2025-10-20,336,5,124.3,58.0,66.3,114.31034482758619
2025-12-26,348,6,518.57,242.0,276.57000000000005,114.28512396694217
2025-08-28,388,5,184.28,86.0,98.28,114.27906976744187
2025-10-27,398,1,70.71,33.0,37.709999999999994,114.27272727272725
2025-11-19,324,4,139.24,65.0,74.24000000000001,114.21538461538464
2025-12-12,480,4,42.84,20.0,22.840000000000003,114.20000000000002
2026-06-13,362,1,21.42,10.0,11.420000000000002,114.20000000000002
2025-08-08,403,5,55.69,26.0,29.689999999999998,114.19230769230768
2026-05-29,479,2,14.99,7.0,7.99,114.14285714285714
2025-10-27,382,2,203.4,95.0,108.4,114.10526315789473
2026-04-08,289,2,23.55,11.0,12.55,114.0909090909091
2025-08-10,280,5,1680.41,785.0,895.4100000000001,114.06496815286624
2026-04-15,319,9,109.16,51.0,58.16,114.0392156862745
2025-08-27,409,2,2.14,1.0,1.1400000000000001,114.00000000000001
2026-05-02,396,1,382.95,179.0,203.95,113.93854748603351
2026-01-27,319,3,164.72,77.0,87.72,113.92207792207792
2025-10-05,333,3,470.55,220.0,250.55,113.88636363636364
2026-01-14,384,2,66.29,31.0,35.290000000000006,113.83870967741939
2025-10-06,487,2,198.87,93.0,105.87,113.83870967741936
2025-08-09,310,0,1821.52,852.0,969.52,113.79342723004694
2025-09-01,411,1,171.01,80.0,91.00999999999999,113.76249999999999
2026-03-28,336,7,53.44,25.0,28.439999999999998,113.75999999999999
2025-10-27,401,0,237.27,111.0,126.27000000000001,113.75675675675676
2025-10-20,397,3,198.79,93.0,105.78999999999999,113.75268817204301
2025-11-29,446,1,318.41,149.0,169.41000000000003,113.69798657718123
2025-08-30,383,0,121.8,57.0,64.8,113.68421052631578
2025-11-25,319,4,6.41,3.0,3.41,113.66666666666667
2025-10-31,331,5,40.59,19.0,21.590000000000003,113.63157894736844
2025-10-08,356,3,294.81,138.0,156.81,113.6304347826087
2026-07-11,531,1,17.09,8.0,9.09,113.625
2025-10-25,404,1,10.68,5.0,5.68,113.6
2025-12-14,404,1,14.95,7.0,7.949999999999999,113.57142857142857
2026-01-05,291,3,452.56,212.0,240.56,113.47169811320754
2025-10-05,484,0,330.87,155.0,175.87,113.46451612903226
2026-05-04,319,7,21.34,10.0,11.34,113.39999999999999
2025-10-13,288,6,10.67,5.0,5.67,113.39999999999999
2026-04-06,274,2,51.21,24.0,27.21,113.375
2026-07-04,335,2,1045.14,490.0,555.1400000000001,113.29387755102043
2026-01-24,509,3,27.72,13.0,14.719999999999999,113.23076923076923
2025-10-20,296,0,430.66,202.0,228.66000000000003,113.19801980198021
2025-10-30,476,0,134.28,63.0,71.28,113.14285714285714
2026-04-29,309,2,219.49,103.0,116.49000000000001,113.0970873786408
2025-08-04,482,2,34.09,16.0,18.090000000000003,113.06250000000003
2025-11-27,475,2,40.48,19.0,21.479999999999997,113.05263157894736
2026-04-07,348,7,4.26,2.0,2.26,112.99999999999999
2026-01-27,509,6,8.52,4.0,4.52,112.99999999999999
2026-06-05,336,7,25.56,12.0,13.559999999999999,112.99999999999999
2025-08-28,348,7,2.13,1.0,1.13,112.99999999999999
2026-06-09,396,3,2.13,1.0,1.13,112.99999999999999
2026-06-16,396,3,2.13,1.0,1.13,112.99999999999999
2026-03-06,463,2,102.22,48.0,54.22,112.95833333333334
2025-08-19,336,2,66.01,31.0,35.010000000000005,112.93548387096777
2026-02-16,389,0,174.58,82.0,92.58000000000001,112.90243902439026
2026-01-27,324,1,212.87,100.0,112.87,112.87
2026-04-15,481,0,285.2,134.0,151.2,112.83582089552237
2026-05-25,516,12,19.15,9.0,10.149999999999999,112.77777777777776
2025-08-28,331,5,51.06,24.0,27.060000000000002,112.75000000000001
2026-01-01,470,0,1342.33,631.0,711.3299999999999,112.73058637083993
2026-03-04,361,4,46.8,22.0,24.799999999999997,112.72727272727272
2026-04-08,412,0,53.18,25.0,28.18,112.72
2026-01-17,383,0,119.12,56.0,63.120000000000005,112.71428571428572
2025-11-29,446,0,316.93,149.0,167.93,112.70469798657719
2026-04-15,385,4,236.09,111.0,125.09,112.69369369369369
2025-10-26,322,1,459.31,216.0,243.31,112.64351851851853
2025-10-30,476,1,133.94,63.0,70.94,112.6031746031746
2025-10-27,291,6,110.53,52.0,58.53,112.5576923076923
2025-10-23,291,3,531.36,250.0,281.36,112.544
2025-10-20,332,2,250.78,118.0,132.78,112.52542372881355
2025-10-21,372,2,378.29,178.0,200.29000000000002,112.52247191011237
2025-12-23,507,4,257.15,121.0,136.14999999999998,112.52066115702478
2026-03-21,276,1,359.14,169.0,190.14,112.50887573964496
2026-03-13,404,1,4.25,2.0,2.25,112.5
2026-07-12,520,5,4.25,2.0,2.25,112.5
2025-10-22,315,2,233.75,110.0,123.75,112.5
2026-02-16,509,4,8.5,4.0,4.5,112.5
2025-08-18,385,4,223.11,105.0,118.11000000000001,112.4857142857143
2026-07-20,336,3,123.24,58.0,65.24,112.48275862068964
2026-07-14,516,9,31.87,15.0,16.87,112.46666666666667
2026-04-13,482,1,80.71,38.0,42.709999999999994,112.39473684210523
2026-06-25,383,1,23.36,11.0,12.36,112.36363636363636
2026-05-26,280,1,53.09,25.0,28.090000000000003,112.36000000000001
2026-04-29,294,3,605.15,285.0,320.15,112.33333333333333
2025-10-03,334,0,946.99,446.0,500.99,112.32959641255607
2026-06-03,374,2,8.49,4.0,4.49,112.25
2025-10-20,296,1,428.73,202.0,226.73000000000002,112.24257425742574
2026-01-05,321,6,116.73,55.0,61.730000000000004,112.23636363636365
2025-10-20,472,2,263.12,124.0,139.12,112.19354838709678
2026-07-20,353,0,36.07,17.0,19.07,112.1764705882353
2025-12-15,355,3,86.94,41.0,45.94,112.04878048780486
2026-01-02,346,1,101.72,48.0,53.72,111.91666666666666
2026-04-15,516,6,36.01,17.0,19.009999999999998,111.8235294117647
2026-05-11,412,1,88.95,42.0,46.95,111.78571428571429
2026-04-08,501,1,46.58,22.0,24.58,111.72727272727272
2026-05-01,522,1,23.29,11.0,12.29,111.72727272727272
2026-04-27,501,1,67.75,32.0,35.75,111.71875
2026-06-25,520,0,442.45,209.0,233.45,111.69856459330143
2026-06-01,481,1,139.72,66.0,73.72,111.69696969696969
2025-11-19,403,5,27.52,13.0,14.52,111.6923076923077
2025-09-20,448,2,6.35,3.0,3.3499999999999996,111.66666666666664
2026-03-31,509,8,165.09,78.0,87.09,111.65384615384615
2026-02-16,389,1,173.55,82.0,91.55000000000001,111.64634146341466
2026-05-11,482,2,21.16,10.0,11.16,111.60000000000001
2026-02-26,332,3,156.51,74.0,82.50999999999999,111.49999999999997
2026-04-17,516,1,27.48,13.0,14.48,111.38461538461539
2026-05-04,516,12,16.91,8.0,8.91,111.375
2026-04-06,410,1,50.72,24.0,26.72,111.33333333333333
2026-07-21,516,8,14.79,7.0,7.789999999999999,111.28571428571428
2026-07-07,320,9,240.8,114.0,126.80000000000001,111.2280701754386
2025-12-25,405,0,86.55,41.0,45.55,111.09756097560974
2025-10-26,385,2,1241.09,588.0,653.0899999999999,111.06972789115646
2025-10-23,291,2,132.96,63.0,69.96000000000001,111.04761904761907
2025-08-30,280,1,48.54,23.0,25.54,111.04347826086955
2026-01-28,338,2,73.86,35.0,38.86,111.02857142857144
2026-07-16,526,1,10.55,5.0,5.550000000000001,111.00000000000001
2026-05-18,348,7,2.11,1.0,1.1099999999999999,110.99999999999999
2025-10-10,277,2,4.22,2.0,2.2199999999999998,110.99999999999999
2026-03-14,334,2,14.77,7.0,7.77,110.99999999999999
2026-03-26,368,3,44.29,21.0,23.29,110.90476190476191
2025-10-23,411,0,234.09,111.0,123.09,110.8918918918919
2025-08-28,321,3,189.8,90.0,99.80000000000001,110.8888888888889
2025-11-10,384,2,50.61,24.0,26.61,110.87499999999999
2026-02-05,348,1,128.63,61.0,67.63,110.86885245901638
2025-12-03,331,5,37.95,18.0,19.950000000000003,110.83333333333334
2026-06-25,520,1,234.02,111.0,123.02000000000001,110.82882882882883
2025-09-10,274,6,99.08,47.0,52.08,110.80851063829786
2026-04-06,331,5,54.79,26.0,28.79,110.73076923076923
2025-10-19,272,0,23.18,11.0,12.18,110.72727272727272
2025-10-23,411,1,233.87,111.0,122.87,110.6936936936937
2026-02-09,512,1,275.94,131.0,144.94,110.6412213740458
2025-11-23,437,0,718.28,341.0,377.28,110.63929618768327
2026-02-02,364,2,248.53,118.0,130.53,110.6186440677966
2026-05-29,460,1,627.61,298.0,329.61,110.60738255033557
2026-02-02,291,6,117.94,56.0,61.94,110.60714285714286
2025-12-25,329,1,233.72,111.0,122.72,110.55855855855856
2025-08-30,356,3,425.28,202.0,223.27999999999997,110.53465346534652
2025-11-30,361,4,157.9,75.0,82.9,110.53333333333335
2025-10-05,484,1,326.32,155.0,171.32,110.52903225806452
2025-08-21,403,4,113.68,54.0,59.68000000000001,110.51851851851853
2025-10-20,368,2,1315.71,625.0,690.71,110.51360000000001
2026-06-11,516,1,54.73,26.0,28.729999999999997,110.5
2026-03-04,296,0,269.42,128.0,141.42000000000002,110.48437500000001
2026-01-02,364,2,330.46,157.0,173.45999999999998,110.48407643312102
2026-04-08,412,1,52.62,25.0,27.619999999999997,110.48
2026-03-21,276,0,355.67,169.0,186.67000000000002,110.45562130177515
2026-05-02,400,3,37.88,18.0,19.880000000000003,110.44444444444446
2026-04-25,341,2,637.44,303.0,334.44000000000005,110.37623762376239
2025-11-01,391,3,216.62,103.0,113.62,110.31067961165049
2026-05-26,521,0,21.03,10.0,11.030000000000001,110.30000000000003
2026-03-04,400,3,23.13,11.0,12.129999999999999,110.27272727272725
2026-03-01,406,0,245.93,117.0,128.93,110.1965811965812
2026-06-01,274,4,35.73,17.0,18.729999999999997,110.17647058823528
2025-08-28,341,0,649.39,309.0,340.39,110.15857605177992
2026-03-03,333,2,163.92,78.0,85.91999999999999,110.15384615384613
2025-09-22,419,4,39.92,19.0,20.92,110.10526315789475
2025-11-23,437,1,716.39,341.0,375.39,110.08504398826979
2025-10-06,487,0,312.98,149.0,163.98000000000002,110.0536912751678
2025-10-20,332,5,123.93,59.0,64.93,110.05084745762713
2025-11-06,471,0,340.28,162.0,178.27999999999997,110.04938271604937
2025-08-19,383,2,65.11,31.0,34.11,110.03225806451613
2026-01-19,390,0,667.83,318.0,349.83000000000004,110.00943396226417
2026-02-04,374,2,2.1,1.0,1.1,110.00000000000001
2026-07-04,273,6,2.1,1.0,1.1,110.00000000000001
2026-03-17,374,2,8.4,4.0,4.4,110.00000000000001
2026-03-04,296,1,268.8,128.0,140.8,110.00000000000001
2026-03-30,396,4,2.1,1.0,1.1,110.00000000000001
2026-06-04,340,2,48.3,23.0,25.299999999999997,109.99999999999999
2026-01-11,459,1,14.7,7.0,7.699999999999999,109.99999999999999
2025-08-14,319,7,33.59,16.0,17.590000000000003,109.93750000000003
2026-06-17,510,2,470.23,224.0,246.23000000000002,109.92410714285714
2025-10-28,382,1,195.17,93.0,102.16999999999999,109.86021505376343
2026-02-25,288,5,37.77,18.0,19.770000000000003,109.83333333333336
2025-10-20,274,1,224.5,107.0,117.5,109.81308411214954
2026-01-27,325,1,184.61,88.0,96.61000000000001,109.78409090909092
2025-11-06,471,1,339.78,162.0,177.77999999999997,109.74074074074072
2025-09-13,392,3,188.74,90.0,98.74000000000001,109.71111111111111
2026-03-16,361,1,31.45,15.0,16.45,109.66666666666667
2026-03-01,406,2,245.31,117.0,128.31,109.66666666666667
2025-12-10,307,2,563.96,269.0,294.96000000000004,109.65055762081786
2025-10-20,360,0,381.5,182.0,199.5,109.61538461538463
2026-06-01,479,2,14.67,7.0,7.67,109.57142857142857
2026-02-20,289,4,14.67,7.0,7.67,109.57142857142857
2026-03-30,320,4,136.22,65.0,71.22,109.56923076923077
2025-10-03,487,1,240.98,115.0,125.97999999999999,109.54782608695652
2026-01-05,463,2,280.74,134.0,146.74,109.50746268656717
2026-06-13,351,1,697.64,333.0,364.64,109.50150150150151
2026-03-16,383,1,16.76,8.0,8.760000000000002,109.50000000000001
2026-03-04,336,2,25.14,12.0,13.14,109.5
2026-03-08,348,6,469.15,224.0,245.14999999999998,109.44196428571426
2025-10-20,472,0,525.67,251.0,274.66999999999996,109.43027888446213
2026-06-29,509,1,25.13,12.0,13.129999999999999,109.41666666666666
2025-12-22,403,5,46.07,22.0,24.07,109.4090909090909
2026-06-12,374,2,10.47,5.0,5.470000000000001,109.4
2026-01-16,416,0,383.2,183.0,200.2,109.39890710382514
2026-03-28,447,1,224.04,107.0,117.03999999999999,109.38317757009347
2026-05-13,410,0,46.06,22.0,24.060000000000002,109.36363636363637
2025-10-08,338,2,102.56,49.0,53.56,109.3061224489796
2026-01-19,388,6,62.79,30.0,32.79,109.3
2026-01-16,416,1,383.0,183.0,200.0,109.28961748633881
2026-01-27,361,1,69.06,33.0,36.06,109.27272727272728
2025-09-11,340,4,23.02,11.0,12.02,109.27272727272728
2026-03-28,447,0,223.85,107.0,116.85,109.2056074766355
2026-05-26,521,1,20.92,10.0,10.920000000000002,109.2
2026-05-04,400,3,23.01,11.0,12.010000000000002,109.1818181818182
2026-05-29,291,3,481.11,230.0,251.11,109.17826086956521
2026-05-08,509,1,14.64,7.0,7.640000000000001,109.14285714285714
2026-04-06,320,4,129.65,62.0,67.65,109.11290322580646
2025-10-06,437,0,282.3,135.0,147.3,109.11111111111111
2025-08-07,348,7,2.09,1.0,1.0899999999999999,108.99999999999999
2026-04-27,403,5,22.99,11.0,11.989999999999998,108.99999999999999
2026-07-18,362,2,2.09,1.0,1.0899999999999999,108.99999999999999
2026-06-25,532,2,50.15,24.0,26.15,108.95833333333333
2026-07-06,336,2,45.97,22.0,23.97,108.95454545454545
2026-07-08,345,2,71.02,34.0,37.019999999999996,108.88235294117645
2025-11-22,482,2,33.42,16.0,17.42,108.87500000000001
2025-10-03,419,3,70.99,34.0,36.989999999999995,108.79411764705881
2026-03-09,406,0,58.46,28.0,30.46,108.78571428571429
2025-10-08,356,2,302.66,145.0,157.66000000000003,108.73103448275864
2025-12-04,363,3,248.38,119.0,129.38,108.72268907563026
2025-10-03,482,0,141.93,68.0,73.93,108.72058823529413
2026-05-26,523,0,33.39,16.0,17.39,108.6875
2026-01-26,509,1,62.59,30.0,32.59,108.63333333333334
2026-07-17,526,1,8.34,4.0,4.34,108.5
2025-07-27,330,3,1359.4,652.0,707.4000000000001,108.49693251533743
2026-01-17,356,2,237.66,114.0,123.66,108.47368421052633
2025-11-20,505,3,52.11,25.0,27.11,108.44
2025-10-31,336,7,47.94,23.0,24.939999999999998,108.43478260869563
2025-08-22,282,2,50.02,24.0,26.020000000000003,108.41666666666667
2025-10-26,280,7,147.97,71.0,76.97,108.40845070422536
2025-10-20,472,1,264.66,127.0,137.66000000000003,108.3937007874016
2026-07-14,337,1,689.78,331.0,358.78,108.39274924471299
2026-02-21,274,5,72.93,35.0,37.93000000000001,108.37142857142858
2025-09-22,386,2,25.0,12.0,13.0,108.33333333333333
2025-11-26,479,2,6.25,3.0,3.25,108.33333333333333
2025-11-06,489,0,149.95,72.0,77.94999999999999,108.26388888888887
2025-08-09,310,1,1774.33,852.0,922.3299999999999,108.25469483568075
2026-06-29,319,9,172.85,83.0,89.85,108.25301204819276
2025-10-27,460,0,412.33,198.0,214.32999999999998,108.24747474747474
2025-08-28,439,0,401.87,193.0,208.87,108.22279792746114
2025-08-11,410,0,127.0,61.0,66.0,108.19672131147541
2026-06-01,403,5,29.14,14.0,15.14,108.14285714285714
2025-09-13,404,1,14.57,7.0,7.57,108.14285714285714
2026-04-09,382,2,129.04,62.0,67.03999999999999,108.1290322580645
2025-12-26,336,1,239.26,115.0,124.25999999999999,108.05217391304348
2026-01-23,374,2,6.24,3.0,3.24,108.0
2026-04-27,516,8,12.48,6.0,6.48,108.0
2026-07-13,308,3,133.1,64.0,69.1,107.96874999999999
2025-10-27,460,1,411.74,198.0,213.74,107.94949494949495
2026-02-23,400,3,27.03,13.0,14.030000000000001,107.92307692307692
2025-08-22,391,1,212.05,102.0,110.05000000000001,107.89215686274511
2026-01-26,303,2,74.84,36.0,38.84,107.8888888888889
2026-05-26,523,1,33.26,16.0,17.259999999999998,107.87499999999999
2025-12-08,280,1,56.12,27.0,29.119999999999997,107.85185185185185
2026-02-12,494,0,118.47,57.0,61.47,107.84210526315789
2025-08-28,439,1,401.07,193.0,208.07,107.8082901554404
2026-07-09,273,3,182.87,88.0,94.87,107.80681818181819
2025-08-14,427,0,184.94,89.0,95.94,107.79775280898876
2025-10-06,437,1,280.47,135.0,145.47000000000003,107.75555555555559
2026-03-29,334,2,16.62,8.0,8.620000000000001,107.75000000000001
2025-08-18,344,1,130.83,63.0,67.83000000000001,107.66666666666669
2025-12-30,492,0,211.81,102.0,109.81,107.65686274509805
2025-10-23,317,3,367.46,177.0,190.45999999999998,107.6045197740113
2026-07-23,392,1,118.28,57.0,61.28,107.50877192982455
2026-06-14,362,2,4.15,2.0,2.1500000000000004,107.50000000000001
2025-11-26,506,1,76.77,37.0,39.769999999999996,107.48648648648647
2025-11-06,489,1,149.39,72.0,77.38999999999999,107.48611111111109
2025-10-05,272,1,89.21,43.0,46.209999999999994,107.46511627906976
2026-06-29,390,1,499.95,241.0,258.95,107.44813278008299
2025-10-02,304,2,1481.01,714.0,767.01,107.42436974789915
2026-06-29,331,5,68.44,33.0,35.44,107.39393939393939
2026-02-21,320,7,259.19,125.0,134.19,107.352
2026-01-12,319,1,55.98,27.0,28.979999999999997,107.33333333333333
2025-08-13,296,2,12.44,6.0,6.4399999999999995,107.33333333333333
2026-03-04,490,0,232.2,112.0,120.19999999999999,107.32142857142857
2025-09-07,362,1,33.17,16.0,17.17,107.31250000000001
2026-01-05,364,5,364.84,176.0,188.83999999999997,107.29545454545453
2025-12-15,340,4,31.09,15.0,16.09,107.26666666666667
2026-01-01,470,1,1307.75,631.0,676.75,107.25039619651346
2026-01-23,442,2,16.58,8.0,8.579999999999998,107.24999999999997
2026-02-12,384,4,236.22,114.0,122.22,107.21052631578947
2026-03-04,418,0,196.84,95.0,101.84,107.2
2026-05-01,513,1,20.72,10.0,10.719999999999999,107.19999999999999
2025-08-01,337,2,113.93,55.0,58.93000000000001,107.14545454545457
2026-01-19,390,1,658.67,318.0,340.66999999999996,107.12893081761005
2025-10-24,459,1,26.92,13.0,13.920000000000002,107.0769230769231
2025-10-05,304,3,1292.14,624.0,668.1400000000001,107.07371794871796
2025-10-23,388,6,57.97,28.0,29.97,107.03571428571428
2025-10-24,338,2,84.87,41.0,43.870000000000005,107.0
2026-03-27,277,2,2.07,1.0,1.0699999999999998,106.99999999999999
2026-07-18,273,5,231.83,112.0,119.83000000000001,106.99107142857144
2026-01-28,419,0,99.32,48.0,51.31999999999999,106.91666666666666
2025-08-09,459,2,508.98,246.0,262.98,106.90243902439025
2025-08-28,477,0,200.69,97.0,103.69,106.89690721649485
2025-10-01,374,2,18.62,9.0,9.620000000000001,106.8888888888889
2026-02-10,482,2,12.41,6.0,6.41,106.83333333333334
2025-08-25,371,2,12.41,6.0,6.41,106.83333333333334
2026-05-13,410,1,45.5,22.0,23.5,106.81818181818181
2026-01-27,332,4,306.07,148.0,158.07,106.80405405405405
2025-09-26,419,4,37.22,18.0,19.22,106.77777777777777
2025-11-26,506,0,76.5,37.0,39.5,106.75675675675676
2025-10-23,413,1,200.55,97.0,103.55000000000001,106.75257731958764
2026-03-28,339,4,70.29,34.0,36.290000000000006,106.73529411764709
2026-06-30,468,0,128.17,62.0,66.16999999999999,106.7258064516129
2026-07-18,516,4,134.36,65.0,69.36000000000001,106.70769230769233
2025-11-29,409,2,6.2,3.0,3.2,106.66666666666667
2025-12-30,492,1,210.78,102.0,108.78,106.6470588235294
2025-12-20,339,5,181.83,88.0,93.83000000000001,106.62500000000001
2025-12-26,280,1,111.55,54.0,57.55,106.57407407407406
2025-09-11,289,4,14.46,7.0,7.460000000000001,106.57142857142858
2026-03-23,413,1,190.03,92.0,98.03,106.55434782608695
2026-06-25,419,2,41.31,20.0,21.310000000000002,106.55000000000001
2026-03-09,406,2,57.83,28.0,29.83,106.53571428571429
2025-08-11,410,1,125.97,61.0,64.97,106.50819672131146
2026-03-04,490,1,231.23,112.0,119.22999999999999,106.45535714285714
2026-07-01,328,2,284.89,138.0,146.89,106.44202898550724
2025-10-23,341,0,790.49,383.0,407.49,106.39425587467363
2025-08-13,280,5,1102.09,534.0,568.0899999999999,106.38389513108612
2025-10-30,400,3,43.34,21.0,22.340000000000003,106.3809523809524
2025-11-06,355,4,212.56,103.0,109.56,106.36893203883496
2025-08-15,475,2,144.45,70.0,74.44999999999999,106.35714285714283
2025-10-20,403,1,127.94,62.0,65.94,106.35483870967741
2026-01-27,345,2,109.34,53.0,56.34,106.30188679245282
2025-07-30,405,2,14.44,7.0,7.4399999999999995,106.28571428571428
2025-11-14,303,2,28.88,14.0,14.879999999999999,106.28571428571428
2025-08-09,330,0,3214.8,1559.0,1655.8000000000002,106.20910840282234
2026-03-09,319,7,12.37,6.0,6.369999999999999,106.16666666666666
2026-01-06,319,6,150.5,73.0,77.5,106.16438356164383
2026-06-22,291,4,101.01,49.0,52.010000000000005,106.14285714285717
2026-03-23,372,3,183.45,89.0,94.44999999999999,106.12359550561796
2025-08-23,446,1,360.71,175.0,185.70999999999998,106.11999999999999
2025-11-13,412,0,51.52,25.0,26.520000000000003,106.08000000000001
2025-08-28,477,1,199.88,97.0,102.88,106.06185567010309
2026-03-10,348,7,2.06,1.0,1.06,106.0
2025-10-14,480,2,14.42,7.0,7.42,106.0
2026-01-14,383,1,18.54,9.0,9.54,105.99999999999999
2025-11-17,384,2,43.26,21.0,22.259999999999998,105.99999999999999
2025-10-20,355,4,127.71,62.0,65.71,105.98387096774194
2026-05-04,304,1,222.46,108.0,114.46000000000001,105.9814814814815
2026-03-08,351,3,224.49,109.0,115.49000000000001,105.95412844036699
2026-01-01,308,4,454.93,221.0,233.93,105.85067873303167
2026-03-05,480,3,156.41,76.0,80.41,105.80263157894736
2025-10-11,348,7,8.23,4.0,4.23,105.75000000000001
2026-06-11,510,4,273.64,133.0,140.64,105.74436090225564
2026-01-29,320,4,187.22,91.0,96.22,105.73626373626372
2025-08-28,480,3,181.03,88.0,93.03,105.7159090909091
2025-10-23,389,0,473.11,230.0,243.11,105.70000000000002
2025-12-26,406,0,131.64,64.0,67.63999999999999,105.68749999999997
2026-07-02,382,2,240.65,117.0,123.65,105.68376068376068
2025-10-24,482,1,123.4,60.0,63.400000000000006,105.66666666666669
2025-12-16,339,5,217.99,106.0,111.99000000000001,105.65094339622642
2026-02-15,383,1,34.95,17.0,17.950000000000003,105.58823529411767
2025-12-11,470,0,304.23,148.0,156.23000000000002,105.5608108108108
2026-03-04,351,1,234.31,114.0,120.31,105.53508771929825
2026-01-31,281,5,176.76,86.0,90.75999999999999,105.53488372093022
2026-05-29,274,1,150.03,73.0,77.03,105.5205479452055
2025-11-26,303,2,20.55,10.0,10.55,105.50000000000001
2026-03-28,479,2,12.33,6.0,6.33,105.5
2025-10-26,320,3,464.34,226.0,238.33999999999997,105.46017699115042
2025-09-04,476,0,139.7,68.0,71.69999999999999,105.44117647058822
2025-10-27,481,2,73.95,36.0,37.95,105.41666666666667
2025-10-21,461,0,240.33,117.0,123.33000000000001,105.41025641025644
2025-11-13,412,1,51.35,25.0,26.35,105.4
2026-01-02,308,4,271.1,132.0,139.10000000000002,105.37878787878789
2026-06-30,468,1,127.33,62.0,65.33,105.37096774193549
2026-02-25,482,2,12.32,6.0,6.32,105.33333333333334
2025-08-19,383,0,82.13,40.0,42.129999999999995,105.32499999999997
2026-02-15,383,0,133.43,65.0,68.43,105.27692307692308
2025-10-21,461,1,240.17,117.0,123.16999999999999,105.27350427350426
2026-05-16,279,2,75.95,37.0,38.95,105.27027027027027
2025-11-24,319,1,53.37,26.0,27.369999999999997,105.26923076923076
2025-12-11,470,1,303.7,148.0,155.7,105.2027027027027
2026-07-03,475,0,315.98,154.0,161.98000000000002,105.1818181818182
2025-12-10,353,1,22.57,11.0,11.57,105.18181818181817
2025-08-11,282,4,116.95,57.0,59.95,105.17543859649123
2025-12-15,463,1,223.64,109.0,114.63999999999999,105.1743119266055
2026-06-10,419,4,38.98,19.0,19.979999999999997,105.1578947368421
2025-09-06,440,0,781.47,381.0,400.47,105.11023622047244
2025-11-10,320,5,190.72,93.0,97.72,105.0752688172043
2026-06-28,396,3,4.1,2.0,2.0999999999999996,104.99999999999999
2026-01-23,505,3,2.05,1.0,1.0499999999999998,104.99999999999999
2025-08-30,348,7,2.05,1.0,1.0499999999999998,104.99999999999999
2026-04-17,277,2,2.05,1.0,1.0499999999999998,104.99999999999999
2025-10-28,319,5,79.94,39.0,40.94,104.97435897435896
2025-11-06,325,3,317.71,155.0,162.70999999999998,104.97419354838709
2026-01-02,318,3,145.53,71.0,74.53,104.97183098591549
2025-11-06,288,2,120.93,59.0,61.93000000000001,104.96610169491527
2025-09-04,476,1,139.36,68.0,71.36000000000001,104.94117647058825
2025-10-14,362,1,30.74,15.0,15.739999999999998,104.93333333333332
2025-10-27,388,4,110.66,54.0,56.66,104.92592592592591
2026-06-10,386,0,360.63,176.0,184.63,104.9034090909091
2026-07-16,509,6,12.29,6.0,6.289999999999999,104.83333333333331
2026-05-02,279,2,83.97,41.0,42.97,104.8048780487805
2026-01-27,336,6,186.36,91.0,95.36000000000001,104.7912087912088
2026-04-02,363,1,147.39,72.0,75.38999999999999,104.70833333333331
2026-01-27,320,4,243.58,119.0,124.58000000000001,104.68907563025212
2026-03-08,351,5,1070.51,523.0,547.51,104.68642447418739
2026-06-30,277,2,6.14,3.0,3.1399999999999997,104.66666666666666
2026-01-25,374,2,12.28,6.0,6.279999999999999,104.66666666666666
2026-06-30,477,0,218.99,107.0,111.99000000000001,104.66355140186916
2025-09-06,483,0,685.58,335.0,350.58000000000004,104.65074626865673
2025-08-22,410,0,81.86,40.0,41.86,104.65
2026-02-04,274,4,79.81,39.0,40.81,104.64102564102564
2025-10-20,386,0,499.3,244.0,255.3,104.63114754098362
2025-10-02,387,0,896.03,438.0,458.03,104.57305936073058
2026-01-04,351,1,398.88,195.0,203.88,104.55384615384615
2025-08-09,442,1,1073.89,525.0,548.8900000000001,104.55047619047622
2025-08-09,360,1,719.96,352.0,367.96000000000004,104.53409090909092
2026-06-29,338,2,177.93,87.0,90.93,104.51724137931035
2025-09-26,319,7,16.36,8.0,8.36,104.5
2026-04-02,289,4,20.44,10.0,10.440000000000001,104.4
2025-09-08,405,0,89.93,44.0,45.93000000000001,104.38636363636364
2025-07-28,293,1,1003.53,491.0,512.53,104.38492871690428
2025-08-16,318,3,177.81,87.0,90.81,104.37931034482759
2026-04-06,519,0,183.94,90.0,93.94,104.37777777777777
2025-11-06,403,0,584.51,286.0,298.51,104.37412587412587
2025-10-06,336,6,149.19,73.0,76.19,104.36986301369862
2025-10-22,388,1,175.75,86.0,89.75,104.36046511627907
2025-08-28,433,1,308.57,151.0,157.57,104.35099337748343
2025-08-22,410,1,81.7,40.0,41.7,104.25
2025-08-28,433,0,308.35,151.0,157.35000000000002,104.20529801324506
2026-04-04,282,2,55.13,27.0,28.130000000000003,104.1851851851852
2025-11-06,348,1,183.75,90.0,93.75,104.16666666666667
2026-04-16,410,0,49.0,24.0,25.0,104.16666666666667
2025-08-18,318,3,49.0,24.0,25.0,104.16666666666667
2026-03-23,309,3,610.41,299.0,311.40999999999997,104.15050167224081
2026-01-27,501,1,44.91,22.0,22.909999999999997,104.13636363636363
2026-07-12,280,4,3524.93,1727.0,1797.9299999999998,104.10712217718586
2025-09-06,440,1,777.55,381.0,396.54999999999995,104.08136482939632
2026-01-19,388,7,144.87,71.0,73.87,104.04225352112677
2026-01-05,317,4,175.47,86.0,89.47,104.03488372093024
2025-10-02,396,0,1242.54,609.0,633.54,104.02955665024629
2025-09-09,334,2,26.52,13.0,13.52,104.0
2025-08-06,315,3,4.08,2.0,2.08,104.0
2026-04-10,348,7,6.12,3.0,3.12,104.0
2025-09-02,463,2,187.65,92.0,95.65,103.96739130434783
2026-02-18,386,2,36.71,18.0,18.71,103.94444444444444
2025-10-23,389,1,469.07,230.0,239.07,103.94347826086955
2026-02-09,509,7,163.14,80.0,83.13999999999999,103.92499999999998
2025-11-06,396,3,122.35,60.0,62.349999999999994,103.91666666666666
2025-07-30,279,2,44.86,22.0,22.86,103.9090909090909
2026-06-08,405,2,20.39,10.0,10.39,103.90000000000002
2026-05-05,289,2,16.31,8.0,8.309999999999999,103.87499999999999
2026-01-27,488,0,191.62,94.0,97.62,103.85106382978724
2026-04-16,410,1,48.92,24.0,24.92,103.83333333333333
2025-09-11,445,0,46.88,23.0,23.880000000000003,103.82608695652176
2026-07-17,479,2,10.19,5.0,5.1899999999999995,103.79999999999998
2025-08-23,446,0,356.6,175.0,181.60000000000002,103.77142857142859
2025-10-22,382,2,175.21,86.0,89.21000000000001,103.7325581395349
2025-11-10,442,2,22.4,11.0,11.399999999999999,103.63636363636361
2025-12-04,303,2,22.4,11.0,11.399999999999999,103.63636363636361
2026-01-02,406,0,89.6,44.0,45.599999999999994,103.63636363636361
2026-03-05,291,4,61.08,30.0,31.08,103.60000000000001
2026-01-14,479,2,10.18,5.0,5.18,103.60000000000001
2025-09-06,483,1,682.0,335.0,347.0,103.5820895522388
2026-05-24,334,3,63.09,31.0,32.09,103.51612903225809
2026-06-30,477,1,217.75,107.0,110.75,103.50467289719627
2025-10-20,440,0,620.57,305.0,315.57000000000005,103.46557377049182
2026-03-08,351,2,1092.42,537.0,555.4200000000001,103.43016759776538
2026-03-16,480,6,58.99,29.0,29.990000000000002,103.4137931034483
2025-10-19,327,5,648.8,319.0,329.79999999999995,103.38557993730406
2025-10-20,440,1,620.3,305.0,315.29999999999995,103.37704918032786
2026-01-11,301,2,412.79,203.0,209.79000000000002,103.34482758620692
2025-07-26,449,1,309.08,152.0,157.07999999999998,103.34210526315788
2026-05-03,281,5,6.1,3.0,3.0999999999999996,103.33333333333331
2026-03-03,479,2,6.1,3.0,3.0999999999999996,103.33333333333331
2025-08-28,317,3,315.14,155.0,160.14,103.31612903225806
2026-03-04,301,1,406.6,200.0,206.60000000000002,103.30000000000001
2026-01-28,419,2,28.46,14.0,14.46,103.28571428571429
2025-12-06,339,4,85.38,42.0,43.379999999999995,103.28571428571426
2025-10-23,352,1,1933.09,951.0,982.0899999999999,103.26919032597266
2026-01-16,424,0,134.14,66.0,68.13999999999999,103.24242424242422
2026-02-25,516,1,34.55,17.0,17.549999999999997,103.23529411764704
2026-01-27,485,0,255.96,126.0,129.96,103.14285714285715
2026-07-12,398,1,16.25,8.0,8.25,103.125
2026-04-06,519,1,182.81,90.0,92.81,103.12222222222222
2026-03-14,294,1,426.55,210.0,216.55,103.11904761904762
2025-10-13,318,2,142.18,70.0,72.18,103.11428571428571
2025-09-11,445,1,46.71,23.0,23.71,103.08695652173914
2025-12-25,374,3,28.43,14.0,14.43,103.07142857142857
2026-06-06,339,0,1697.33,836.0,861.3299999999999,103.02990430622008
2026-04-08,405,0,26.39,13.0,13.39,103.0
2026-04-06,475,2,46.69,23.0,23.689999999999998,102.99999999999999
2025-11-13,362,2,2.03,1.0,1.0299999999999998,102.99999999999999
2026-05-23,520,4,2.03,1.0,1.0299999999999998,102.99999999999999
2025-08-26,362,0,119.75,59.0,60.75,102.96610169491525
2026-01-27,488,1,190.77,94.0,96.77000000000001,102.9468085106383
2026-07-06,383,2,50.72,25.0,25.72,102.88
2025-08-17,424,1,107.51,53.0,54.510000000000005,102.84905660377359
2026-02-09,510,1,359.04,177.0,182.04000000000002,102.84745762711867
2026-01-27,322,1,210.96,104.0,106.96000000000001,102.84615384615385
2026-05-16,334,2,56.79,28.0,28.79,102.82142857142857
2025-09-30,414,0,685.52,338.0,347.52,102.81656804733727
2026-01-15,424,0,206.87,102.0,104.87,102.81372549019608
2025-08-18,272,2,119.66,59.0,60.66,102.81355932203388
2025-09-08,330,3,93.29,46.0,47.290000000000006,102.80434782608697
2026-04-10,374,2,10.14,5.0,5.140000000000001,102.8
2026-03-04,336,6,83.14,41.0,42.14,102.78048780487805
2025-12-06,319,4,8.11,4.0,4.109999999999999,102.74999999999999
2026-04-07,516,2,38.52,19.0,19.520000000000003,102.73684210526316
2025-10-20,386,1,346.63,171.0,175.63,102.70760233918128
2025-10-28,380,2,362.79,179.0,183.79000000000002,102.6759776536313
2025-10-17,384,3,28.37,14.0,14.370000000000001,102.64285714285715
2026-03-03,503,1,85.1,42.0,43.099999999999994,102.6190476190476
2026-03-05,406,2,62.81,31.0,31.810000000000002,102.61290322580645
2026-04-20,448,2,20.26,10.0,10.260000000000002,102.60000000000002
2026-06-09,289,2,34.44,17.0,17.439999999999998,102.58823529411762
2025-09-22,319,2,50.64,25.0,25.64,102.56
2025-10-27,439,0,324.02,160.0,164.01999999999998,102.51249999999999
2026-03-04,332,4,317.84,157.0,160.83999999999997,102.44585987261145
2025-08-30,482,2,24.29,12.0,12.29,102.41666666666667
2025-10-02,282,2,105.24,52.0,53.239999999999995,102.38461538461539
2025-10-27,439,1,323.79,160.0,163.79000000000002,102.36875
2025-11-17,482,2,22.26,11.0,11.260000000000002,102.36363636363637
2026-04-17,336,4,107.25,53.0,54.25,102.35849056603774
2026-03-05,406,0,62.73,31.0,31.729999999999997,102.35483870967741
2025-10-08,353,1,131.53,65.0,66.53,102.35384615384615
2025-08-18,336,1,50.58,25.0,25.58,102.32
2025-10-06,485,1,184.1,91.0,93.1,102.30769230769229
2025-10-08,480,1,117.33,58.0,59.33,102.29310344827587
2026-06-05,334,2,14.16,7.0,7.16,102.28571428571429
2026-02-15,482,2,36.4,18.0,18.4,102.22222222222221
2025-10-20,332,4,149.64,74.0,75.63999999999999,102.2162162162162
2026-02-28,319,4,10.11,5.0,5.109999999999999,102.19999999999997
2025-10-31,282,0,367.93,182.0,185.93,102.15934065934067
2026-06-30,420,0,252.69,125.0,127.69,102.152
2026-07-15,361,1,30.32,15.0,15.32,102.13333333333334
2026-05-13,516,12,18.19,9.0,9.190000000000001,102.11111111111113
2026-06-17,514,0,757.85,375.0,382.85,102.09333333333335
2026-03-21,319,4,16.16,8.0,8.16,102.0
2026-03-28,319,4,10.1,5.0,5.1,102.0
2026-03-05,448,2,4.04,2.0,2.04,102.0
2026-02-02,510,3,280.76,139.0,141.76,101.98561151079136
2026-05-27,339,3,92.91,46.0,46.91,101.9782608695652
2026-03-16,487,1,179.76,89.0,90.75999999999999,101.97752808988763
2026-05-07,357,2,80.79,40.0,40.790000000000006,101.97500000000002
2025-08-25,360,2,62.6,31.0,31.6,101.93548387096773
2025-12-26,406,2,129.23,64.0,65.22999999999999,101.92187499999999
2025-10-20,380,0,599.67,297.0,302.66999999999996,101.9090909090909
2025-09-22,320,6,76.72,38.0,38.72,101.89473684210526
2026-07-03,447,0,292.72,145.0,147.72000000000003,101.87586206896553
2025-08-18,319,6,129.2,64.0,65.19999999999999,101.87499999999999
2026-01-16,424,1,133.21,66.0,67.21000000000001,101.83333333333336
2025-10-27,291,2,82.75,41.0,41.75,101.82926829268293
2026-05-30,392,2,462.15,229.0,233.14999999999998,101.8122270742358
2026-03-27,374,4,42.38,21.0,21.380000000000003,101.80952380952381
2025-11-06,403,3,137.22,68.0,69.22,101.79411764705881
2025-08-15,459,1,159.41,79.0,80.41,101.78481012658227
2025-09-23,274,7,32.28,16.0,16.28,101.75
2025-11-22,384,3,50.42,25.0,25.42,101.68000000000002
2026-03-18,404,1,6.05,3.0,3.05,101.66666666666666
2026-01-15,424,1,205.69,102.0,103.69,101.65686274509804
2025-12-13,481,1,217.73,108.0,109.72999999999999,101.60185185185185
2026-02-02,509,1,10.08,5.0,5.08,101.6
2025-08-16,337,2,241.84,120.0,121.84,101.53333333333335
2026-03-04,361,7,247.88,123.0,124.88,101.52845528455283
2026-01-17,371,3,199.5,99.0,100.5,101.51515151515152
2025-08-15,485,2,173.3,86.0,87.30000000000001,101.51162790697677
2025-12-22,479,2,16.12,8.0,8.120000000000001,101.50000000000001
2026-01-05,331,5,60.45,30.0,30.450000000000003,101.50000000000001
2025-09-23,309,2,437.25,217.0,220.25,101.49769585253456
2026-06-30,420,1,251.85,125.0,126.85,101.47999999999999
2025-10-29,348,4,128.94,64.0,64.94,101.46875
2026-01-02,406,2,88.63,44.0,44.629999999999995,101.43181818181817
2025-11-06,315,2,104.72,52.0,52.72,101.38461538461539
2026-06-25,357,0,1236.42,614.0,622.4200000000001,101.37133550488599
2026-04-17,481,0,245.66,122.0,123.66,101.36065573770492
2026-01-05,418,2,169.14,84.0,85.13999999999999,101.35714285714283
2025-08-11,391,3,225.46,112.0,113.46000000000001,101.30357142857143
2026-01-27,346,1,64.4,32.0,32.400000000000006,101.25000000000001
2025-08-20,322,0,32.2,16.0,16.200000000000003,101.25000000000001
2026-01-27,456,0,191.18,95.0,96.18,101.24210526315791
2026-07-03,447,1,291.79,145.0,146.79000000000002,101.2344827586207
2026-03-04,279,4,136.83,68.0,68.83000000000001,101.22058823529414
2025-10-29,480,3,104.63,52.0,52.629999999999995,101.21153846153845
2026-01-31,470,1,661.96,329.0,332.96000000000004,101.20364741641339
2025-10-27,388,6,50.3,25.0,25.299999999999997,101.19999999999997
2025-08-28,390,0,625.72,311.0,314.72,101.19614147909968
2025-10-23,398,1,120.71,60.0,60.709999999999994,101.18333333333331
2026-04-08,384,2,36.18,18.0,18.18,101.0
2025-10-28,334,2,24.12,12.0,12.120000000000001,101.0
2026-06-10,277,2,2.01,1.0,1.0099999999999998,100.99999999999997
2025-08-08,404,1,4.02,2.0,2.0199999999999996,100.99999999999997
2026-04-26,396,4,2.01,1.0,1.0099999999999998,100.99999999999997
2025-08-01,409,2,4.02,2.0,2.0199999999999996,100.99999999999997
2026-01-30,481,2,72.35,36.0,36.349999999999994,100.9722222222222
2026-04-09,339,3,192.93,96.0,96.93,100.96875
2025-11-18,444,1,72.34,36.0,36.34,100.94444444444446
2025-07-29,412,0,56.26,28.0,28.259999999999998,100.92857142857142
2025-10-27,383,0,116.52,58.0,58.519999999999996,100.89655172413792
2025-11-15,447,1,216.95,108.0,108.94999999999999,100.87962962962962
2025-10-02,387,1,879.79,438.0,441.78999999999996,100.86529680365297
2026-01-27,388,6,68.28,34.0,34.28,100.82352941176471
2026-01-18,388,7,415.57,207.0,208.57,100.7584541062802
2026-01-23,327,1,285.07,142.0,143.07,100.75352112676055
2025-12-26,334,2,8.03,4.0,4.029999999999999,100.74999999999999
2025-08-17,424,0,106.39,53.0,53.39,100.73584905660378
2025-10-23,352,0,2382.64,1187.0,1195.6399999999999,100.72788542544228
2026-04-25,273,3,26.09,13.0,13.09,100.69230769230768
2026-06-22,509,4,24.08,12.0,12.079999999999998,100.66666666666666
2026-02-28,392,3,118.39,59.0,59.39,100.66101694915255
2025-09-15,496,0,539.6,269.0,270.6,100.59479553903346
2026-02-15,288,4,284.84,142.0,142.83999999999997,100.59154929577463
2026-06-14,419,0,318.89,159.0,159.89,100.55974842767294
2026-01-31,470,0,659.79,329.0,330.78999999999996,100.54407294832825
2025-10-05,404,0,158.42,79.0,79.41999999999999,100.53164556962024
2026-01-16,459,1,8.02,4.0,4.02,100.49999999999999
2025-12-03,479,2,4.01,2.0,2.01,100.49999999999999
2026-03-04,361,3,288.7,144.0,144.7,100.4861111111111
2026-06-29,480,3,272.6,136.0,136.60000000000002,100.44117647058826
2025-08-29,406,0,104.22,52.0,52.22,100.42307692307692
2025-08-22,346,1,62.13,31.0,31.130000000000003,100.4193548387097
2025-10-27,501,1,58.12,29.0,29.119999999999997,100.41379310344827
2026-03-04,295,0,268.55,134.0,134.55,100.41044776119404
2025-10-29,387,0,274.56,137.0,137.56,100.4087591240876
2025-08-04,319,7,20.04,10.0,10.04,100.4
2025-10-24,388,1,140.27,70.0,70.27000000000001,100.3857142857143
2025-10-27,341,1,304.57,152.0,152.57,100.37499999999999
2026-01-01,348,3,711.31,355.0,356.30999999999995,100.36901408450703
2025-10-04,359,1,474.82,237.0,237.82,100.34599156118142
2025-09-15,496,1,538.93,269.0,269.92999999999995,100.34572490706317
2025-08-28,390,1,622.98,311.0,311.98,100.31511254019294
2026-04-02,509,5,96.15,48.0,48.150000000000006,100.3125
2026-03-21,419,4,46.07,23.0,23.07,100.30434782608695
2025-08-28,291,3,354.53,177.0,177.52999999999997,100.29943502824857
2025-10-08,291,3,354.5,177.0,177.5,100.2824858757062
2025-11-14,339,2,134.18,67.0,67.18,100.26865671641791
2026-02-02,308,4,122.16,61.0,61.16,100.2622950819672
2025-08-09,360,0,983.23,491.0,492.23,100.25050916496944
2025-12-17,289,4,16.02,8.0,8.02,100.25
2025-11-06,280,5,560.69,280.0,280.69000000000005,100.24642857142858
2026-06-30,531,2,34.04,17.0,17.04,100.23529411764704
2025-07-26,449,0,304.35,152.0,152.35000000000002,100.23026315789477
2026-03-04,295,1,268.27,134.0,134.26999999999998,100.20149253731343
2026-01-14,406,0,62.06,31.0,31.060000000000002,100.19354838709677
2025-10-13,303,2,44.04,22.0,22.04,100.18181818181817
2026-01-11,339,4,136.11,68.0,68.11000000000001,100.16176470588238
2026-03-23,411,0,162.13,81.0,81.13,100.16049382716048
2025-10-10,297,0,294.2,147.0,147.2,100.13605442176869
2026-01-25,509,3,58.03,29.0,29.03,100.10344827586208
2025-10-22,488,0,700.26,350.0,350.26,100.07428571428572
2025-08-18,277,2,0.0,4.0,4.0,100.0
2026-07-20,353,3,0.0,1.0,1.0,100.0
2026-07-20,362,2,0.0,2.0,2.0,100.0
2025-07-30,277,2,0.0,2.0,2.0,100.0
2026-01-16,348,7,0.0,2.0,2.0,100.0
2026-01-16,409,2,0.0,1.0,1.0,100.0
2026-02-05,277,2,0.0,1.0,1.0,100.0
2026-07-07,273,6,0.0,1.0,1.0,100.0
2026-01-28,507,3,0.0,98.0,98.0,100.0
2026-02-24,396,4,0.0,3.0,3.0,100.0
2026-01-29,277,2,0.0,2.0,2.0,100.0
2026-02-05,348,7,0.0,1.0,1.0,100.0
2025-10-27,337,1,0.0,3.0,3.0,100.0
2026-01-15,315,3,0.0,2.0,2.0,100.0
2026-06-03,520,5,0.0,6.0,6.0,100.0
2026-02-06,277,2,0.0,1.0,1.0,100.0
2026-01-17,315,3,0.0,2.0,2.0,100.0
2025-08-31,348,7,0.0,3.0,3.0,100.0
2025-08-31,396,4,0.0,4.0,4.0,100.0
2026-03-04,509,6,0.0,6.0,6.0,100.0
2026-02-21,513,1,0.0,282.0,282.0,100.0
2026-01-08,348,7,0.0,2.0,2.0,100.0
2026-01-28,507,1,0.0,86.0,86.0,100.0
2026-01-28,507,2,0.0,105.0,105.0,100.0
2026-01-08,507,0,0.0,368.0,368.0,100.0
2026-01-08,507,1,0.0,75.0,75.0,100.0
2026-01-08,507,2,0.0,70.0,70.0,100.0
2025-12-08,409,2,0.0,1.0,1.0,100.0
2026-02-23,348,7,0.0,1.0,1.0,100.0
2026-03-04,396,4,0.0,1.0,1.0,100.0
2026-02-04,362,2,0.0,1.0,1.0,100.0
2026-02-04,404,1,0.0,3.0,3.0,100.0
2026-01-08,507,3,0.0,71.0,71.0,100.0
2026-03-04,459,1,0.0,1.0,1.0,100.0
2025-11-10,315,3,0.0,3.0,3.0,100.0
2026-07-20,273,6,0.0,1.0,1.0,100.0
2025-08-18,404,1,0.0,3.0,3.0,100.0
2025-08-18,409,2,0.0,1.0,1.0,100.0
2026-04-20,348,7,0.0,3.0,3.0,100.0
2026-01-28,404,1,0.0,8.0,8.0,100.0
2025-08-18,348,7,0.0,1.0,1.0,100.0
2025-12-29,409,2,0.0,1.0,1.0,100.0
2025-07-28,409,2,0.0,1.0,1.0,100.0
2026-07-20,534,4,4.0,2.0,2.0,100.0
2026-07-21,273,6,0.0,1.0,1.0,100.0
2025-11-09,396,4,0.0,2.0,2.0,100.0
2025-12-29,396,4,0.0,1.0,1.0,100.0
2026-02-08,277,2,0.0,6.0,6.0,100.0
2025-10-28,337,0,0.0,1.0,1.0,100.0
2026-04-15,396,4,0.0,1.0,1.0,100.0
2025-10-27,348,7,0.0,2.0,2.0,100.0
2026-02-02,404,1,0.0,14.0,14.0,100.0
2026-02-02,409,2,0.0,1.0,1.0,100.0
2026-04-04,348,7,0.0,1.0,1.0,100.0
2025-12-04,277,2,0.0,3.0,3.0,100.0
2026-01-31,348,7,0.0,2.0,2.0,100.0
2026-01-28,507,4,0.0,174.0,174.0,100.0
2026-02-04,315,3,0.0,5.0,5.0,100.0
2025-08-19,348,7,0.0,1.0,1.0,100.0
2025-08-19,362,2,0.0,1.0,1.0,100.0
2025-08-19,374,2,0.0,6.0,6.0,100.0
2026-01-28,409,2,0.0,1.0,1.0,100.0
2025-08-18,463,0,0.0,24.0,24.0,100.0
2025-08-18,463,2,0.0,2.0,2.0,100.0
2026-02-08,362,2,0.0,2.0,2.0,100.0
2025-12-03,277,2,0.0,4.0,4.0,100.0
2026-01-07,396,4,0.0,1.0,1.0,100.0
2026-01-07,404,1,0.0,6.0,6.0,100.0
2026-02-08,409,2,0.0,1.0,1.0,100.0
2026-07-08,277,2,0.0,2.0,2.0,100.0
2025-08-19,277,2,0.0,2.0,2.0,100.0
2026-01-08,404,1,0.0,9.0,9.0,100.0
2025-08-19,396,4,0.0,1.0,1.0,100.0
2025-08-19,409,2,0.0,3.0,3.0,100.0
2026-02-09,409,2,0.0,1.0,1.0,100.0
2025-10-06,442,2,0.0,4.0,4.0,100.0
2025-10-03,362,2,0.0,1.0,1.0,100.0
2025-10-03,409,2,0.0,1.0,1.0,100.0
2026-01-28,348,7,0.0,2.0,2.0,100.0
2026-01-28,362,2,0.0,2.0,2.0,100.0
2026-02-09,277,2,0.0,2.0,2.0,100.0
2025-10-06,348,7,0.0,1.0,1.0,100.0
2025-08-16,404,1,0.0,13.0,13.0,100.0
2026-01-06,420,0,0.0,86.0,86.0,100.0
2026-01-06,420,1,0.0,86.0,86.0,100.0
2026-04-21,348,7,0.0,1.0,1.0,100.0
2026-04-22,348,7,0.0,3.0,3.0,100.0
2026-01-06,409,2,0.0,1.0,1.0,100.0
2025-09-02,419,1,0.0,3.0,3.0,100.0
2025-09-02,315,3,0.0,8.0,8.0,100.0
2025-12-02,396,4,0.0,1.0,1.0,100.0
2025-12-09,507,0,0.0,275.0,275.0,100.0
2025-10-26,290,2,0.0,1.0,1.0,100.0
2026-02-09,348,7,0.0,1.0,1.0,100.0
2026-01-28,277,2,0.0,3.0,3.0,100.0
2026-01-17,396,4,0.0,2.0,2.0,100.0
2026-01-17,409,2,0.0,1.0,1.0,100.0
2026-01-07,348,7,0.0,1.0,1.0,100.0
2025-11-17,409,2,0.0,2.0,2.0,100.0
2026-06-26,277,2,4.0,2.0,2.0,100.0
2025-10-03,414,1,0.0,197.0,197.0,100.0
2025-08-20,441,0,0.0,531.0,531.0,100.0
2026-01-19,409,2,0.0,1.0,1.0,100.0
2025-12-09,507,1,0.0,6.0,6.0,100.0
2025-12-09,507,2,0.0,71.0,71.0,100.0
2025-12-09,507,3,0.0,81.0,81.0,100.0
2025-12-09,507,4,0.0,117.0,117.0,100.0
2025-12-01,396,4,0.0,1.0,1.0,100.0
2025-12-01,459,1,4.0,2.0,2.0,100.0
2026-02-09,486,0,0.0,62.0,62.0,100.0
2025-11-06,315,3,0.0,2.0,2.0,100.0
2026-02-20,348,7,0.0,3.0,3.0,100.0
2026-02-20,362,2,0.0,3.0,3.0,100.0
2026-01-06,396,4,0.0,3.0,3.0,100.0
2026-01-06,404,1,0.0,2.0,2.0,100.0
2026-01-12,348,7,0.0,3.0,3.0,100.0
2025-08-17,362,2,0.0,3.0,3.0,100.0
2025-08-17,374,2,0.0,7.0,7.0,100.0
2025-08-17,409,2,0.0,4.0,4.0,100.0
2025-08-17,419,1,0.0,16.0,16.0,100.0
2025-10-03,442,2,0.0,4.0,4.0,100.0
2025-08-16,277,2,0.0,3.0,3.0,100.0
2025-08-26,348,7,0.0,2.0,2.0,100.0
2025-08-25,396,4,0.0,1.0,1.0,100.0
2025-09-03,396,4,0.0,1.0,1.0,100.0
2026-02-19,396,4,0.0,1.0,1.0,100.0
2026-02-19,409,2,0.0,1.0,1.0,100.0
2026-01-18,396,4,0.0,1.0,1.0,100.0
2026-01-18,409,2,0.0,2.0,2.0,100.0
2025-10-03,414,0,0.0,197.0,197.0,100.0
2025-10-25,409,2,0.0,1.0,1.0,100.0
2026-04-24,459,1,0.0,4.0,4.0,100.0
2025-08-20,277,2,0.0,3.0,3.0,100.0
2025-09-02,362,2,0.0,1.0,1.0,100.0
2025-11-10,396,4,0.0,1.0,1.0,100.0
2026-01-08,507,4,0.0,152.0,152.0,100.0
2025-12-04,396,4,0.0,2.0,2.0,100.0
2025-12-07,409,2,0.0,2.0,2.0,100.0
2026-07-21,353,3,0.0,14.0,14.0,100.0
2026-02-23,409,2,0.0,1.0,1.0,100.0
2026-03-04,348,7,0.0,1.0,1.0,100.0
2025-10-25,337,0,0.0,1.0,1.0,100.0
2025-09-02,460,0,0.0,56.0,56.0,100.0
2025-08-11,494,1,0.0,130.0,130.0,100.0
2025-11-17,362,2,0.0,2.0,2.0,100.0
2026-04-29,273,7,0.0,3.0,3.0,100.0
2025-08-20,441,1,0.0,531.0,531.0,100.0
2026-04-27,459,1,0.0,1.0,1.0,100.0
2026-06-24,520,6,0.0,4.0,4.0,100.0
2025-08-20,362,2,0.0,5.0,5.0,100.0
2025-08-20,409,2,0.0,2.0,2.0,100.0
2025-08-20,419,1,0.0,10.0,10.0,100.0
2026-02-24,362,2,0.0,3.0,3.0,100.0
2026-02-09,486,1,0.0,62.0,62.0,100.0
2026-01-27,404,1,0.0,1.0,1.0,100.0
2026-07-08,520,5,0.0,2.0,2.0,100.0
2026-07-08,534,1,0.0,3.0,3.0,100.0
2026-02-11,409,2,0.0,1.0,1.0,100.0
2026-02-24,277,2,0.0,1.0,1.0,100.0
2026-01-01,396,1,0.0,1.0,1.0,100.0
2026-01-27,409,2,0.0,1.0,1.0,100.0
2025-08-16,409,2,0.0,4.0,4.0,100.0
2025-08-16,348,7,0.0,4.0,4.0,100.0
2025-12-26,409,2,0.0,1.0,1.0,100.0
2025-08-25,315,3,0.0,1.0,1.0,100.0
2025-10-27,409,2,0.0,4.0,4.0,100.0
2026-02-19,348,7,0.0,1.0,1.0,100.0
2025-10-27,290,2,0.0,1.0,1.0,100.0
2025-09-08,411,1,0.0,18.0,18.0,100.0
2026-04-27,520,5,0.0,1.0,1.0,100.0
2025-09-15,315,3,0.0,1.0,1.0,100.0
2025-12-28,409,2,0.0,2.0,2.0,100.0
2026-01-02,277,2,0.0,2.0,2.0,100.0
2025-11-15,409,2,0.0,2.0,2.0,100.0
2026-07-13,534,1,0.0,2.0,2.0,100.0
2026-02-18,409,2,0.0,1.0,1.0,100.0
2026-05-16,348,7,0.0,5.0,5.0,100.0
2026-05-16,362,2,0.0,1.0,1.0,100.0
2025-08-11,348,7,0.0,2.0,2.0,100.0
2025-08-11,362,2,0.0,1.0,1.0,100.0
2025-09-15,409,2,0.0,1.0,1.0,100.0
2025-09-15,348,7,0.0,1.0,1.0,100.0
2026-03-06,362,2,0.0,4.0,4.0,100.0
2025-09-08,362,2,0.0,1.0,1.0,100.0
2026-02-27,277,2,0.0,2.0,2.0,100.0
2026-01-27,396,4,0.0,1.0,1.0,100.0
2025-08-25,348,7,0.0,1.0,1.0,100.0
2025-08-25,362,2,0.0,1.0,1.0,100.0
2025-08-24,374,2,0.0,10.0,10.0,100.0
2025-08-24,396,4,0.0,1.0,1.0,100.0
2025-08-24,409,2,0.0,1.0,1.0,100.0
2025-08-25,277,2,0.0,5.0,5.0,100.0
2026-01-20,348,7,0.0,1.0,1.0,100.0
2025-08-21,348,7,0.0,1.0,1.0,100.0
2025-07-25,348,7,0.0,1.0,1.0,100.0
2025-11-16,409,2,0.0,3.0,3.0,100.0
2026-05-16,435,0,0.0,284.0,284.0,100.0
2026-05-16,435,1,0.0,284.0,284.0,100.0
2025-08-25,404,1,0.0,5.0,5.0,100.0
2025-08-25,409,2,0.0,1.0,1.0,100.0
2025-09-13,409,2,6.0,3.0,3.0,100.0
2026-01-27,362,2,0.0,2.0,2.0,100.0
2026-02-03,396,4,0.0,4.0,4.0,100.0
2025-10-04,277,2,0.0,1.0,1.0,100.0
2026-02-01,409,2,0.0,5.0,5.0,100.0
2026-07-10,534,1,0.0,2.0,2.0,100.0
2026-05-13,520,5,0.0,1.0,1.0,100.0
2026-01-05,396,4,0.0,1.0,1.0,100.0
2026-01-05,409,2,0.0,1.0,1.0,100.0
2025-09-05,419,1,0.0,6.0,6.0,100.0
2025-12-10,507,1,0.0,17.0,17.0,100.0
2026-03-08,348,7,0.0,3.0,3.0,100.0
2026-01-20,409,2,0.0,3.0,3.0,100.0
2026-01-19,439,0,0.0,192.0,192.0,100.0
2026-01-19,439,1,0.0,192.0,192.0,100.0
2025-11-05,362,2,0.0,2.0,2.0,100.0
2025-11-05,337,2,0.0,15.0,15.0,100.0
2026-05-15,277,2,0.0,3.0,3.0,100.0
2025-09-08,396,4,0.0,3.0,3.0,100.0
2026-07-09,534,1,0.0,3.0,3.0,100.0
2026-07-10,348,7,0.0,2.0,2.0,100.0
2025-08-24,277,2,0.0,4.0,4.0,100.0
2025-08-21,409,2,0.0,3.0,3.0,100.0
2025-08-17,396,4,0.0,1.0,1.0,100.0
2026-01-12,362,2,0.0,1.0,1.0,100.0
2025-08-28,463,0,0.0,76.0,76.0,100.0
2026-01-30,348,7,0.0,2.0,2.0,100.0
2025-09-08,409,2,0.0,1.0,1.0,100.0
2026-03-02,404,1,0.0,3.0,3.0,100.0
2025-11-21,409,2,0.0,5.0,5.0,100.0
2026-07-22,362,2,0.0,2.0,2.0,100.0
2026-01-31,277,2,0.0,2.0,2.0,100.0
2025-08-28,463,1,0.0,36.0,36.0,100.0
2025-08-28,463,2,0.0,40.0,40.0,100.0
2025-07-25,396,4,0.0,2.0,2.0,100.0
2026-01-20,451,0,0.0,81.0,81.0,100.0
2026-01-20,451,1,0.0,81.0,81.0,100.0
2026-05-02,277,2,0.0,3.0,3.0,100.0
2025-08-22,277,2,0.0,2.0,2.0,100.0
2025-08-21,362,2,0.0,1.0,1.0,100.0
2025-08-21,374,2,0.0,1.0,1.0,100.0
2025-08-21,396,4,0.0,1.0,1.0,100.0
2026-03-04,277,2,0.0,1.0,1.0,100.0
2025-11-15,315,3,0.0,11.0,11.0,100.0
2025-11-15,362,2,0.0,1.0,1.0,100.0
2025-11-15,396,4,0.0,1.0,1.0,100.0
2026-01-02,404,1,0.0,11.0,11.0,100.0
2025-11-02,272,0,0.0,1.0,1.0,100.0
2025-10-03,277,2,0.0,1.0,1.0,100.0
2026-01-09,315,3,0.0,2.0,2.0,100.0
2026-05-02,348,7,0.0,1.0,1.0,100.0
2026-05-02,396,4,0.0,1.0,1.0,100.0
2025-10-09,463,0,0.0,262.0,262.0,100.0
2025-10-09,463,1,0.0,105.0,105.0,100.0
2026-04-02,409,2,0.0,1.0,1.0,100.0
2026-01-09,396,4,0.0,4.0,4.0,100.0
2025-08-23,396,4,0.0,6.0,6.0,100.0
2025-11-05,315,3,0.0,3.0,3.0,100.0
2026-03-02,315,3,0.0,2.0,2.0,100.0
2026-03-03,409,2,0.0,2.0,2.0,100.0
2026-01-21,315,3,0.0,2.0,2.0,100.0
2026-01-21,348,7,0.0,2.0,2.0,100.0
2026-01-22,315,3,0.0,5.0,5.0,100.0
2026-01-22,362,2,0.0,1.0,1.0,100.0
2025-11-07,315,3,0.0,1.0,1.0,100.0
2025-12-17,505,2,0.0,1.0,1.0,100.0
2026-05-04,273,6,0.0,1.0,1.0,100.0
2026-05-02,459,1,0.0,1.0,1.0,100.0
2026-05-02,520,5,0.0,1.0,1.0,100.0
2026-01-11,348,7,0.0,2.0,2.0,100.0
2025-11-03,277,2,0.0,3.0,3.0,100.0
2026-07-16,273,6,0.0,2.0,2.0,100.0
2026-07-16,277,2,0.0,3.0,3.0,100.0
2025-08-04,396,4,0.0,1.0,1.0,100.0
2026-05-02,273,6,0.0,8.0,8.0,100.0
2026-05-02,273,7,0.0,5.0,5.0,100.0
2026-02-17,409,2,0.0,1.0,1.0,100.0
2025-08-04,409,2,0.0,2.0,2.0,100.0
2026-01-11,362,2,0.0,3.0,3.0,100.0
2025-10-27,396,4,0.0,2.0,2.0,100.0
2025-07-28,348,7,0.0,1.0,1.0,100.0
2025-08-17,277,2,0.0,3.0,3.0,100.0
2026-01-28,505,3,0.0,2.0,2.0,100.0
2026-04-15,273,7,0.0,2.0,2.0,100.0
2026-01-03,348,7,0.0,2.0,2.0,100.0
2026-04-15,409,2,0.0,40.0,40.0,100.0
2025-08-22,348,7,0.0,2.0,2.0,100.0
2025-10-13,435,1,0.0,9.0,9.0,100.0
2025-11-04,315,3,0.0,6.0,6.0,100.0
2025-11-04,337,1,0.0,3.0,3.0,100.0
2025-11-04,337,2,0.0,2.0,2.0,100.0
2026-07-16,463,0,0.0,227.0,227.0,100.0
2025-11-04,396,4,0.0,1.0,1.0,100.0
2025-09-07,277,2,2.0,1.0,1.0,100.0
2026-05-08,442,2,0.0,1.0,1.0,100.0
2026-05-06,520,5,0.0,1.0,1.0,100.0
2025-09-11,485,1,0.0,174.0,174.0,100.0
2025-09-11,485,2,0.0,64.0,64.0,100.0
2025-10-13,435,0,0.0,9.0,9.0,100.0
2025-10-26,409,2,0.0,3.0,3.0,100.0
2026-05-06,273,7,0.0,2.0,2.0,100.0
2026-05-06,362,2,0.0,1.0,1.0,100.0
2026-02-16,409,2,0.0,1.0,1.0,100.0
2025-09-11,315,3,0.0,3.0,3.0,100.0
2025-12-29,277,2,0.0,1.0,1.0,100.0
2025-08-22,374,2,0.0,4.0,4.0,100.0
2026-01-03,396,4,0.0,2.0,2.0,100.0
2026-01-03,409,2,0.0,1.0,1.0,100.0
2026-02-18,348,7,0.0,1.0,1.0,100.0
2026-05-04,348,7,0.0,4.0,4.0,100.0
2025-11-02,337,1,0.0,13.0,13.0,100.0
2025-11-02,409,2,0.0,2.0,2.0,100.0
2025-11-19,409,2,0.0,1.0,1.0,100.0
2025-10-09,463,2,0.0,157.0,157.0,100.0
2025-11-03,409,2,0.0,1.0,1.0,100.0
2025-11-04,277,2,0.0,1.0,1.0,100.0
2025-10-03,348,7,0.0,2.0,2.0,100.0
2026-04-01,409,2,0.0,1.0,1.0,100.0
2025-10-03,315,3,0.0,2.0,2.0,100.0
2025-11-03,348,7,0.0,3.0,3.0,100.0
2025-08-22,409,2,0.0,4.0,4.0,100.0
2025-08-22,362,2,0.0,1.0,1.0,100.0
2026-02-15,409,2,0.0,5.0,5.0,100.0
2026-02-15,459,1,0.0,11.0,11.0,100.0
2025-10-13,272,2,0.0,2.0,2.0,100.0
2025-11-19,470,0,0.0,286.0,286.0,100.0
2025-11-04,348,7,0.0,2.0,2.0,100.0
2026-01-04,409,2,0.0,3.0,3.0,100.0
2026-01-05,277,2,0.0,1.0,1.0,100.0
2026-02-16,348,7,0.0,1.0,1.0,100.0
2025-12-08,396,4,0.0,2.0,2.0,100.0
2026-03-04,404,1,0.0,3.0,3.0,100.0
2026-03-02,348,7,0.0,2.0,2.0,100.0
2025-11-07,396,4,0.0,1.0,1.0,100.0
2026-03-04,409,2,0.0,2.0,2.0,100.0
2025-11-19,470,1,0.0,286.0,286.0,100.0
2025-07-24,419,1,0.0,1.0,1.0,100.0
2026-02-03,277,2,0.0,2.0,2.0,100.0
2026-02-04,409,2,0.0,3.0,3.0,100.0
2026-07-22,520,5,0.0,3.0,3.0,100.0
2026-03-03,396,4,0.0,1.0,1.0,100.0
2025-12-06,362,2,0.0,1.0,1.0,100.0
2025-12-06,409,2,0.0,1.0,1.0,100.0
2026-07-23,520,5,0.0,1.0,1.0,100.0
2025-07-25,277,2,0.0,3.0,3.0,100.0
2025-09-08,411,0,0.0,18.0,18.0,100.0
2026-03-03,362,2,0.0,3.0,3.0,100.0
2026-05-04,520,5,0.0,1.0,1.0,100.0
2026-02-15,348,7,0.0,1.0,1.0,100.0
2025-09-09,362,2,0.0,2.0,2.0,100.0
2026-05-04,396,4,0.0,1.0,1.0,100.0
2025-08-17,348,7,0.0,2.0,2.0,100.0
2026-07-22,534,1,0.0,1.0,1.0,100.0
2026-04-15,281,5,10.0,5.0,5.0,100.0
2025-07-29,277,2,0.0,3.0,3.0,100.0
2025-11-09,362,2,0.0,4.0,4.0,100.0
2025-11-06,409,2,0.0,2.0,2.0,100.0
2025-08-28,472,0,0.0,85.0,85.0,100.0
2026-06-03,273,7,0.0,2.0,2.0,100.0
2026-06-03,277,2,0.0,1.0,1.0,100.0
2025-12-05,409,2,0.0,2.0,2.0,100.0
2025-11-04,409,2,0.0,2.0,2.0,100.0
2025-08-11,494,2,0.06,113.0,112.94,99.94690265486726
2025-11-15,447,0,215.94,108.0,107.94,99.94444444444444
2025-08-11,494,0,0.14,243.0,242.86,99.94238683127573
2026-03-06,336,2,29.99,15.0,14.989999999999998,99.93333333333332
2025-07-29,412,1,55.98,28.0,27.979999999999997,99.92857142857142
2025-09-30,414,1,675.73,338.0,337.73,99.92011834319527
2026-03-05,324,4,0.54,579.0,578.46,99.90673575129534
2026-06-22,282,4,119.94,60.0,59.94,99.9
2026-05-02,281,5,0.01,9.0,8.99,99.8888888888889
2026-04-10,388,6,51.97,26.0,25.97,99.88461538461539
2025-09-24,368,3,1.37,969.0,967.63,99.85861713106296
2026-02-19,494,1,0.1,64.0,63.9,99.84375
2026-06-02,509,6,11.99,6.0,5.99,99.83333333333334
2026-01-02,404,2,0.6,350.0,349.4,99.82857142857142
2026-02-19,494,2,0.11,62.0,61.89,99.8225806451613
2025-09-11,485,0,0.44,238.0,237.56,99.81512605042016
2025-09-06,288,6,51.95,26.0,25.950000000000003,99.80769230769232
2025-11-01,355,1,159.84,80.0,79.84,99.8
2025-10-04,359,0,473.51,237.0,236.51,99.79324894514767
2025-08-28,321,5,153.84,77.0,76.84,99.7922077922078
2025-10-29,337,3,0.02,9.0,8.98,99.77777777777779
2025-10-13,297,2,71.92,36.0,35.92,99.77777777777779
2025-08-28,317,2,179.8,90.0,89.80000000000001,99.77777777777779
2026-07-06,277,2,0.01,4.0,3.99,99.75
2025-11-03,337,3,0.13,49.0,48.87,99.73469387755102
2025-10-26,391,3,403.46,202.0,201.45999999999998,99.73267326732672
2025-10-27,288,6,0.34,120.0,119.66,99.71666666666667
2026-02-21,513,2,0.78,258.0,257.22,99.69767441860466
2025-09-02,460,1,0.18,56.0,55.82,99.67857142857143
2025-09-14,396,4,5.99,3.0,2.99,99.66666666666667
2025-07-28,405,2,17.97,9.0,8.969999999999999,99.66666666666666
2026-06-17,514,1,748.71,375.0,373.71000000000004,99.656
2026-04-24,396,1,0.47,136.0,135.53,99.65441176470588
2025-12-13,503,2,207.64,104.0,103.63999999999999,99.65384615384613
2025-09-12,374,3,27.95,14.0,13.95,99.64285714285714
2025-08-07,469,1,0.6,168.0,167.4,99.64285714285714
2026-07-08,319,1,43.92,22.0,21.92,99.63636363636364
2026-03-19,472,1,231.57,116.0,115.57,99.62931034482759
2026-07-23,475,1,153.71,77.0,76.71000000000001,99.62337662337663
2025-08-07,480,2,35.93,18.0,17.93,99.6111111111111
2026-01-27,456,1,189.61,95.0,94.61000000000001,99.58947368421053
2026-07-15,289,1,103.78,52.0,51.78,99.57692307692308
2025-10-29,482,2,17.96,9.0,8.96,99.55555555555556
2025-11-26,336,3,135.69,68.0,67.69,99.54411764705881
2025-08-07,469,0,0.77,168.0,167.23,99.54166666666666
2025-10-27,345,1,440.98,221.0,219.98000000000002,99.53846153846155
2025-09-22,319,4,3.99,2.0,1.9900000000000002,99.50000000000001
2026-04-13,448,2,23.94,12.0,11.940000000000001,99.50000000000001
2025-09-04,396,4,0.01,2.0,1.99,99.5
2026-07-02,274,3,91.75,46.0,45.75,99.45652173913044
2025-12-24,420,1,2.43,443.0,440.57,99.45146726862303
2026-01-11,507,1,3.04,546.0,542.96,99.44322344322345
2025-08-28,352,2,566.41,284.0,282.40999999999997,99.44014084507042
2025-08-28,423,0,1.2,207.0,205.8,99.42028985507247
2026-01-02,404,0,2.1,361.0,358.9,99.41828254847644
2025-12-24,420,0,2.59,443.0,440.41,99.41534988713319
2026-05-07,272,4,1.66,282.0,280.34,99.41134751773049
2026-03-21,466,0,231.31,116.0,115.31,99.40517241379311
2026-04-23,307,2,546.35,274.0,272.35,99.39781021897811
2026-05-07,272,2,7.67,1228.0,1220.33,99.37540716612378
2026-05-29,372,4,279.1,140.0,139.10000000000002,99.35714285714288
2026-05-04,357,5,51.83,26.0,25.83,99.34615384615384
2025-10-22,488,1,697.7,350.0,347.70000000000005,99.34285714285716
2026-06-19,492,0,253.14,127.0,126.13999999999999,99.32283464566927
2025-08-14,274,7,37.87,19.0,18.869999999999997,99.3157894736842
2025-07-31,336,1,55.8,28.0,27.799999999999997,99.28571428571428
2025-10-02,319,7,43.84,22.0,21.840000000000003,99.2727272727273
2025-09-24,368,1,9.05,1199.0,1189.95,99.24520433694745
2025-08-28,423,1,1.57,207.0,205.43,99.2415458937198
2026-05-15,509,5,117.55,59.0,58.55,99.23728813559322
2025-11-03,383,2,37.85,19.0,18.85,99.21052631578948
2026-03-21,466,1,231.05,116.0,115.05000000000001,99.18103448275863
2026-04-15,507,4,270.87,136.0,134.87,99.16911764705883
2025-10-02,272,1,95.6,48.0,47.599999999999994,99.16666666666666
2026-02-07,428,1,185.19,93.0,92.19,99.12903225806451
2026-05-15,319,7,21.9,11.0,10.899999999999999,99.09090909090908
2026-01-08,510,2,7.92,866.0,858.08,99.08545034642032
2025-12-16,334,3,123.42,62.0,61.42,99.06451612903227
2026-02-07,428,0,185.11,93.0,92.11000000000001,99.04301075268819
2026-07-07,485,2,77.62,39.0,38.620000000000005,99.02564102564104
2026-02-19,494,0,1.24,126.0,124.76,99.01587301587303
2025-11-17,491,0,256.72,129.0,127.72000000000003,99.00775193798452
2025-10-27,306,0,139.3,70.0,69.30000000000001,99.00000000000003
2026-06-09,289,4,29.85,15.0,14.850000000000001,99.00000000000001
2025-08-18,374,2,0.01,1.0,0.99,99.0
2026-07-15,396,3,0.02,2.0,1.98,99.0
2025-10-24,315,3,3.98,2.0,1.98,99.0
2026-02-10,373,1,5.97,3.0,2.9699999999999998,98.99999999999999
2025-10-21,426,0,758.15,381.0,377.15,98.98950131233595
2026-07-20,338,2,111.43,56.0,55.43000000000001,98.98214285714288
2025-10-20,289,0,387.99,195.0,192.99,98.96923076923078
2026-05-28,481,0,310.37,156.0,154.37,98.9551282051282
2026-05-11,282,2,41.78,21.0,20.78,98.95238095238096
2025-08-28,474,0,137.27,69.0,68.27000000000001,98.94202898550726
2026-01-11,507,2,3.93,368.0,364.07,98.93206521739131
2025-08-28,470,0,445.55,224.0,221.55,98.90625
2025-09-03,486,1,0.91,82.0,81.09,98.89024390243902
2026-07-16,463,2,1.36,118.0,116.64,98.84745762711864
2026-03-23,411,1,161.06,81.0,80.06,98.8395061728395
2025-08-29,406,2,103.39,52.0,51.39,98.82692307692308
2025-10-06,347,3,145.14,73.0,72.13999999999999,98.82191780821915
2026-03-09,324,3,9.74,822.0,812.26,98.81508515815085
2026-01-14,406,2,61.63,31.0,30.630000000000003,98.80645161290323
2026-06-19,492,1,252.45,127.0,125.44999999999999,98.77952755905511
2026-02-16,404,1,0.16,13.0,12.84,98.76923076923076
2026-05-22,273,6,1.25,101.0,99.75,98.76237623762376
2026-03-23,273,5,9.84,785.0,775.16,98.74649681528662
2026-01-19,291,6,83.47,42.0,41.47,98.73809523809524
2026-01-18,371,1,629.99,317.0,312.99,98.73501577287065
2026-06-14,427,0,5.68,448.0,442.32,98.73214285714286
2026-07-04,419,0,158.98,80.0,78.97999999999999,98.72499999999998
2025-10-29,387,1,272.24,137.0,135.24,98.7153284671533
2026-04-21,341,2,210.63,106.0,104.63,98.70754716981132
2026-01-03,439,0,6.45,495.0,488.55,98.69696969696969
2025-09-03,486,0,1.08,82.0,80.92,98.6829268292683
2025-10-16,290,2,5.96,3.0,2.96,98.66666666666667
2026-05-07,520,5,0.04,3.0,2.96,98.66666666666667
2026-05-25,336,2,45.69,23.0,22.689999999999998,98.65217391304347
2025-08-28,474,1,137.06,69.0,68.06,98.6376811594203
2026-02-02,495,0,325.75,164.0,161.75,98.6280487804878
2025-11-06,280,0,4073.64,2051.0,2022.6399999999999,98.61725987323257
2026-03-23,273,4,22.15,1577.0,1554.85,98.59543436905516
2025-08-30,463,2,5.6,394.0,388.4,98.57868020304568
2026-05-16,404,1,0.1,7.0,6.9,98.57142857142858
2026-04-12,340,1,1040.19,524.0,516.19,98.50954198473283
2025-10-23,315,3,3.97,2.0,1.9700000000000002,98.50000000000001
2025-12-15,374,3,7.94,4.0,3.9400000000000004,98.50000000000001
2025-08-12,296,2,7.94,4.0,3.9400000000000004,98.50000000000001
2026-05-06,374,2,7.94,4.0,3.9400000000000004,98.50000000000001
2026-06-16,516,5,15.88,8.0,7.880000000000001,98.50000000000001
2025-10-08,321,1,131.01,66.0,65.00999999999999,98.49999999999999
2026-01-11,507,3,5.76,381.0,375.24,98.48818897637796
2026-01-03,439,1,7.64,495.0,487.36,98.45656565656566
2026-02-02,363,4,238.14,120.0,118.13999999999999,98.44999999999999
2026-04-17,427,0,160.73,81.0,79.72999999999999,98.43209876543209
2026-03-14,334,3,174.62,88.0,86.62,98.43181818181819
2026-04-15,336,5,150.8,76.0,74.80000000000001,98.42105263157896
2026-01-27,291,4,109.13,55.0,54.129999999999995,98.41818181818181
2025-08-16,398,1,271.81,137.0,134.81,98.4014598540146
2025-09-11,405,2,9.92,5.0,4.92,98.4
2025-11-17,491,1,255.9,129.0,126.9,98.37209302325581
2026-02-18,282,4,65.45,33.0,32.45,98.33333333333334
2026-06-23,353,0,11.9,6.0,5.9,98.33333333333334
2026-04-16,475,2,43.63,22.0,21.630000000000003,98.31818181818183
2025-10-27,306,1,138.82,70.0,68.82,98.31428571428572
2026-01-05,319,1,63.46,32.0,31.46,98.3125
2026-03-04,316,2,230.03,116.0,114.03,98.30172413793103
2026-05-06,383,1,7.93,4.0,3.9299999999999997,98.25
2026-05-02,507,4,566.98,286.0,280.98,98.24475524475525
2025-12-02,469,0,75.33,38.0,37.33,98.23684210526315
2025-11-06,403,1,206.15,104.0,102.15,98.22115384615385
2026-05-07,272,0,64.0,3570.0,3506.0,98.20728291316526
2026-02-02,335,1,112.97,57.0,55.97,98.19298245614036
2025-08-23,447,1,269.53,136.0,133.52999999999997,98.18382352941174
2025-09-03,336,7,11.89,6.0,5.890000000000001,98.16666666666669
2026-06-15,433,0,231.85,117.0,114.85,98.16239316239316
2026-07-03,334,3,2.85,155.0,152.15,98.16129032258065
2026-07-18,510,5,162.49,82.0,80.49000000000001,98.15853658536587
2026-01-15,383,2,51.52,26.0,25.520000000000003,98.15384615384617
2026-03-04,332,2,168.43,85.0,83.43,98.15294117647059
2026-06-29,292,4,247.68,125.0,122.68,98.144
2026-02-02,495,1,324.95,164.0,160.95,98.14024390243901
2026-04-17,336,5,132.75,67.0,65.75,98.13432835820896
2025-12-29,382,2,315.03,159.0,156.02999999999997,98.1320754716981
2025-08-19,404,1,0.34,18.0,17.66,98.11111111111111
2025-10-26,461,1,352.62,178.0,174.62,98.10112359550563
2025-10-23,448,2,21.79,11.0,10.79,98.09090909090908
2026-01-01,506,1,18.77,976.0,957.23,98.07684426229508
2026-07-01,472,2,217.88,110.0,107.88,98.07272727272726
2026-01-01,506,0,18.9,976.0,957.1,98.06352459016394
2026-07-14,337,3,130.72,66.0,64.72,98.06060606060606
2025-10-26,475,0,489.17,247.0,242.17000000000002,98.04453441295547
2025-10-05,304,2,1354.61,684.0,670.6099999999999,98.04239766081871
2025-08-28,440,1,2.76,140.0,137.24,98.02857142857142
2026-05-15,516,2,65.34,33.0,32.34,98.00000000000001
2026-04-07,281,5,9.9,5.0,4.9,98.00000000000001
2026-03-06,476,1,0.92,46.0,45.08,98.0
2025-11-03,319,1,35.64,18.0,17.64,98.0
2026-04-15,277,2,0.04,2.0,1.96,98.0
2026-06-22,348,7,0.04,2.0,1.96,98.0
2026-03-06,315,3,1.98,1.0,0.98,98.0
2026-04-08,362,2,1.98,1.0,0.98,98.0
2026-01-28,463,0,296.98,150.0,146.98000000000002,97.98666666666668
2026-05-30,428,1,130.67,66.0,64.66999999999999,97.98484848484847
2026-01-28,507,0,9.34,463.0,453.66,97.98272138228941
2025-08-28,440,0,2.87,140.0,137.13,97.94999999999999
2026-01-27,291,2,89.07,45.0,44.06999999999999,97.93333333333332
2025-08-09,466,0,362.19,183.0,179.19,97.91803278688525
2025-10-20,485,0,316.66,160.0,156.66000000000003,97.91250000000001
2026-05-07,272,1,15.68,744.0,728.32,97.89247311827958
2026-05-09,448,2,15.83,8.0,7.83,97.875
2026-03-05,320,8,211.72,107.0,104.72,97.86915887850466
2026-02-03,435,0,110.8,56.0,54.8,97.85714285714285
2025-08-28,470,1,443.16,224.0,219.16000000000003,97.83928571428572
2026-01-07,289,4,23.74,12.0,11.739999999999998,97.83333333333331
2025-10-23,324,1,231.45,117.0,114.44999999999999,97.8205128205128
2025-11-06,280,6,963.28,487.0,476.28,97.79876796714578
2025-12-02,469,1,75.16,38.0,37.16,97.78947368421052
2026-05-18,297,2,55.38,28.0,27.380000000000003,97.78571428571429
2025-12-26,338,2,290.74,147.0,143.74,97.78231292517007
2026-02-03,435,1,110.74,56.0,54.739999999999995,97.74999999999999
2026-04-04,404,2,6.53,290.0,283.47,97.74827586206898
2026-07-17,486,0,201.7,102.0,99.69999999999999,97.74509803921568
2025-10-02,357,2,389.51,197.0,192.51,97.72081218274111
2026-03-06,476,0,1.05,46.0,44.95,97.71739130434783
2025-08-09,442,2,166.07,84.0,82.07,97.70238095238093
2025-12-14,340,4,102.8,52.0,50.8,97.6923076923077
2026-07-02,398,2,31.63,16.0,15.629999999999999,97.6875
2026-07-18,334,2,31.63,16.0,15.629999999999999,97.6875
2026-05-07,272,3,17.45,749.0,731.55,97.67022696929239
2026-04-04,404,0,6.86,294.0,287.14,97.66666666666666
2026-07-23,470,0,389.37,197.0,192.37,97.6497461928934
2026-05-04,302,3,381.4,193.0,188.39999999999998,97.61658031088082
2026-02-04,448,2,9.88,5.0,4.880000000000001,97.60000000000002
2026-04-24,273,6,2.17,90.0,87.83,97.58888888888889
2026-07-03,383,2,67.18,34.0,33.18000000000001,97.58823529411767
2025-10-26,461,0,351.69,178.0,173.69,97.57865168539325
2026-06-14,427,2,4.7,194.0,189.3,97.57731958762888
2026-03-30,336,2,27.66,14.0,13.66,97.57142857142857
2025-08-11,332,6,146.2,74.0,72.19999999999999,97.56756756756755
2026-05-26,272,4,4.55,187.0,182.45,97.56684491978609
2025-10-21,426,1,752.58,381.0,371.58000000000004,97.52755905511812
2026-07-16,448,2,15.8,8.0,7.800000000000001,97.50000000000001
2026-04-01,459,1,3.95,2.0,1.9500000000000002,97.50000000000001
2025-11-28,348,7,3.95,2.0,1.9500000000000002,97.50000000000001
2026-04-13,459,1,3.95,2.0,1.9500000000000002,97.50000000000001
2025-12-04,317,4,75.05,38.0,37.05,97.5
2025-08-18,318,1,242.92,123.0,119.91999999999999,97.49593495934958
2025-11-13,475,2,2.27,90.0,87.73,97.47777777777779
2025-12-26,417,1,302.14,153.0,149.14,97.47712418300652
2025-11-03,384,1,33.57,17.0,16.57,97.47058823529412
2026-05-08,482,2,17.77,9.0,8.77,97.44444444444444
2025-10-28,388,5,86.87,44.0,42.870000000000005,97.4318181818182
2026-02-02,427,2,55.28,28.0,27.28,97.42857142857143
2025-08-28,385,2,307.98,156.0,151.98000000000002,97.42307692307693
2026-07-07,362,2,0.13,5.0,4.87,97.39999999999999
2026-07-02,534,0,47.37,24.0,23.369999999999997,97.37499999999999
2026-01-06,493,0,242.76,123.0,119.75999999999999,97.36585365853658
2025-12-30,486,1,5.52,209.0,203.48,97.35885167464114
2025-12-26,336,5,345.36,175.0,170.36,97.34857142857145
2025-12-26,404,0,9.14,344.0,334.86,97.34302325581396
2025-09-01,421,2,118.4,60.0,58.400000000000006,97.33333333333334
2026-07-01,319,4,11.84,6.0,5.84,97.33333333333333
2025-10-15,448,2,1.52,57.0,55.48,97.33333333333333
2025-12-15,348,7,0.08,3.0,2.92,97.33333333333333
2025-11-21,363,1,8.78,324.0,315.22,97.29012345679013
2026-05-09,405,2,13.81,7.0,6.8100000000000005,97.28571428571429
2025-12-30,486,0,5.69,209.0,203.31,97.27751196172248
2026-02-06,274,6,78.91,40.0,38.91,97.27499999999999
2026-02-13,404,1,0.3,11.0,10.7,97.27272727272727
2026-02-21,513,0,14.74,540.0,525.26,97.27037037037037
2025-09-26,319,4,7.89,4.0,3.8899999999999997,97.24999999999999
2026-07-17,486,1,201.18,102.0,99.18,97.23529411764706
2026-03-04,281,5,1.83,66.0,64.17,97.22727272727273
2026-01-11,507,4,30.65,1099.0,1068.35,97.2111010009099
2026-05-30,428,0,130.15,66.0,64.15,97.1969696969697
2025-07-29,473,1,7.35,261.0,253.65,97.18390804597702
2026-04-25,334,3,90.7,46.0,44.7,97.17391304347827
2026-01-23,486,1,3.0,106.0,103.0,97.16981132075472
2026-01-23,404,1,0.17,6.0,5.83,97.16666666666667
2025-07-28,388,6,84.78,43.0,41.78,97.16279069767441
2026-05-15,516,1,51.26,26.0,25.259999999999998,97.15384615384615
2026-07-16,463,1,3.13,109.0,105.87,97.12844036697248
2026-06-13,273,7,5.12,178.0,172.88,97.12359550561797
2025-08-13,289,2,53.22,27.0,26.22,97.1111111111111
2026-07-05,495,1,46.26,1601.0,1554.74,97.1105559025609
2026-06-14,427,1,7.41,254.0,246.59,97.08267716535434
2026-07-05,495,0,46.97,1601.0,1554.03,97.06620861961274
2026-05-03,412,0,8.46,288.0,279.54,97.0625
2026-01-23,486,0,3.13,106.0,102.87,97.04716981132076
2025-10-08,288,4,139.88,71.0,68.88,97.01408450704224
2026-03-30,507,0,646.2,328.0,318.20000000000005,97.01219512195122
2025-11-14,482,2,21.67,11.0,10.670000000000002,97.00000000000001
2026-01-18,362,2,0.06,2.0,1.94,97.0
2026-07-10,273,6,0.03,1.0,0.97,97.0
2025-08-20,374,3,3.94,2.0,1.94,97.0
2026-01-12,404,1,0.15,5.0,4.85,97.0
2026-04-28,273,7,0.06,2.0,1.94,97.0
2026-04-09,362,2,1.97,1.0,0.97,97.0
2026-04-08,472,1,2.6,86.0,83.4,96.97674418604652
2026-04-08,472,2,2.37,78.0,75.63,96.96153846153845
2026-06-19,296,2,3.7,121.0,117.3,96.94214876033057
2025-11-03,336,2,17.72,9.0,8.719999999999999,96.88888888888889
2026-01-02,482,2,29.53,15.0,14.530000000000001,96.86666666666667
2025-08-21,357,1,515.77,262.0,253.76999999999998,96.85877862595419
2026-02-02,486,0,169.29,86.0,83.28999999999999,96.84883720930232
2025-08-23,322,2,41.09,1303.0,1261.91,96.84650805832695
2025-08-28,435,0,267.71,136.0,131.70999999999998,96.8455882352941
2025-07-29,473,0,8.26,261.0,252.74,96.8352490421456
2026-07-01,520,0,369.99,188.0,181.99,96.80319148936171
2026-07-18,405,0,5.02,157.0,151.98,96.80254777070063
2025-11-26,412,0,49.2,25.0,24.200000000000003,96.80000000000001
2026-03-05,315,0,16.39,508.0,491.61,96.7736220472441
2026-07-02,442,2,15.74,8.0,7.74,96.75
2025-11-29,334,2,3.36,103.0,99.64,96.7378640776699
2026-01-06,493,1,241.98,123.0,118.97999999999999,96.73170731707317
2026-01-28,503,1,114.1,58.0,56.099999999999994,96.72413793103448
2025-10-20,417,2,131.8,67.0,64.80000000000001,96.71641791044779
2026-04-06,509,2,112.11,57.0,55.11,96.68421052631578
2025-10-20,315,3,0.3,9.0,8.7,96.66666666666666
2026-03-31,334,3,5.57,167.0,161.43,96.66467065868264
2026-04-08,472,0,5.48,164.0,158.52,96.65853658536587
2026-07-01,468,0,112.09,57.0,55.09,96.64912280701755
2026-01-24,334,2,15.73,8.0,7.73,96.625
2026-05-03,412,1,9.75,288.0,278.25,96.61458333333334
2025-10-23,291,0,1559.12,793.0,766.1199999999999,96.61034047919293
2026-07-19,334,2,33.42,17.0,16.42,96.58823529411765
2026-07-15,291,2,1.51,44.0,42.49,96.56818181818181
2025-10-06,282,4,74.69,38.0,36.69,96.55263157894737
2026-07-23,274,0,619.08,315.0,304.08000000000004,96.53333333333335
2025-08-28,363,4,184.74,94.0,90.74000000000001,96.53191489361703
2026-03-25,510,3,155.26,79.0,76.25999999999999,96.53164556962024
2025-08-28,320,9,259.42,132.0,127.42000000000002,96.53030303030305
2025-07-26,316,2,674.05,343.0,331.04999999999995,96.51603498542272
2025-10-26,364,2,487.33,248.0,239.32999999999998,96.50403225806451
2026-07-12,277,2,3.93,2.0,1.9300000000000002,96.50000000000001
2025-09-19,348,7,3.93,2.0,1.9300000000000002,96.50000000000001
2026-07-10,520,5,0.07,2.0,1.93,96.5
2026-04-24,520,5,0.07,2.0,1.93,96.5
2025-11-10,486,0,3.28,93.0,89.72,96.47311827956989
2026-06-15,498,1,3.46,98.0,94.54,96.46938775510205
2026-05-16,463,1,3.25,92.0,88.75,96.46739130434783
2026-04-17,273,7,0.89,25.0,24.11,96.44
2025-09-22,291,6,86.43,44.0,42.43000000000001,96.4318181818182
2026-03-16,390,1,351.61,179.0,172.61,96.43016759776538
2026-05-09,319,4,13.75,7.0,6.75,96.42857142857143
2026-07-21,353,5,0.25,7.0,6.75,96.42857142857143
2025-09-06,348,5,398.72,203.0,195.72000000000003,96.41379310344828
2026-03-26,319,4,9.82,5.0,4.82,96.4
2025-07-31,494,1,0.18,5.0,4.82,96.4
2025-10-29,353,1,113.89,58.0,55.89,96.36206896551724
2025-08-07,487,0,471.26,240.0,231.26,96.35833333333333
2025-10-24,388,6,45.16,23.0,22.159999999999997,96.34782608695652
2026-06-15,498,0,3.59,98.0,94.41,96.33673469387755
2026-05-06,396,4,0.11,3.0,2.89,96.33333333333334
2026-03-16,398,2,17.67,9.0,8.670000000000002,96.33333333333334
2025-12-05,319,4,5.89,3.0,2.8899999999999997,96.33333333333333
2025-08-16,472,1,934.37,476.0,458.37,96.29621848739495
2026-01-31,505,3,2.27,61.0,58.73,96.27868852459017
2026-04-06,319,8,90.28,46.0,44.28,96.26086956521739
2025-09-03,480,2,17.66,9.0,8.66,96.22222222222221
2026-04-06,292,3,86.33,44.0,42.33,96.20454545454545
2025-11-10,486,1,3.53,93.0,89.47,96.20430107526882
2025-08-28,317,4,182.46,93.0,89.46000000000001,96.19354838709678
2026-05-30,461,1,156.92,80.0,76.91999999999999,96.14999999999998
2025-08-28,435,1,266.76,136.0,130.76,96.1470588235294
2026-05-07,272,5,10.68,275.0,264.32,96.11636363636363
2026-07-13,374,2,17.65,9.0,8.649999999999999,96.11111111111109
2025-09-10,319,1,19.61,10.0,9.61,96.1
2026-07-18,405,1,4.92,126.0,121.08,96.09523809523809
2025-08-29,415,0,4.15,106.0,101.85,96.08490566037734
2025-08-29,415,1,4.15,106.0,101.85,96.08490566037734
2025-09-16,280,7,84.31,43.0,41.31,96.06976744186046
2025-11-01,315,0,850.9,434.0,416.9,96.05990783410138
2025-10-03,331,5,76.46,39.0,37.459999999999994,96.05128205128204
2025-08-18,385,2,337.2,172.0,165.2,96.04651162790697
2026-07-09,446,1,11.21,281.0,269.79,96.01067615658364
2025-07-24,319,7,17.64,9.0,8.64,96.00000000000001
2025-08-25,448,2,9.8,5.0,4.800000000000001,96.00000000000001
2025-09-29,398,2,17.64,9.0,8.64,96.00000000000001
2026-04-20,516,12,13.72,7.0,6.720000000000001,96.00000000000001
2026-02-27,409,2,0.04,1.0,0.96,96.0
2025-09-18,348,7,3.92,2.0,1.92,96.0
2026-03-02,509,1,7.84,4.0,3.84,96.0
2025-11-27,409,2,1.96,1.0,0.96,96.0
2026-04-23,348,7,1.96,1.0,0.96,96.0
2026-03-10,374,3,7.84,4.0,3.84,96.0
2026-01-22,396,4,0.04,1.0,0.96,96.0
2025-08-20,366,3,533.11,272.0,261.11,95.99632352941177
2026-05-10,272,3,689.9,352.0,337.9,95.99431818181817
2025-11-26,412,1,48.99,25.0,23.990000000000002,95.96000000000001
2026-04-04,361,4,96.02,49.0,47.019999999999996,95.95918367346938
2026-01-18,509,3,30.92,765.0,734.08,95.95816993464052
2026-07-09,446,0,11.44,281.0,269.56,95.9288256227758
2026-05-18,465,0,160.65,82.0,78.65,95.91463414634147
2026-01-08,510,1,29.45,719.0,689.55,95.90403337969401
2026-03-31,398,2,19.59,10.0,9.59,95.89999999999999
2026-02-09,510,5,235.03,120.0,115.03,95.85833333333333
2026-01-23,509,1,27.42,14.0,13.420000000000002,95.85714285714288
2026-01-16,411,0,262.43,134.0,128.43,95.84328358208955
2025-11-06,380,0,462.16,236.0,226.16000000000003,95.83050847457628
2026-03-13,361,5,54.83,28.0,26.83,95.82142857142857
2026-04-19,321,3,438.64,224.0,214.64,95.82142857142857
2025-10-26,280,3,1572.43,803.0,769.4300000000001,95.81942714819428
2025-10-20,355,6,109.65,56.0,53.650000000000006,95.80357142857144
2026-01-27,418,0,213.42,109.0,104.41999999999999,95.79816513761466
2025-08-05,482,2,17.62,9.0,8.620000000000001,95.77777777777779
2025-08-29,362,2,0.38,9.0,8.62,95.77777777777777
2026-03-27,509,4,7.83,4.0,3.83,95.75
2025-08-09,466,1,358.22,183.0,175.22000000000003,95.74863387978144
2026-07-04,391,2,268.17,137.0,131.17000000000002,95.74452554744526
2025-10-09,336,2,21.53,11.0,10.530000000000001,95.72727272727273
2025-08-28,308,3,91.99,47.0,44.989999999999995,95.72340425531914
2025-08-17,475,1,363.98,186.0,177.98000000000002,95.68817204301077
2025-08-29,425,2,7.61,176.0,168.39,95.67613636363636
2026-06-04,334,3,91.96,47.0,44.959999999999994,95.6595744680851
2026-03-26,384,1,45.0,23.0,22.0,95.65217391304348
2026-06-10,296,2,1.92,44.0,42.08,95.63636363636363
2026-04-28,355,1,25.43,13.0,12.43,95.61538461538461
2025-10-06,291,5,371.65,190.0,181.64999999999998,95.60526315789473
2025-12-05,319,8,97.8,50.0,47.8,95.6
2026-05-30,461,0,156.44,80.0,76.44,95.55
2026-03-08,319,3,136.88,70.0,66.88,95.54285714285714
2025-08-03,279,2,123.16,63.0,60.16,95.49206349206348
2025-11-18,507,3,86.01,44.0,42.010000000000005,95.47727272727275
2026-07-01,468,1,111.42,57.0,54.42,95.47368421052632
2025-12-26,418,1,123.14,63.0,60.14,95.46031746031746
2025-10-02,294,2,693.88,355.0,338.88,95.45915492957747
2026-07-18,405,2,1.41,31.0,29.59,95.45161290322581
2026-01-16,411,1,261.9,134.0,127.89999999999998,95.44776119402984
2026-07-11,353,3,8.8,193.0,184.2,95.44041450777202
2026-04-29,333,0,492.45,252.0,240.45,95.41666666666666
2025-12-01,363,1,9.77,5.0,4.77,95.39999999999999
2026-04-22,480,4,25.4,13.0,12.399999999999999,95.38461538461537
2025-11-15,363,1,0.37,8.0,7.63,95.375
2026-01-27,463,1,205.11,105.0,100.11000000000001,95.34285714285716
2025-10-20,327,2,212.92,109.0,103.91999999999999,95.3394495412844
2025-12-03,404,1,5.86,3.0,2.8600000000000003,95.33333333333334
2025-12-25,485,2,162.12,83.0,79.12,95.32530120481928
2026-05-05,306,1,5.24,112.0,106.76,95.32142857142858
2026-04-30,304,2,31.02,663.0,631.98,95.32126696832579
2025-10-06,480,1,164.06,84.0,80.06,95.30952380952381
2026-03-05,282,0,16.07,342.0,325.93,95.30116959064327
2025-10-26,446,0,705.03,361.0,344.03,95.29916897506925
2026-07-08,472,1,93.74,48.0,45.739999999999995,95.29166666666666
2025-10-03,427,2,68.35,35.0,33.349999999999994,95.28571428571428
2026-01-26,424,0,121.07,62.0,59.06999999999999,95.27419354838709
2026-02-15,288,1,288.98,148.0,140.98000000000002,95.25675675675677
2026-02-23,510,3,117.15,60.0,57.150000000000006,95.25000000000001
2026-07-11,353,0,15.52,325.0,309.48,95.22461538461539
2025-08-20,301,1,361.16,185.0,176.16000000000003,95.22162162162164
2026-01-08,280,1,62.47,32.0,30.47,95.21875
2025-10-18,290,2,6.58,137.0,130.42,95.19708029197079
2025-11-24,498,0,113.21,58.0,55.209999999999994,95.18965517241378
2025-10-03,348,5,230.32,118.0,112.32,95.1864406779661
2026-07-15,353,2,1.89,39.0,37.11,95.15384615384616
2025-09-11,397,4,115.14,59.0,56.14,95.15254237288136
2025-11-17,482,0,115.14,59.0,56.14,95.15254237288136
2026-05-05,306,0,5.47,112.0,106.53,95.11607142857143
2026-04-02,333,3,144.38,74.0,70.38,95.1081081081081
2026-07-10,283,0,1076.93,552.0,524.9300000000001,95.09601449275364
2026-01-26,424,1,120.95,62.0,58.95,95.08064516129032
2025-10-20,360,1,278.94,143.0,135.94,95.06293706293705
2026-02-02,289,2,40.96,21.0,19.96,95.04761904761905
2026-01-24,505,3,3.03,61.0,57.97,95.0327868852459
2025-10-05,304,1,850.34,436.0,414.34000000000003,95.03211009174312
2026-07-10,477,1,11.38,228.0,216.62,95.00877192982456
2025-11-20,315,3,3.9,2.0,1.9,95.0
2026-01-23,348,7,0.1,2.0,1.9,95.0
2025-12-17,374,2,9.75,5.0,4.75,95.0
2026-07-03,534,1,7.8,4.0,3.8,95.0
2025-11-03,382,2,136.49,70.0,66.49000000000001,94.9857142857143
2025-10-05,424,1,126.69,65.0,61.69,94.9076923076923
2026-07-10,477,0,11.62,228.0,216.38,94.90350877192982
2026-06-25,319,7,19.49,10.0,9.489999999999998,94.89999999999998
2026-04-16,396,2,498.94,256.0,242.94,94.8984375
2026-02-20,463,0,300.09,154.0,146.08999999999997,94.86363636363635
2026-05-27,469,0,95.48,49.0,46.480000000000004,94.85714285714286
2026-02-02,480,1,165.62,85.0,80.62,94.84705882352942
2025-08-23,279,1,136.39,70.0,66.38999999999999,94.84285714285713
2025-08-30,463,0,41.79,809.0,767.21,94.83436341161928
2026-03-23,273,2,112.75,2176.0,2063.25,94.81847426470588
2025-08-27,498,1,3.95,76.0,72.05,94.80263157894736
2026-05-27,469,1,95.45,49.0,46.45,94.79591836734694
2026-04-01,308,3,97.39,50.0,47.39,94.78
2025-08-25,383,1,17.53,9.0,8.530000000000001,94.7777777777778
2026-03-25,374,3,7.79,4.0,3.79,94.75
2026-02-23,389,0,136.32,70.0,66.32,94.74285714285713
2026-03-05,315,1,17.99,342.0,324.01,94.73976608187135
2025-08-28,317,0,952.21,489.0,463.21000000000004,94.72597137014316
2026-03-05,315,3,0.37,7.0,6.63,94.71428571428572
2025-10-22,318,2,153.82,79.0,74.82,94.70886075949366
2026-07-01,344,2,243.38,125.0,118.38,94.704
2026-02-10,480,5,81.76,42.0,39.760000000000005,94.66666666666667
2026-03-05,455,1,13.75,256.0,242.25,94.62890625
2025-10-23,337,0,15.57,8.0,7.57,94.625
2025-10-27,484,0,153.75,79.0,74.75,94.62025316455697
2026-07-19,343,4,651.97,335.0,316.97,94.6179104477612
2026-04-30,357,1,15.53,288.0,272.47,94.6076388888889
2025-09-18,486,1,3.4,63.0,59.6,94.6031746031746
2026-02-18,404,1,0.27,5.0,4.73,94.60000000000001
2026-07-13,534,4,0.27,5.0,4.73,94.60000000000001
2026-05-18,465,1,159.57,82.0,77.57,94.59756097560975
2025-08-27,498,0,4.12,76.0,71.88,94.57894736842105
2026-02-21,288,1,138.15,71.0,67.15,94.5774647887324
2026-05-05,427,0,173.17,89.0,84.16999999999999,94.57303370786515
2026-04-07,427,1,97.28,50.0,47.28,94.56
2026-02-09,420,1,9.36,172.0,162.64,94.55813953488371
2026-01-29,319,1,52.53,27.0,25.53,94.55555555555556
2026-04-30,304,1,17.1,314.0,296.9,94.55414012738854
2026-01-27,355,5,200.39,103.0,97.38999999999999,94.55339805825241
2026-06-13,334,3,9.21,169.0,159.79,94.55029585798816
2025-09-20,481,1,155.63,80.0,75.63,94.5375
2025-11-24,498,1,112.83,58.0,54.83,94.53448275862068
2025-09-09,274,3,36.96,19.0,17.96,94.52631578947368
2026-02-11,348,7,0.11,2.0,1.89,94.5
2026-05-16,516,12,15.56,8.0,7.5600000000000005,94.5
2026-06-04,520,5,0.11,2.0,1.89,94.5
2025-08-27,289,4,15.56,8.0,7.5600000000000005,94.5
2026-02-09,420,0,9.49,172.0,162.51,94.48255813953487
2026-07-15,520,0,315.06,162.0,153.06,94.48148148148148
2025-08-09,459,0,657.32,338.0,319.32000000000005,94.4733727810651
2026-01-18,507,1,15.98,289.0,273.02,94.4705882352941
2026-06-03,445,0,58.34,30.0,28.340000000000003,94.46666666666668
2026-03-05,455,0,14.17,256.0,241.83,94.46484375
2026-04-10,414,1,16.1,290.0,273.9,94.44827586206895
2026-04-10,414,0,16.1,290.0,273.9,94.44827586206895
2025-10-05,415,1,698.06,359.0,339.05999999999995,94.44568245125346
2026-05-04,437,0,233.33,120.0,113.33000000000001,94.44166666666668
2026-04-15,336,3,130.26,67.0,63.25999999999999,94.41791044776117
2025-10-27,484,1,153.58,79.0,74.58000000000001,94.40506329113926
2025-08-23,447,0,264.39,136.0,128.39,94.40441176470587
2026-01-17,383,2,95.25,49.0,46.25,94.38775510204081
2026-01-13,442,2,15.55,8.0,7.550000000000001,94.37500000000001
2026-04-30,503,0,22.67,403.0,380.33,94.37468982630273
2026-07-09,425,1,99.12,51.0,48.120000000000005,94.3529411764706
2026-01-04,277,2,0.17,3.0,2.83,94.33333333333334
2025-09-18,486,0,3.57,63.0,59.43,94.33333333333334
2025-11-25,409,2,0.17,3.0,2.83,94.33333333333334
2026-02-16,277,2,0.51,9.0,8.49,94.33333333333334
2026-04-13,273,2,623.8,321.0,302.79999999999995,94.33021806853581
2025-08-28,291,5,307.01,158.0,149.01,94.31012658227847
2026-03-14,324,3,68.61,1203.0,1134.39,94.29675810473816
2025-12-12,459,0,217.61,112.0,105.61000000000001,94.29464285714288
2025-08-19,315,3,0.4,7.0,6.6,94.28571428571428
2025-10-24,405,0,99.07,51.0,48.06999999999999,94.2549019607843
2026-01-07,419,3,46.62,24.0,22.619999999999997,94.24999999999999
2026-01-28,289,5,71.86,37.0,34.86,94.21621621621622
2026-04-16,516,4,83.51,43.0,40.510000000000005,94.20930232558142
2026-06-26,460,0,32.56,562.0,529.44,94.20640569395019
2025-08-17,290,1,370.93,191.0,179.93,94.2041884816754
2025-11-03,404,2,11.89,205.0,193.11,94.2
2025-10-20,353,0,534.0,275.0,259.0,94.18181818181817
2025-08-18,364,3,481.52,248.0,233.51999999999998,94.16129032258064
2025-11-16,463,2,660.14,340.0,320.14,94.15882352941176
2026-06-26,460,1,32.88,562.0,529.12,94.14946619217082
2025-12-26,325,1,262.1,135.0,127.10000000000002,94.14814814814817
2026-01-19,405,2,13.59,7.0,6.59,94.14285714285714
2026-07-03,272,0,3777.81,1946.0,1831.81,94.13206577595066
2026-02-02,486,1,166.95,86.0,80.94999999999999,94.12790697674417
2025-10-05,415,0,696.89,359.0,337.89,94.11977715877437
2025-08-04,361,4,161.11,83.0,78.11000000000001,94.10843373493978
2025-08-18,331,1,236.8,122.0,114.80000000000001,94.09836065573771
2026-04-30,304,3,31.86,538.0,506.14,94.07806691449814
2026-07-03,384,3,25.23,13.0,12.23,94.07692307692308
2026-06-19,427,1,9.25,156.0,146.75,94.07051282051282
2026-05-24,386,3,29.11,15.0,14.11,94.06666666666666
2025-10-08,321,5,157.18,81.0,76.18,94.0493827160494
2025-11-17,382,2,149.4,77.0,72.4,94.02597402597404
2025-10-26,446,1,700.41,361.0,339.40999999999997,94.01939058171745
2025-10-30,337,2,0.18,3.0,2.82,94.0
2026-03-06,277,2,0.18,3.0,2.82,94.0
2026-01-03,277,2,0.06,1.0,0.94,94.0
2026-03-25,357,4,98.94,51.0,47.94,94.0
2026-03-03,509,3,5.82,3.0,2.8200000000000003,94.0
2025-08-04,374,2,3.88,2.0,1.88,94.0
2026-03-23,396,4,0.06,1.0,0.94,94.0
2025-10-27,337,0,0.18,3.0,2.82,94.0
2026-01-27,320,6,184.28,95.0,89.28,93.97894736842105
2026-03-05,315,2,9.61,159.0,149.39,93.95597484276729
2026-03-23,445,0,81.46,42.0,39.459999999999994,93.95238095238095
2026-06-29,331,2,546.84,282.0,264.84000000000003,93.91489361702129
2025-08-28,319,3,38.78,20.0,18.78,93.9
2026-03-05,282,1,8.67,142.0,133.33,93.8943661971831
2025-12-26,336,3,383.81,198.0,185.81,93.84343434343434
2026-01-18,463,2,441.96,228.0,213.95999999999998,93.84210526315788
2026-05-29,338,0,833.51,430.0,403.51,93.83953488372093
2025-11-24,374,2,11.63,6.0,5.630000000000001,93.83333333333334
2026-01-15,404,1,1.05,17.0,15.95,93.82352941176471
2025-10-20,355,7,868.26,448.0,420.26,93.80803571428571
2026-01-08,510,0,228.55,3669.0,3440.45,93.77078222949032
2026-07-10,280,1,40.74,654.0,613.26,93.77064220183486
2025-12-28,374,4,106.57,55.0,51.56999999999999,93.76363636363635
2025-10-27,482,0,122.07,63.0,59.06999999999999,93.76190476190474
2026-05-09,387,2,143.38,74.0,69.38,93.75675675675676
2025-12-04,479,2,0.5,8.0,7.5,93.75
2026-06-27,503,0,33.3,532.0,498.7,93.7406015037594
2026-06-25,357,6,284.77,147.0,137.76999999999998,93.72108843537413
2025-09-22,404,2,12.81,204.0,191.19,93.72058823529412
2025-08-28,486,0,96.86,50.0,46.86,93.72
2026-06-08,479,2,13.56,7.0,6.5600000000000005,93.71428571428572
2026-06-08,509,3,13.56,7.0,6.5600000000000005,93.71428571428572
2026-03-27,314,0,1443.09,745.0,698.0899999999999,93.70335570469798
2026-02-23,389,1,135.59,70.0,65.59,93.7
2026-03-05,280,2,33.8,536.0,502.2,93.69402985074626
2025-12-30,293,2,338.96,175.0,163.95999999999998,93.69142857142856
2025-12-02,405,2,5.81,3.0,2.8099999999999996,93.66666666666666
2025-10-30,419,3,38.73,20.0,18.729999999999997,93.64999999999999
2025-08-23,336,7,125.87,65.0,60.870000000000005,93.64615384615385
2026-03-06,516,11,48.41,25.0,23.409999999999997,93.63999999999999
2025-11-03,404,0,13.44,211.0,197.56,93.63033175355451
2025-12-26,336,7,214.92,111.0,103.91999999999999,93.62162162162161
2026-07-06,428,1,2.62,41.0,38.38,93.60975609756098
2026-03-05,325,1,10.96,171.0,160.04,93.5906432748538
2025-12-02,336,2,13.55,7.0,6.550000000000001,93.57142857142858
2026-06-15,351,1,331.0,171.0,160.0,93.56725146198829
2025-08-17,296,2,0.58,9.0,8.42,93.55555555555556
2026-05-21,272,4,0.71,11.0,10.29,93.54545454545455
2025-11-13,475,0,11.88,184.0,172.12,93.54347826086958
2025-08-18,348,5,311.58,161.0,150.57999999999998,93.52795031055899
2026-07-18,339,3,129.66,67.0,62.66,93.52238805970148
2025-10-11,315,3,7.74,4.0,3.74,93.5
2026-04-17,273,6,2.6,40.0,37.4,93.5
2025-11-24,383,1,11.61,6.0,5.609999999999999,93.5
2026-04-16,304,3,632.73,327.0,305.73,93.49541284403671
2026-03-04,336,5,96.73,50.0,46.730000000000004,93.46000000000001
2026-07-23,470,1,381.09,197.0,184.08999999999997,93.4467005076142
2026-05-15,334,2,7.61,116.0,108.39,93.4396551724138
2026-06-27,472,2,439.1,227.0,212.10000000000002,93.43612334801763
2026-02-23,319,3,58.03,30.0,28.03,93.43333333333334
2025-09-10,301,3,206.97,107.0,99.97,93.42990654205607
2025-10-14,435,1,5.0,76.0,71.0,93.42105263157895
2025-12-12,274,4,92.84,48.0,44.84,93.41666666666667
2025-12-12,459,2,210.82,109.0,101.82,93.41284403669724
2026-03-12,340,4,29.01,15.0,14.010000000000002,93.4
2025-12-11,409,2,0.33,5.0,4.67,93.39999999999999
2025-10-06,331,5,50.28,26.0,24.28,93.38461538461539
2025-12-09,345,3,52.21,27.0,25.21,93.37037037037037
2026-02-02,510,1,388.67,201.0,187.67000000000002,93.3681592039801
2026-05-10,396,2,20.23,305.0,284.77,93.3672131147541
2026-07-23,363,4,210.77,109.0,101.77000000000001,93.36697247706422
2026-03-14,401,0,15.66,236.0,220.34,93.36440677966101
2025-08-22,476,1,181.76,94.0,87.75999999999999,93.36170212765957
2026-03-21,425,0,444.73,230.0,214.73000000000002,93.3608695652174
2025-09-04,441,1,20.0,300.0,280.0,93.33333333333333
2026-01-19,374,2,5.8,3.0,2.8,93.33333333333333
2026-06-29,535,1,11.6,6.0,5.6,93.33333333333333
2025-10-23,459,1,34.8,18.0,16.799999999999997,93.33333333333331
2026-06-27,503,2,27.14,407.0,379.86,93.33169533169533
2025-10-08,486,1,13.48,202.0,188.52,93.32673267326733
2025-11-10,288,5,6.15,92.0,85.85,93.31521739130434
2026-05-04,404,2,9.71,145.0,135.29,93.30344827586207
2026-02-19,459,1,2.75,41.0,38.25,93.29268292682927
2026-06-04,403,5,27.06,14.0,13.059999999999999,93.28571428571428
2025-10-22,459,1,48.32,25.0,23.32,93.28
2025-10-27,388,2,34.79,18.0,16.79,93.27777777777777
2026-06-08,505,2,42.52,22.0,20.520000000000003,93.27272727272728
2025-09-04,441,0,20.19,300.0,279.81,93.27
2025-10-25,391,2,473.51,245.0,228.51,93.26938775510204
2026-05-16,405,2,1.55,23.0,21.45,93.26086956521739
2026-03-05,276,1,15.17,225.0,209.83,93.25777777777779
2025-12-22,413,0,14.77,219.0,204.23,93.25570776255707
2026-05-25,516,5,15.46,8.0,7.460000000000001,93.25000000000001
2025-08-21,404,1,0.54,8.0,7.46,93.25
2026-05-04,437,1,231.88,120.0,111.88,93.23333333333333
2025-10-13,482,2,17.39,9.0,8.39,93.22222222222223
2025-08-30,463,1,28.16,415.0,386.84,93.21445783132529
2026-05-26,361,1,36.71,19.0,17.71,93.21052631578948
2025-10-19,327,3,284.01,147.0,137.01,93.20408163265306
2025-10-30,419,0,113.99,59.0,54.989999999999995,93.20338983050847
2026-07-02,526,2,9.66,5.0,4.66,93.2
2025-10-14,435,0,5.17,76.0,70.83,93.19736842105263
2025-10-26,463,2,772.75,400.0,372.75,93.1875
2025-10-05,396,3,392.17,203.0,189.17000000000002,93.18719211822662
2026-03-02,404,2,10.16,149.0,138.84,93.18120805369128
2026-01-27,274,7,32.84,17.0,15.840000000000003,93.17647058823532
2025-11-06,405,2,11.59,6.0,5.59,93.16666666666666
2026-05-06,273,1,104.3,54.0,50.3,93.14814814814815
2026-04-30,503,2,17.16,250.0,232.84,93.136
2026-02-13,481,0,13.61,198.0,184.39,93.12626262626263
2025-10-05,424,0,125.53,65.0,60.53,93.12307692307692
2026-03-05,276,0,15.49,225.0,209.51,93.11555555555555
2026-03-05,414,1,12.92,187.0,174.08,93.09090909090911
2026-03-15,339,1,501.96,260.0,241.95999999999998,93.06153846153845
2025-09-06,318,1,295.38,153.0,142.38,93.05882352941175
2026-02-09,404,2,8.27,119.0,110.73,93.05042016806723
2026-07-06,428,0,2.85,41.0,38.15,93.04878048780488
2025-08-28,486,1,96.52,50.0,46.519999999999996,93.03999999999999
2025-10-26,373,5,395.71,205.0,190.70999999999998,93.02926829268291
2026-03-05,414,0,13.05,187.0,173.95,93.02139037433155
2025-08-22,476,0,181.44,94.0,87.44,93.02127659574467
2026-02-09,281,5,17.37,9.0,8.370000000000001,93.00000000000001
2025-09-15,362,2,0.07,1.0,0.9299999999999999,93.0
2026-06-18,396,3,1.93,1.0,0.9299999999999999,93.0
2026-05-24,520,4,3.86,2.0,1.8599999999999999,93.0
2026-03-21,409,2,3.86,2.0,1.8599999999999999,93.0
2026-04-25,341,0,1208.11,626.0,582.1099999999999,92.98881789137378
2026-05-16,463,2,16.21,231.0,214.79,92.98268398268398
2025-12-27,351,1,613.65,318.0,295.65,92.97169811320754
2026-04-15,494,1,152.44,79.0,73.44,92.9620253164557
2026-03-09,486,1,6.2,88.0,81.8,92.95454545454545
2025-08-19,289,2,40.52,21.0,19.520000000000003,92.95238095238096
2025-10-11,290,2,12.7,180.0,167.3,92.94444444444446
2026-04-15,481,1,187.15,97.0,90.15,92.93814432989691
2026-05-04,404,0,10.53,149.0,138.47,92.93288590604027
2025-10-06,390,0,524.75,272.0,252.75,92.92279411764706
2026-02-13,283,2,24.93,352.0,327.07,92.91761363636364
2026-06-24,334,2,7.58,107.0,99.42,92.9158878504673
2025-08-28,472,1,4.18,59.0,54.82,92.91525423728814
2026-05-14,308,6,127.32,66.0,61.31999999999999,92.90909090909089
2026-03-14,401,1,16.75,236.0,219.25,92.90254237288136
2026-05-07,521,0,19.29,10.0,9.29,92.89999999999999
2025-11-06,302,2,327.85,170.0,157.85000000000002,92.85294117647061
2026-07-06,404,0,11.58,162.0,150.42,92.85185185185185
2026-03-27,314,2,428.13,222.0,206.13,92.85135135135135
2026-03-05,485,0,17.97,251.0,233.03,92.84063745019921
2026-06-03,445,1,57.85,30.0,27.85,92.83333333333333
2025-10-06,382,1,377.92,196.0,181.92000000000002,92.81632653061224
2026-03-09,486,0,6.33,88.0,81.67,92.80681818181819
2025-10-02,304,3,1366.84,709.0,657.8399999999999,92.78420310296191
2026-02-09,404,0,8.81,122.0,113.19,92.77868852459015
2025-11-11,352,2,267.96,139.0,128.95999999999998,92.77697841726618
2025-10-27,308,3,161.93,84.0,77.93,92.77380952380953
2026-01-11,505,3,7.71,4.0,3.71,92.75
2025-08-02,361,4,161.9,84.0,77.9,92.73809523809524
2026-03-02,404,0,11.05,152.0,140.95,92.73026315789473
2025-09-11,291,4,61.67,32.0,29.67,92.71875
2025-10-03,336,2,102.14,53.0,49.14,92.71698113207547
2026-02-01,336,7,24.05,330.0,305.95,92.71212121212122
2026-06-29,447,0,393.09,204.0,189.08999999999997,92.69117647058822
2026-05-22,273,7,1.17,16.0,14.83,92.6875
2026-05-04,357,6,152.22,79.0,73.22,92.68354430379748
2025-09-22,404,0,15.44,211.0,195.56,92.68246445497631
2025-08-15,303,2,138.73,72.0,66.72999999999999,92.68055555555554
2026-06-24,463,0,25.51,348.0,322.49,92.66954022988506
2026-05-30,509,3,17.34,9.0,8.34,92.66666666666666
2025-12-04,315,3,0.44,6.0,5.56,92.66666666666666
2026-03-23,273,0,370.44,5043.0,4672.56,92.65437239738252
2026-04-13,288,5,65.5,34.0,31.5,92.64705882352942
2025-10-02,359,0,464.27,241.0,223.26999999999998,92.64315352697095
2026-03-05,314,2,32.28,436.0,403.72,92.59633027522936
2025-08-20,391,2,154.07,80.0,74.07,92.58749999999999
2026-07-10,427,2,5.35,72.0,66.65,92.56944444444444
2025-10-08,486,0,15.02,202.0,186.98,92.56435643564356
2025-12-23,505,3,3.57,48.0,44.43,92.5625
2026-07-06,404,2,11.44,153.0,141.56,92.52287581699346
2025-12-26,404,2,23.33,312.0,288.67,92.52243589743591
2026-06-24,463,1,13.39,179.0,165.61,92.5195530726257
2025-09-21,336,7,26.95,14.0,12.95,92.5
2026-04-28,520,4,0.15,2.0,1.85,92.5
2025-10-13,388,2,90.47,47.0,43.47,92.48936170212765
2026-07-07,283,2,5.5,73.0,67.5,92.46575342465754
2026-06-15,433,1,225.17,117.0,108.16999999999999,92.45299145299144
2025-11-19,480,6,76.98,40.0,36.980000000000004,92.45000000000002
2026-05-26,475,2,7.93,105.0,97.07,92.44761904761904
2026-03-16,289,4,17.32,9.0,8.32,92.44444444444446
2026-04-15,340,1,232.85,121.0,111.85,92.43801652892562
2025-10-06,390,1,523.39,272.0,251.39,92.42279411764706
2026-05-18,282,3,32.71,17.0,15.71,92.41176470588236
2025-09-03,404,1,1.29,17.0,15.71,92.41176470588236
2025-10-13,356,1,402.07,209.0,193.07,92.377990430622
2026-01-18,507,2,14.23,186.0,171.77,92.3494623655914
2026-07-11,361,4,23.08,12.0,11.079999999999998,92.33333333333333
2026-05-26,522,1,10.12,132.0,121.88,92.33333333333333
2026-05-28,362,2,5.77,3.0,2.7699999999999996,92.33333333333333
2026-04-06,404,2,10.43,136.0,125.57,92.33088235294117
2026-06-25,319,1,44.23,23.0,21.229999999999997,92.30434782608694
2026-01-21,419,3,32.69,17.0,15.689999999999998,92.29411764705881
2025-09-14,360,2,115.37,60.0,55.370000000000005,92.28333333333335
2026-02-27,406,0,157.67,82.0,75.66999999999999,92.28048780487804
2026-05-01,319,4,21.15,11.0,10.149999999999999,92.27272727272727
2026-01-02,308,3,203.8,106.0,97.80000000000001,92.26415094339625
2026-05-25,383,1,15.38,8.0,7.380000000000001,92.25000000000001
2025-12-15,374,2,7.69,4.0,3.6900000000000004,92.25000000000001
2026-01-02,315,3,0.31,4.0,3.69,92.25
2025-10-27,480,2,24.99,13.0,11.989999999999998,92.23076923076921
2025-08-27,459,0,8.86,114.0,105.14,92.22807017543859
2025-12-08,427,2,44.21,23.0,21.21,92.21739130434783
2026-04-27,301,3,286.4,149.0,137.39999999999998,92.21476510067113
2026-03-05,450,0,263.32,137.0,126.32,92.2043795620438
2025-10-25,452,1,217.19,113.0,104.19,92.20353982300885
2025-10-02,359,1,463.15,241.0,222.14999999999998,92.17842323651452
2025-09-23,427,0,67.26,35.0,32.260000000000005,92.17142857142858
2026-06-19,289,1,115.29,60.0,55.290000000000006,92.15
2026-03-23,445,1,80.69,42.0,38.69,92.1190476190476
2026-03-04,325,3,163.3,85.0,78.30000000000001,92.11764705882354
2026-06-10,513,1,19.21,10.0,9.21,92.10000000000001
2026-01-27,364,2,226.67,118.0,108.66999999999999,92.09322033898304
2025-08-22,452,0,4.27,54.0,49.730000000000004,92.09259259259261
2025-10-31,480,2,23.05,12.0,11.05,92.08333333333334
2026-03-05,314,3,19.18,242.0,222.82,92.07438016528926
2025-08-22,452,1,4.28,54.0,49.72,92.07407407407408
2026-05-15,340,4,50.92,642.0,591.08,92.06853582554517
2025-10-27,319,3,59.54,31.0,28.54,92.06451612903226
2025-08-15,403,2,155.56,81.0,74.56,92.0493827160494
2025-08-20,396,3,201.65,105.0,96.65,92.04761904761905
2025-12-21,442,2,49.93,26.0,23.93,92.03846153846153
2026-04-30,503,1,12.19,153.0,140.81,92.0326797385621
2026-04-30,357,6,16.9,212.0,195.1,92.02830188679245
2026-01-27,318,3,78.73,41.0,37.730000000000004,92.02439024390246
2025-09-10,398,2,11.52,6.0,5.52,92.0
2026-04-05,348,7,3.84,2.0,1.8399999999999999,92.0
2025-10-19,277,2,3.84,2.0,1.8399999999999999,92.0
2026-06-10,479,2,11.52,6.0,5.52,92.0
2025-11-12,315,3,0.08,1.0,0.92,92.0
2026-03-31,386,3,28.8,15.0,13.8,92.0
2026-01-29,374,2,5.76,3.0,2.76,92.0
2026-07-08,427,2,1.92,1.0,0.9199999999999999,92.0
2025-07-28,319,4,7.68,4.0,3.6799999999999997,92.0
2026-04-29,309,3,502.96,262.0,240.95999999999998,91.96946564885495
2025-12-18,327,4,143.97,75.0,68.97,91.96
2026-06-29,452,0,105.56,55.0,50.56,91.92727272727274
2026-01-16,361,5,71.01,37.0,34.010000000000005,91.91891891891893
2025-10-29,334,3,117.07,61.0,56.06999999999999,91.91803278688523
2026-04-06,404,0,11.72,145.0,133.28,91.91724137931034
2025-09-23,339,4,82.52,43.0,39.519999999999996,91.90697674418604
2025-07-24,405,1,40.3,21.0,19.299999999999997,91.90476190476188
2025-10-20,351,1,412.59,215.0,197.58999999999997,91.90232558139535
2026-05-11,355,2,132.41,69.0,63.41,91.89855072463767
2025-10-22,391,3,531.5,277.0,254.5,91.87725631768953
2025-12-07,507,2,1.95,24.0,22.05,91.875
2025-09-06,421,2,147.74,77.0,70.74000000000001,91.87012987012989
2025-09-15,437,0,191.87,100.0,91.87,91.87
2026-03-31,374,2,11.51,6.0,5.51,91.83333333333333
2026-04-27,516,3,211.0,110.0,101.0,91.81818181818183
2026-01-09,486,1,10.49,128.0,117.51,91.8046875
2026-01-27,509,5,101.65,53.0,48.650000000000006,91.7924528301887
2026-03-04,509,3,1.15,14.0,12.85,91.78571428571428
2026-05-03,345,2,176.44,92.0,84.44,91.78260869565217
2025-08-12,475,2,24.93,13.0,11.93,91.76923076923077
2025-08-16,452,1,207.1,108.0,99.1,91.75925925925925
2025-10-06,428,1,88.2,46.0,42.2,91.73913043478261
2026-04-24,415,1,11.9,144.0,132.1,91.73611111111111
2026-04-24,415,0,11.9,144.0,132.1,91.73611111111111
2025-08-09,357,2,379.61,198.0,181.61,91.72222222222223
2026-04-13,410,0,46.01,24.0,22.009999999999998,91.70833333333333
2026-01-11,507,0,198.58,2394.0,2195.42,91.70509607351714
2026-07-05,525,2,28.75,15.0,13.75,91.66666666666666
2026-03-27,449,0,276.0,144.0,132.0,91.66666666666666
2025-08-23,277,2,0.25,3.0,2.75,91.66666666666666
2026-02-15,374,2,11.5,6.0,5.5,91.66666666666666
2025-11-06,280,1,32.58,17.0,15.579999999999998,91.6470588235294
2025-12-20,339,3,107.32,56.0,51.31999999999999,91.64285714285712
2026-01-09,485,2,40.24,21.0,19.240000000000002,91.61904761904763
2026-05-26,522,0,11.07,132.0,120.93,91.61363636363636
2026-04-15,345,2,97.72,51.0,46.72,91.60784313725489
2025-12-29,405,1,47.9,25.0,22.9,91.6
2025-10-20,361,3,431.09,225.0,206.08999999999997,91.59555555555553
2026-01-24,315,3,1.01,12.0,10.99,91.58333333333334
2025-08-16,452,0,206.91,108.0,98.91,91.58333333333333
2025-08-04,404,2,18.56,219.0,200.44,91.52511415525115
2026-04-28,430,0,45.96,24.0,21.96,91.5
2025-10-26,363,1,252.77,132.0,120.77000000000001,91.49242424242425
2026-02-02,482,0,124.47,65.0,59.47,91.49230769230769
2026-03-05,485,1,18.1,212.0,193.9,91.4622641509434
2026-06-08,507,4,218.25,114.0,104.25,91.44736842105263
2025-08-29,289,4,17.23,9.0,8.23,91.44444444444446
2026-07-02,532,1,4.45,52.0,47.55,91.4423076923077
2025-08-27,459,2,7.45,87.0,79.55,91.43678160919539
2026-02-18,459,1,0.6,7.0,6.4,91.42857142857143
2025-08-09,360,2,266.08,139.0,127.07999999999998,91.42446043165467
2025-10-25,417,2,181.85,95.0,86.85,91.42105263157893
2025-09-07,384,5,846.04,442.0,404.03999999999996,91.41176470588235
2025-08-08,274,7,19.14,10.0,9.14,91.4
2026-06-09,428,0,95.7,50.0,45.7,91.4
2025-10-06,428,0,88.04,46.0,42.040000000000006,91.3913043478261
2025-10-21,373,1,438.27,229.0,209.26999999999998,91.38427947598252
2026-04-28,430,1,45.93,24.0,21.93,91.375
2026-03-05,450,1,262.16,137.0,125.16000000000003,91.35766423357666
2026-02-13,481,1,9.51,110.0,100.49,91.35454545454546
2026-03-25,339,3,12.73,147.0,134.27,91.34013605442178
2026-04-16,273,7,0.26,3.0,2.74,91.33333333333334
2026-07-07,277,2,0.26,3.0,2.74,91.33333333333334
2026-06-29,480,1,258.3,135.0,123.30000000000001,91.33333333333334
2026-07-13,277,2,0.26,3.0,2.74,91.33333333333334
2026-07-10,516,6,80.36,42.0,38.36,91.33333333333333
2026-06-29,473,0,311.87,163.0,148.87,91.33128834355828
2026-06-24,463,2,14.68,169.0,154.32,91.31360946745562
2025-12-06,503,2,248.7,130.0,118.69999999999999,91.3076923076923
2026-03-24,425,1,80.34,42.0,38.34,91.28571428571429
2026-06-08,319,7,40.17,21.0,19.17,91.28571428571429
2025-08-28,282,5,61.21,32.0,29.21,91.28125
2026-07-20,398,1,4.72,54.0,49.28,91.25925925925927
2026-02-13,283,1,29.48,337.0,307.52,91.25222551928783
2026-07-11,526,2,15.3,8.0,7.300000000000001,91.25000000000001
2025-11-18,448,2,7.65,4.0,3.6500000000000004,91.25000000000001
2025-08-21,477,1,10.15,116.0,105.85,91.25
2025-10-29,494,1,128.13,67.0,61.129999999999995,91.23880597014924
2026-04-30,357,3,14.15,161.0,146.85,91.2111801242236
2025-12-01,331,5,53.53,28.0,25.53,91.17857142857143
2025-12-30,505,2,120.44,63.0,57.44,91.17460317460318
2026-07-21,446,0,193.08,101.0,92.08000000000001,91.16831683168319
2026-01-05,382,0,621.22,325.0,296.22,91.14461538461539
2026-03-04,307,1,456.82,239.0,217.82,91.13807531380753
2025-08-21,322,1,2.13,24.0,21.87,91.125
2025-10-02,304,1,783.61,410.0,373.61,91.12439024390244
2025-08-21,477,0,10.31,116.0,105.69,91.11206896551724
2025-08-12,485,2,53.51,28.0,25.509999999999998,91.10714285714285
2026-07-08,353,2,1.34,15.0,13.66,91.06666666666666
2026-02-13,283,0,61.79,689.0,627.21,91.03193033381713
2026-07-14,337,4,76.41,40.0,36.41,91.02499999999999
2025-10-27,277,2,0.18,2.0,1.82,91.0
2026-05-13,383,1,7.64,4.0,3.6399999999999997,90.99999999999999
2025-07-31,374,2,1.91,1.0,0.9099999999999999,90.99999999999999
2026-01-09,486,0,11.55,128.0,116.45,90.9765625
2026-03-27,449,1,275.0,144.0,131.0,90.97222222222221
2026-06-06,467,0,1130.52,592.0,538.52,90.96621621621621
2026-01-09,494,2,112.67,59.0,53.67,90.96610169491525
2026-01-27,293,2,280.68,147.0,133.68,90.93877551020408
2026-06-01,389,0,213.85,112.0,101.85,90.9375
2025-09-15,437,1,190.92,100.0,90.91999999999999,90.91999999999999
2025-08-18,319,7,21.0,11.0,10.0,90.9090909090909
2025-08-04,404,0,20.58,226.0,205.42000000000002,90.89380530973452
2025-10-03,338,2,148.89,78.0,70.88999999999999,90.88461538461536
2026-04-23,456,0,114.53,60.0,54.53,90.88333333333334
2025-10-20,374,3,13.36,7.0,6.359999999999999,90.85714285714285
2025-10-08,319,7,13.36,7.0,6.359999999999999,90.85714285714285
2026-07-21,446,1,192.76,101.0,91.75999999999999,90.85148514851484
2026-03-05,449,1,17.58,192.0,174.42000000000002,90.84375000000001
2025-12-18,456,0,154.58,81.0,73.58000000000001,90.83950617283952
2026-05-26,274,4,55.34,29.0,26.340000000000003,90.82758620689656
2026-03-27,368,3,38.03,414.0,375.97,90.81400966183575
2026-03-27,319,3,55.33,29.0,26.33,90.79310344827586
2026-05-25,281,5,7.37,80.0,72.63,90.7875
2026-04-15,341,2,284.22,149.0,135.22000000000003,90.751677852349
2026-03-29,442,2,22.89,12.0,10.89,90.75000000000001
2026-05-29,513,1,30.52,16.0,14.52,90.75
2025-10-25,452,0,215.54,113.0,102.53999999999999,90.7433628318584
2025-11-01,391,1,339.51,178.0,161.51,90.73595505617978
2026-07-02,382,0,568.35,298.0,270.35,90.72147651006712
2025-08-16,279,4,474.86,249.0,225.86,90.70682730923694
2026-02-02,468,0,162.1,85.0,77.1,90.70588235294117
2025-08-18,373,1,181.17,95.0,86.16999999999999,90.70526315789472
2025-08-16,437,1,684.62,359.0,325.62,90.70194986072424
2026-01-05,404,0,19.37,208.0,188.63,90.6875
2026-01-18,507,3,19.31,207.0,187.69,90.67149758454106
2025-12-29,382,0,896.14,470.0,426.14,90.66808510638297
2026-04-02,336,2,28.6,15.0,13.600000000000001,90.66666666666667
2025-08-28,488,0,392.72,206.0,186.72000000000003,90.64077669902913
2025-08-20,403,3,142.98,75.0,67.97999999999999,90.63999999999999
2026-07-07,353,2,0.75,8.0,7.25,90.625
2025-11-14,352,2,245.89,129.0,116.88999999999999,90.61240310077518
2025-10-06,396,0,447.91,235.0,212.91000000000003,90.60000000000001
2026-07-13,516,7,80.05,42.0,38.05,90.59523809523809
2026-02-13,481,2,8.28,88.0,79.72,90.5909090909091
2025-08-16,437,0,684.22,359.0,325.22,90.59052924791087
2025-09-09,417,0,35.76,380.0,344.24,90.58947368421053
2026-03-23,273,1,35.92,381.0,345.08,90.57217847769027
2026-06-24,319,6,158.17,83.0,75.16999999999999,90.56626506024095
2026-02-11,281,5,12.18,129.0,116.82,90.55813953488372
2026-02-07,498,1,100.99,53.0,47.989999999999995,90.54716981132074
2026-05-18,321,3,167.68,88.0,79.68,90.54545454545455
2025-10-20,361,7,421.1,221.0,200.10000000000002,90.54298642533938
2026-03-04,301,2,85.74,45.0,40.739999999999995,90.53333333333332
2026-05-26,475,0,27.17,287.0,259.83,90.53310104529616
2026-02-23,404,2,9.28,98.0,88.72,90.53061224489795
2026-03-05,449,0,18.2,192.0,173.8,90.52083333333334
2026-03-23,319,5,49.53,26.0,23.53,90.5
2025-08-27,360,2,7.51,79.0,71.49,90.49367088607593
2026-04-16,516,2,47.62,25.0,22.619999999999997,90.47999999999999
2026-04-13,410,1,45.71,24.0,21.71,90.45833333333334
2026-05-11,520,3,102.84,54.0,48.84,90.44444444444444
2026-02-18,373,1,10.8,113.0,102.2,90.4424778761062
2026-02-02,404,0,15.77,165.0,149.23,90.44242424242424
2026-03-05,509,7,146.64,77.0,69.63999999999999,90.44155844155843
2026-04-20,404,2,12.43,130.0,117.57,90.43846153846154
2026-05-04,273,3,13.33,7.0,6.33,90.42857142857143
2025-10-20,362,1,26.66,14.0,12.66,90.42857142857143
2026-06-29,447,1,388.47,204.0,184.47000000000003,90.4264705882353
2026-04-23,456,1,114.23,60.0,54.230000000000004,90.38333333333334
2025-07-27,485,2,39.98,21.0,18.979999999999997,90.38095238095237
2026-07-11,353,2,12.7,132.0,119.3,90.37878787878788
2026-05-31,372,3,397.89,209.0,188.89,90.377990430622
2025-09-08,405,1,70.43,37.0,33.43000000000001,90.35135135135137
2026-03-08,512,2,184.63,97.0,87.63,90.34020618556701
2026-02-27,406,2,156.05,82.0,74.05000000000001,90.3048780487805
2026-02-07,498,0,100.86,53.0,47.86,90.30188679245283
2025-10-27,437,0,256.9,135.0,121.89999999999998,90.29629629629628
2025-08-25,404,2,7.67,79.0,71.33,90.29113924050633
2025-09-29,319,3,34.25,18.0,16.25,90.27777777777779
2026-06-08,404,0,17.61,181.0,163.39,90.27071823204419
2026-06-29,488,0,209.29,110.0,99.28999999999999,90.26363636363635
2026-01-04,505,3,1.56,16.0,14.44,90.25
2025-12-22,413,1,10.18,104.0,93.82,90.21153846153845
2025-08-28,488,1,391.82,206.0,185.82,90.20388349514563
2026-01-23,482,2,9.51,5.0,4.51,90.19999999999999
2026-06-15,514,0,914.8,481.0,433.79999999999995,90.18711018711018
2025-10-04,297,1,686.57,361.0,325.57000000000005,90.18559556786705
2026-06-01,374,3,11.41,6.0,5.41,90.16666666666667
2025-08-21,303,2,24.72,13.0,11.719999999999999,90.15384615384615
2026-03-09,320,3,95.07,50.0,45.06999999999999,90.13999999999999
2025-08-18,398,1,81.76,43.0,38.760000000000005,90.13953488372094
2025-09-24,357,3,22.81,231.0,208.19,90.12554112554112
2026-05-18,463,1,15.11,153.0,137.89,90.12418300653594
2026-05-08,273,3,13.53,137.0,123.47,90.12408759124088
2026-06-09,428,1,95.06,50.0,45.06,90.12
2025-12-26,383,2,192.02,101.0,91.02000000000001,90.11881188118814
2025-08-21,318,3,39.92,21.0,18.92,90.0952380952381
2026-03-22,413,1,460.01,242.0,218.01,90.08677685950413
2026-03-09,404,2,15.42,155.0,139.58,90.05161290322582
2025-08-29,318,3,43.71,23.0,20.71,90.04347826086956
2025-10-25,400,2,131.13,69.0,62.129999999999995,90.04347826086956
2026-01-27,374,1,155.82,82.0,73.82,90.02439024390243
2025-12-25,363,1,42.61,427.0,384.39,90.02107728337236
2025-10-04,302,1,655.57,345.0,310.57000000000005,90.02028985507248
2026-06-29,452,1,104.51,55.0,49.510000000000005,90.01818181818183
2025-08-16,318,2,321.12,169.0,152.12,90.01183431952663
2025-11-29,479,2,11.4,6.0,5.4,90.0
2026-07-21,405,2,1.0,10.0,9.0,90.0
2026-07-23,412,0,66.5,35.0,31.5,90.0
2025-09-17,296,2,5.7,3.0,2.7,90.0
2026-04-24,277,2,1.9,1.0,0.8999999999999999,89.99999999999999
2026-04-22,277,2,1.9,1.0,0.8999999999999999,89.99999999999999
2025-08-02,409,2,1.9,1.0,0.8999999999999999,89.99999999999999
2025-07-29,315,3,3.8,2.0,1.7999999999999998,89.99999999999999
2026-06-20,362,2,3.8,2.0,1.7999999999999998,89.99999999999999
2025-10-20,351,2,1328.09,699.0,629.0899999999999,89.99856938483546
2025-10-21,373,3,687.75,362.0,325.75,89.98618784530386
2026-06-08,404,2,16.33,163.0,146.67000000000002,89.98159509202455
2026-05-29,291,4,134.88,71.0,63.879999999999995,89.97183098591549
2026-07-21,338,2,64.59,34.0,30.590000000000003,89.97058823529413
2026-02-23,404,0,10.03,100.0,89.97,89.97
2026-05-18,404,0,12.86,128.0,115.14,89.953125
2026-06-21,442,2,30.39,16.0,14.39,89.9375
2025-12-08,319,2,79.77,42.0,37.769999999999996,89.92857142857143
2025-09-22,477,0,136.74,72.0,64.74000000000001,89.91666666666667
2025-10-29,425,2,313.36,165.0,148.36,89.91515151515152
2026-01-05,384,3,43.68,23.0,20.68,89.91304347826087
2026-02-28,404,1,1.11,11.0,9.89,89.90909090909092
2026-06-09,409,2,41.78,22.0,19.78,89.90909090909092
2026-07-17,438,1,28.46,282.0,253.54,89.90780141843972
2025-09-16,334,3,2.93,29.0,26.07,89.89655172413794
2026-07-17,438,0,28.52,282.0,253.48,89.88652482269504
2026-07-03,456,0,197.48,104.0,93.47999999999999,89.88461538461537
2026-07-08,391,2,29.56,292.0,262.44,89.87671232876713
2026-03-16,404,2,14.9,147.0,132.1,89.86394557823128
2026-02-18,372,3,94.93,50.0,44.93000000000001,89.86000000000001
2025-09-26,419,3,39.87,21.0,18.869999999999997,89.85714285714285
2025-08-20,274,7,13.29,7.0,6.289999999999999,89.85714285714285
2026-01-16,397,3,260.09,137.0,123.08999999999997,89.84671532846713
2026-06-29,488,1,208.81,110.0,98.81,89.82727272727273
2025-08-18,343,4,223.97,118.0,105.97,89.80508474576271
2026-01-06,505,3,3.98,39.0,35.02,89.7948717948718
2025-12-02,318,3,55.04,29.0,26.04,89.79310344827586
2026-05-18,336,2,45.55,24.0,21.549999999999997,89.79166666666666
2025-11-24,282,4,77.81,41.0,36.81,89.78048780487805
2026-04-20,404,0,13.49,132.0,118.51,89.78030303030303
2026-04-11,422,1,297.95,157.0,140.95,89.77707006369427
2025-09-24,357,4,21.08,206.0,184.92000000000002,89.76699029126213
2026-03-12,319,2,47.44,25.0,22.439999999999998,89.75999999999999
2025-08-05,348,7,0.41,4.0,3.59,89.75
2025-09-01,404,0,12.61,123.0,110.39,89.7479674796748
2025-10-24,330,3,189.74,100.0,89.74000000000001,89.74000000000001
2025-10-27,412,0,70.2,37.0,33.2,89.72972972972974
2026-03-16,321,6,53.12,28.0,25.119999999999997,89.71428571428571
2025-11-06,280,3,764.47,403.0,361.47,89.69478908188586
2026-01-29,303,2,24.66,13.0,11.66,89.6923076923077
2026-05-29,291,5,608.91,321.0,287.90999999999997,89.69158878504672
2026-07-08,427,0,2.27,22.0,19.73,89.68181818181819
2025-08-16,282,1,347.1,183.0,164.10000000000002,89.672131147541
2026-04-14,374,3,17.07,9.0,8.07,89.66666666666667
2026-01-31,303,2,39.83,21.0,18.83,89.66666666666666
2025-12-18,456,1,153.63,81.0,72.63,89.66666666666666
2025-12-07,486,0,16.03,155.0,138.97,89.65806451612903
2025-08-23,322,0,159.51,1538.0,1378.49,89.62873862158648
2025-07-24,445,0,96.71,51.0,45.709999999999994,89.62745098039214
2026-06-04,332,3,193.41,102.0,91.41,89.61764705882352
2025-10-27,437,1,255.97,135.0,120.97,89.60740740740741
2026-06-01,516,12,22.75,12.0,10.75,89.58333333333334
2025-08-27,417,0,44.19,424.0,379.81,89.57783018867924
2025-10-03,430,0,128.9,68.0,60.900000000000006,89.55882352941177
2025-10-23,352,2,447.31,236.0,211.31,89.53813559322033
2025-08-09,418,1,159.21,84.0,75.21000000000001,89.53571428571429
2025-09-15,404,2,18.85,180.0,161.15,89.52777777777779
2026-01-26,479,2,36.01,19.0,17.009999999999998,89.52631578947367
2026-01-31,400,3,56.85,30.0,26.85,89.5
2026-04-21,277,2,0.21,2.0,1.79,89.5
2026-03-23,319,4,11.37,6.0,5.369999999999999,89.49999999999999
2026-02-19,488,0,115.59,61.0,54.59,89.49180327868854
2025-10-06,480,3,216.02,114.0,102.02000000000001,89.49122807017544
2025-09-02,317,2,10.09,96.0,85.91,89.48958333333333
2025-11-27,469,0,126.95,67.0,59.95,89.4776119402985
2025-11-01,386,2,64.42,34.0,30.42,89.47058823529413
2025-10-28,280,2,55.72,529.0,473.28,89.46691871455576
2026-01-05,348,2,8.33,79.0,70.67,89.45569620253164
2025-12-26,505,3,83.36,44.0,39.36,89.45454545454545
2026-04-23,419,3,30.31,16.0,14.309999999999999,89.43749999999999
2026-04-15,390,2,176.17,93.0,83.16999999999999,89.43010752688171
2026-07-08,427,1,2.22,21.0,18.78,89.42857142857143
2026-01-16,397,0,416.71,220.0,196.70999999999998,89.41363636363636
2026-01-26,509,6,41.67,22.0,19.67,89.40909090909092
2025-10-18,492,0,282.21,149.0,133.20999999999998,89.40268456375837
2026-07-04,536,0,18.94,10.0,8.940000000000001,89.4
2025-09-22,477,1,136.36,72.0,64.36000000000001,89.3888888888889
2026-05-18,404,2,12.84,121.0,108.16,89.38842975206612
2025-08-18,319,1,45.45,24.0,21.450000000000003,89.37500000000001
2026-07-06,405,2,20.83,11.0,9.829999999999998,89.36363636363635
2026-01-27,332,7,147.69,78.0,69.69,89.34615384615384
2025-10-18,492,1,282.12,149.0,133.12,89.34228187919463
2026-04-11,422,0,297.26,157.0,140.26,89.33757961783438
2026-02-02,404,2,16.11,151.0,134.89,89.33112582781456
2026-01-08,510,3,32.87,308.0,275.13,89.32792207792207
2026-04-29,309,1,691.0,365.0,326.0,89.31506849315069
2025-12-22,336,5,223.39,118.0,105.38999999999999,89.31355932203388
2026-03-04,493,0,157.13,83.0,74.13,89.3132530120482
2025-12-26,418,2,257.46,136.0,121.45999999999998,89.30882352941175
2025-08-23,419,1,1.39,13.0,11.61,89.30769230769229
2025-10-27,412,1,70.04,37.0,33.040000000000006,89.29729729729732
2026-03-07,469,0,14.45,135.0,120.55,89.29629629629629
2026-01-05,291,6,124.92,66.0,58.92,89.27272727272727
2025-12-12,481,2,85.17,45.0,40.17,89.26666666666667
2026-02-02,509,7,210.07,111.0,99.07,89.25225225225225
2025-10-06,409,2,0.43,4.0,3.57,89.25
2026-06-18,404,1,7.57,4.0,3.5700000000000003,89.25
2025-09-13,449,1,372.82,197.0,175.82,89.248730964467
2026-05-27,289,4,24.6,13.0,11.600000000000001,89.23076923076924
2025-09-01,404,2,12.71,118.0,105.28999999999999,89.22881355932203
2025-12-07,486,1,16.71,155.0,138.29,89.21935483870968
2026-03-18,427,2,71.9,38.0,33.900000000000006,89.21052631578948
2026-03-07,469,1,14.57,135.0,120.43,89.20740740740742
2026-03-09,404,0,17.17,159.0,141.82999999999998,89.20125786163521
2025-12-02,507,1,4.0,37.0,33.0,89.1891891891892
2026-04-18,513,1,2.38,22.0,19.62,89.18181818181819
2025-08-27,417,2,30.21,279.0,248.79,89.17204301075269
2026-02-02,468,1,160.79,85.0,75.78999999999999,89.16470588235293
2025-10-31,383,1,13.24,7.0,6.24,89.14285714285714
2025-10-31,319,1,39.72,21.0,18.72,89.14285714285714
2026-02-19,488,1,115.37,61.0,54.370000000000005,89.13114754098362
2025-08-25,404,0,9.13,84.0,74.87,89.1309523809524
2026-02-13,451,1,9.79,90.0,80.21000000000001,89.12222222222223
2026-06-01,389,1,211.81,112.0,99.81,89.11607142857143
2025-11-27,498,1,6.55,60.0,53.45,89.08333333333334
2025-09-06,476,1,238.24,126.0,112.24000000000001,89.07936507936509
2025-10-10,297,2,49.15,26.0,23.15,89.03846153846153
2025-08-16,455,0,1022.61,541.0,481.61,89.02218114602589
2025-12-26,348,7,5.27,48.0,42.730000000000004,89.02083333333334
2025-10-08,290,2,7.36,67.0,59.64,89.01492537313432
2026-05-27,318,1,353.45,187.0,166.45,89.01069518716577
2026-06-11,384,3,28.35,15.0,13.350000000000001,89.00000000000001
2026-05-02,412,0,0.55,5.0,4.45,89.0
2026-07-19,419,3,22.68,12.0,10.68,89.0
2026-01-08,409,2,0.11,1.0,0.89,89.0
2025-08-05,374,2,3.78,2.0,1.7799999999999998,88.99999999999999
2026-02-20,315,3,1.89,1.0,0.8899999999999999,88.99999999999999
2025-12-17,396,4,1.89,1.0,0.8899999999999999,88.99999999999999
2026-06-06,509,1,9.45,5.0,4.449999999999999,88.99999999999999
2026-03-16,404,0,16.62,151.0,134.38,88.99337748344371
2025-11-11,506,0,34.01,18.0,16.009999999999998,88.94444444444444
2026-04-01,320,6,86.91,46.0,40.91,88.93478260869564
2026-01-05,455,0,255.04,135.0,120.03999999999999,88.91851851851851
2025-12-05,339,3,62.34,33.0,29.340000000000003,88.90909090909092
2026-07-04,536,1,18.89,10.0,8.89,88.9
2025-08-22,398,2,15.11,8.0,7.109999999999999,88.875
2025-08-04,404,1,0.78,7.0,6.22,88.85714285714286
2025-10-20,351,0,3119.64,1652.0,1467.6399999999999,88.84019370460048
2025-11-19,486,1,8.26,74.0,65.74,88.83783783783782
2026-07-13,404,2,22.22,199.0,176.78,88.83417085427135
2025-08-10,398,1,436.2,231.0,205.2,88.83116883116882
2025-08-29,425,0,26.92,241.0,214.07999999999998,88.8298755186722
2025-09-11,336,6,115.18,61.0,54.18000000000001,88.81967213114756
2026-03-05,289,4,20.77,11.0,9.77,88.81818181818181
2026-03-08,351,0,3302.18,1749.0,1553.1799999999998,88.8038879359634
2025-11-27,498,0,6.72,60.0,53.28,88.8
2025-10-20,288,4,109.5,58.0,51.5,88.79310344827587
2026-07-05,281,5,135.92,72.0,63.91999999999999,88.77777777777776
2025-10-27,291,1,243.51,129.0,114.50999999999999,88.76744186046511
2025-07-24,445,1,96.27,51.0,45.269999999999996,88.76470588235293
2025-09-13,449,0,371.85,197.0,174.85000000000002,88.75634517766498
2025-11-26,505,3,45.3,24.0,21.299999999999997,88.74999999999999
2026-01-05,480,3,243.47,129.0,114.47,88.73643410852713
2026-04-28,406,0,69.83,37.0,32.83,88.72972972972973
2026-03-21,472,2,64.36,569.0,504.64,88.68892794376099
2026-02-24,374,3,5.66,3.0,2.66,88.66666666666667
2026-07-07,374,3,5.66,3.0,2.66,88.66666666666667
2025-11-17,389,0,133.95,71.0,62.94999999999999,88.66197183098589
2026-06-12,516,12,20.75,11.0,9.75,88.63636363636364
2025-11-21,383,1,15.09,8.0,7.09,88.625
2025-08-29,496,0,59.95,527.0,467.05,88.62428842504744
2025-11-19,486,0,8.43,74.0,65.57,88.6081081081081
2025-10-08,405,2,18.86,10.0,8.86,88.6
2026-05-14,374,2,9.43,5.0,4.43,88.6
2026-07-03,456,1,196.14,104.0,92.13999999999999,88.59615384615384
2026-06-24,520,1,43.11,378.0,334.89,88.59523809523809
2026-07-07,412,0,41.49,22.0,19.490000000000002,88.5909090909091
2026-05-25,404,0,14.95,131.0,116.05,88.58778625954199
2025-09-16,424,0,56.57,30.0,26.57,88.56666666666668
2026-02-03,442,2,16.97,9.0,7.969999999999999,88.55555555555554
2025-08-29,496,1,60.35,527.0,466.65,88.54838709677418
2026-07-06,449,1,228.13,121.0,107.13,88.53719008264463
2025-11-06,455,0,337.48,179.0,158.48000000000002,88.53631284916203
2025-10-27,404,2,20.56,179.0,158.44,88.51396648044692
2026-04-16,359,0,229.98,122.0,107.97999999999999,88.50819672131148
2026-06-29,291,1,367.59,195.0,172.58999999999997,88.5076923076923
2025-09-19,383,1,18.85,10.0,8.850000000000001,88.50000000000001
2025-12-27,277,2,3.77,2.0,1.77,88.5
2025-07-29,409,2,0.23,2.0,1.77,88.5
2025-09-09,411,1,14.28,124.0,109.72,88.48387096774194
2025-10-08,291,4,84.8,45.0,39.8,88.44444444444444
2025-10-26,363,3,748.12,397.0,351.12,88.44332493702771
2026-02-10,482,0,60.3,32.0,28.299999999999997,88.43749999999999
2026-02-09,405,0,43.34,23.0,20.340000000000003,88.43478260869567
2026-05-30,372,3,318.45,169.0,149.45,88.4319526627219
2026-06-25,530,2,35.8,19.0,16.799999999999997,88.42105263157893
2026-03-04,320,4,85.24,736.0,650.76,88.41847826086956
2026-06-29,474,0,261.9,139.0,122.89999999999998,88.41726618705034
2026-06-30,520,5,1.39,12.0,10.61,88.41666666666667
2025-10-04,480,4,60.29,32.0,28.29,88.40625
2025-08-21,343,3,810.14,430.0,380.14,88.4046511627907
2025-08-25,374,2,0.58,5.0,4.42,88.4
2025-08-31,322,1,433.32,230.0,203.32,88.4
2026-03-25,319,6,101.73,54.0,47.730000000000004,88.3888888888889
2025-10-20,403,0,403.15,214.0,189.14999999999998,88.38785046728971
2026-06-05,440,1,43.14,371.0,327.86,88.37196765498653
2026-04-24,396,0,469.04,249.0,220.04000000000002,88.3694779116466
2026-01-07,480,4,41.44,22.0,19.439999999999998,88.36363636363636
2026-02-02,373,1,3.84,33.0,29.16,88.36363636363636
2025-09-09,411,0,14.44,124.0,109.56,88.35483870967742
2026-02-15,484,1,271.22,144.0,127.22000000000003,88.34722222222224
2026-03-04,493,1,156.32,83.0,73.32,88.33734939759034
2025-07-28,344,1,141.25,75.0,66.25,88.33333333333333
2026-03-11,509,8,92.27,49.0,43.269999999999996,88.30612244897958
2026-01-05,404,2,24.33,208.0,183.67000000000002,88.30288461538463
2026-06-17,353,2,18.83,10.0,8.829999999999998,88.29999999999998
2025-08-29,435,0,178.87,95.0,83.87,88.2842105263158
2025-10-26,475,1,301.23,160.0,141.23000000000002,88.26875000000001
2026-06-05,440,0,43.6,371.0,327.4,88.24797843665768
2026-07-23,412,1,65.88,35.0,30.879999999999995,88.22857142857141
2025-11-06,455,1,336.89,179.0,157.89,88.20670391061452
2025-08-28,292,4,191.97,102.0,89.97,88.20588235294117
2026-03-05,344,1,129.86,69.0,60.860000000000014,88.20289855072467
2026-04-09,509,6,9.41,5.0,4.41,88.2
2025-10-05,302,1,756.54,402.0,354.53999999999996,88.19402985074626
2025-11-21,319,1,58.34,31.0,27.340000000000003,88.19354838709678
2026-06-30,505,3,39.52,21.0,18.520000000000003,88.1904761904762
2025-09-06,476,0,237.11,126.0,111.11000000000001,88.1825396825397
2026-04-13,273,5,342.49,182.0,160.49,88.18131868131869
2025-08-28,494,1,4.73,40.0,35.269999999999996,88.175
2025-08-16,374,2,0.71,6.0,5.29,88.16666666666667
2026-05-10,273,3,66.57,562.0,495.43,88.15480427046263
2026-03-04,368,4,1341.51,713.0,628.51,88.1500701262272
2026-01-01,374,2,13.17,7.0,6.17,88.14285714285714
2026-03-23,405,2,13.17,7.0,6.17,88.14285714285714
2025-10-10,297,1,227.64,121.0,106.63999999999999,88.13223140495867
2026-07-07,353,0,0.95,8.0,7.05,88.125
2025-10-26,362,1,45.15,24.0,21.15,88.125
2025-10-20,397,0,291.59,155.0,136.58999999999997,88.12258064516128
2025-09-11,467,0,596.34,317.0,279.34000000000003,88.11987381703472
2026-02-13,451,0,10.7,90.0,79.3,88.1111111111111
2025-12-29,351,1,396.91,211.0,185.91000000000003,88.1090047393365
2025-08-16,332,6,353.64,188.0,165.64,88.1063829787234
2025-10-20,369,0,1510.46,803.0,707.46,88.10211706102118
2025-09-09,277,2,1.31,11.0,9.69,88.0909090909091
2026-03-30,404,0,13.82,116.0,102.18,88.08620689655173
2026-05-29,389,0,263.32,140.0,123.32,88.08571428571427
2026-03-20,512,1,361.11,192.0,169.11,88.078125
2026-07-06,398,2,24.45,13.0,11.45,88.07692307692308
2026-01-08,505,3,5.25,44.0,38.75,88.06818181818183
2025-10-03,430,1,127.87,68.0,59.870000000000005,88.04411764705883
2026-07-02,532,0,8.49,71.0,62.51,88.04225352112675
2025-09-30,319,1,31.96,17.0,14.96,88.0
2025-08-24,296,2,1.08,9.0,7.92,88.0
2026-05-04,277,2,0.12,1.0,0.88,88.0
2026-03-03,459,1,0.12,1.0,0.88,88.0
2026-07-17,277,2,0.36,3.0,2.64,88.0
2026-03-10,396,4,1.88,1.0,0.8799999999999999,87.99999999999999
2026-04-03,281,5,7.52,4.0,3.5199999999999996,87.99999999999999
2026-03-15,396,4,1.88,1.0,0.8799999999999999,87.99999999999999
2026-05-31,345,2,154.15,82.0,72.15,87.98780487804879
2026-05-09,340,4,17.33,144.0,126.67,87.96527777777779
2025-11-27,469,1,125.93,67.0,58.93000000000001,87.95522388059702
2026-07-08,353,0,1.81,15.0,13.19,87.93333333333334
2026-06-29,320,8,212.36,113.0,99.36000000000001,87.92920353982302
2026-01-05,455,1,253.7,135.0,118.69999999999999,87.92592592592592
2025-09-15,404,0,22.22,184.0,161.78,87.92391304347827
2025-11-06,405,0,60.13,32.0,28.130000000000003,87.90625000000001
2026-06-15,505,2,35.7,19.0,16.700000000000003,87.89473684210527
2026-04-30,357,4,10.9,90.0,79.1,87.88888888888889
2026-05-01,320,0,3070.05,1634.0,1436.0500000000002,87.88555691554468
2026-03-30,404,2,12.97,107.0,94.03,87.8785046728972
2026-07-16,413,2,167.2,89.0,78.19999999999999,87.86516853932584
2025-10-04,294,1,563.59,300.0,263.59000000000003,87.86333333333334
2026-02-05,498,1,8.74,72.0,63.26,87.86111111111111
2026-06-06,467,1,1112.12,592.0,520.1199999999999,87.85810810810808
2026-03-25,319,1,26.3,14.0,12.3,87.85714285714286
2025-08-06,398,3,28.66,236.0,207.34,87.85593220338983
2025-09-23,309,3,1322.46,704.0,618.46,87.84943181818183
2026-01-27,319,7,33.81,18.0,15.810000000000002,87.83333333333334
2025-08-18,482,1,45.08,24.0,21.08,87.83333333333333
2026-01-02,338,2,146.51,78.0,68.50999999999999,87.83333333333331
2025-11-17,389,1,133.35,71.0,62.349999999999994,87.8169014084507
2026-03-19,273,4,7.31,60.0,52.69,87.81666666666666
2026-03-30,519,1,21.22,174.0,152.78,87.80459770114942
2026-01-14,374,3,9.39,5.0,4.390000000000001,87.80000000000001
2026-07-09,427,0,19.16,157.0,137.84,87.79617834394905
2026-04-05,446,0,59.59,488.0,428.40999999999997,87.7889344262295
2026-02-15,484,0,270.41,144.0,126.41000000000003,87.78472222222224
2026-07-06,449,0,227.17,121.0,106.16999999999999,87.74380165289256
2025-09-08,372,1,459.93,245.0,214.93,87.7265306122449
2026-04-05,446,1,59.99,488.0,428.01,87.70696721311475
2025-09-08,404,2,17.34,141.0,123.66,87.70212765957447
2026-05-28,481,2,106.99,57.0,49.989999999999995,87.7017543859649
2025-10-27,416,0,360.37,192.0,168.37,87.69270833333334
2026-06-13,272,4,5.54,45.0,39.46,87.6888888888889
2026-05-25,404,2,14.79,120.0,105.21000000000001,87.675
2026-07-22,353,0,33.78,18.0,15.780000000000001,87.66666666666667
2025-09-17,288,6,16.89,9.0,7.890000000000001,87.66666666666667
2026-05-12,509,6,11.26,6.0,5.26,87.66666666666666
2026-01-05,374,3,5.63,3.0,2.63,87.66666666666666
2026-07-22,296,3,0.37,3.0,2.63,87.66666666666666
2026-07-17,362,2,0.37,3.0,2.63,87.66666666666666
2025-07-31,334,2,15.79,128.0,112.21000000000001,87.6640625
2025-09-16,382,2,161.39,86.0,75.38999999999999,87.6627906976744
2025-11-02,281,5,272.1,145.0,127.10000000000002,87.65517241379311
2025-12-22,319,3,163.25,87.0,76.25,87.64367816091954
2025-10-27,416,1,360.26,192.0,168.26,87.63541666666667
2026-05-29,389,1,262.68,140.0,122.68,87.62857142857143
2026-06-13,289,4,45.03,24.0,21.03,87.62500000000001
2025-10-24,388,7,118.2,63.0,55.2,87.61904761904762
2025-08-16,458,0,949.3,506.0,443.29999999999995,87.6086956521739
2026-06-29,473,1,305.8,163.0,142.8,87.60736196319019
2025-10-19,336,5,438.98,234.0,204.98000000000002,87.5982905982906
2026-04-23,302,2,202.54,108.0,94.53999999999999,87.53703703703702
2025-10-12,272,1,35.63,19.0,16.630000000000003,87.5263157894737
2026-07-17,276,1,333.79,178.0,155.79000000000002,87.52247191011237
2025-10-07,383,2,27.74,222.0,194.26,87.5045045045045
2026-03-07,334,2,11.25,6.0,5.25,87.5
2026-02-18,509,3,1.5,12.0,10.5,87.5
2025-10-13,382,1,292.47,156.0,136.47000000000003,87.48076923076925
2025-08-02,486,0,17.45,139.0,121.55,87.44604316546763
2026-07-17,276,0,333.65,178.0,155.64999999999998,87.44382022471909
2026-04-30,357,2,11.94,95.0,83.06,87.43157894736842
2025-08-11,319,4,13.12,7.0,6.119999999999999,87.42857142857142
2025-09-24,357,6,33.73,268.0,234.27,87.41417910447763
2025-08-29,435,1,178.04,95.0,83.03999999999999,87.41052631578945
2026-04-27,374,2,9.37,5.0,4.369999999999999,87.39999999999999
2025-09-02,317,4,10.22,81.0,70.78,87.38271604938271
2025-10-03,335,1,142.41,76.0,66.41,87.38157894736842
2026-04-15,325,1,108.68,58.0,50.68000000000001,87.3793103448276
2025-08-30,346,1,74.95,40.0,34.95,87.375
2025-09-02,317,3,26.14,207.0,180.86,87.3719806763285
2026-01-16,430,0,116.17,62.0,54.17,87.37096774193549
2025-10-27,463,1,142.39,76.0,66.38999999999999,87.35526315789471
2026-07-01,330,1,663.19,354.0,309.19000000000005,87.34180790960453
2026-03-05,418,1,8.23,65.0,56.769999999999996,87.33846153846153
2025-11-01,391,2,290.34,155.0,135.33999999999997,87.31612903225805
2025-10-08,356,1,511.35,273.0,238.35000000000002,87.30769230769232
2025-12-01,409,1,125.49,67.0,58.489999999999995,87.29850746268656
2025-12-26,348,2,226.63,121.0,105.63,87.29752066115702
2026-01-27,332,6,206.01,110.0,96.00999999999999,87.28181818181817
2026-07-09,427,1,18.33,144.0,125.67,87.27083333333333
2026-03-30,519,0,22.18,174.0,151.82,87.25287356321839
2025-08-21,296,2,0.51,4.0,3.49,87.25
2026-06-23,516,12,14.98,8.0,6.98,87.25
2025-09-11,467,1,593.51,317.0,276.51,87.22712933753944
2025-11-13,506,0,33.7,18.0,15.700000000000003,87.22222222222223
2025-09-20,386,2,52.42,28.0,24.42,87.21428571428572
2026-03-04,509,4,3.07,24.0,20.93,87.20833333333333
2026-01-12,319,7,20.59,11.0,9.59,87.18181818181819
2025-08-24,360,2,220.87,118.0,102.87,87.17796610169492
2026-03-05,282,5,9.5,74.0,64.5,87.16216216216216
2026-07-12,441,0,43.66,340.0,296.34000000000003,87.15882352941178
2026-04-02,498,0,112.29,60.0,52.290000000000006,87.15
2026-06-29,291,3,407.97,218.0,189.97000000000003,87.1422018348624
2026-04-04,383,1,20.58,11.0,9.579999999999998,87.09090909090908
2025-11-03,337,0,6.46,50.0,43.54,87.08
2026-06-15,482,2,26.19,14.0,12.190000000000001,87.07142857142858
2026-03-30,346,1,43.02,23.0,20.020000000000003,87.04347826086958
2025-10-08,291,6,95.39,51.0,44.39,87.0392156862745
2025-08-15,405,2,123.44,66.0,57.44,87.03030303030303
2026-03-23,273,3,14.53,112.0,97.47,87.02678571428571
2026-04-16,359,1,228.17,122.0,106.16999999999999,87.0245901639344
2026-05-29,427,1,18.56,143.0,124.44,87.02097902097901
2026-02-05,498,0,9.35,72.0,62.65,87.01388888888889
2026-07-21,353,1,1.87,1.0,0.8700000000000001,87.00000000000001
2026-05-24,277,2,1.87,1.0,0.8700000000000001,87.00000000000001
2026-05-29,405,2,13.09,7.0,6.09,87.0
2026-05-19,442,2,1.04,8.0,6.96,87.0
2026-04-21,509,4,18.7,10.0,8.7,86.99999999999999
2025-09-23,303,2,18.7,10.0,8.7,86.99999999999999
2025-09-16,424,1,56.09,30.0,26.090000000000003,86.96666666666668
2026-05-16,281,5,3.26,25.0,21.740000000000002,86.96000000000001
2025-10-22,371,3,82.26,44.0,38.260000000000005,86.95454545454547
2025-07-24,348,4,69.17,37.0,32.17,86.94594594594595
2025-08-30,356,2,437.44,234.0,203.44,86.94017094017093
2025-10-05,396,0,1140.32,610.0,530.3199999999999,86.93770491803278
2025-11-18,507,0,297.23,159.0,138.23000000000002,86.93710691823901
2026-07-05,398,1,22.43,12.0,10.43,86.91666666666666
2026-07-21,355,1,42.99,23.0,19.990000000000002,86.91304347826087
2025-08-26,362,3,99.06,53.0,46.06,86.9056603773585
2025-11-06,437,0,284.09,152.0,132.08999999999997,86.90131578947367
2026-01-16,430,1,115.87,62.0,53.870000000000005,86.88709677419355
2025-08-28,308,1,110.26,59.0,51.260000000000005,86.88135593220339
2026-03-04,463,0,250.42,134.0,116.41999999999999,86.88059701492537
2025-10-26,280,2,853.97,457.0,396.97,86.86433260393873
2025-09-24,357,2,19.31,147.0,127.69,86.8639455782313
2026-05-26,475,1,23.92,182.0,158.07999999999998,86.85714285714285
2026-01-05,319,5,113.98,61.0,52.980000000000004,86.85245901639345
2026-01-27,274,1,214.87,115.0,99.87,86.84347826086956
2026-02-09,324,1,166.29,89.0,77.28999999999999,86.84269662921348
2026-03-28,510,2,674.46,361.0,313.46000000000004,86.83102493074793
2026-04-23,488,0,158.79,85.0,73.78999999999999,86.81176470588234
2025-12-08,336,6,121.42,65.0,56.42,86.8
2026-07-12,441,1,44.98,340.0,295.02,86.77058823529411
2025-08-14,290,2,138.21,74.0,64.21000000000001,86.77027027027027
2026-02-23,374,2,7.47,4.0,3.4699999999999998,86.75
2026-07-14,273,6,0.53,4.0,3.4699999999999998,86.75
2026-01-17,347,2,601.19,322.0,279.19000000000005,86.70496894409939
2026-03-05,355,1,8.39,63.0,54.61,86.68253968253968
2026-04-28,406,2,69.07,37.0,32.06999999999999,86.67567567567566
2025-11-10,343,4,209.07,112.0,97.07,86.66964285714285
2026-04-29,386,2,33.6,18.0,15.600000000000001,86.66666666666667
2025-10-26,337,3,0.4,3.0,2.6,86.66666666666667
2025-11-27,374,2,11.2,6.0,5.199999999999999,86.66666666666666
2025-12-28,485,0,653.3,350.0,303.29999999999995,86.65714285714284
2025-09-29,403,5,26.13,14.0,12.129999999999999,86.64285714285714
2026-07-13,319,9,126.91,68.0,58.91,86.63235294117646
2025-11-06,437,1,283.66,152.0,131.66000000000003,86.6184210526316
2025-08-02,486,1,18.61,139.0,120.39,86.61151079136691
2025-10-19,386,3,108.23,58.0,50.230000000000004,86.60344827586208
2026-01-19,424,0,83.97,45.0,38.97,86.6
2026-07-10,404,1,2.69,20.0,17.31,86.55
2026-02-16,404,2,19.1,142.0,122.9,86.54929577464789
2025-07-26,422,1,238.76,128.0,110.75999999999999,86.53125
2025-10-20,310,0,600.62,322.0,278.62,86.527950310559
2026-04-23,488,1,158.54,85.0,73.53999999999999,86.51764705882353
2025-11-06,487,2,304.02,163.0,141.01999999999998,86.51533742331287
2025-10-28,388,6,29.84,16.0,13.84,86.5
2025-09-12,315,3,0.27,2.0,1.73,86.5
2025-10-23,291,5,387.89,208.0,179.89,86.4855769230769
2026-01-04,406,2,123.07,66.0,57.06999999999999,86.46969696969697
2026-02-16,404,0,20.99,155.0,134.01,86.45806451612903
2026-04-16,282,4,106.28,57.0,49.28,86.45614035087719
2026-02-15,428,1,158.47,85.0,73.47,86.43529411764706
2026-06-27,503,1,16.96,125.0,108.03999999999999,86.432
2025-10-30,337,1,0.95,7.0,6.05,86.42857142857142
2026-03-22,413,2,490.28,263.0,227.27999999999997,86.41825095057033
2026-06-01,372,3,218.1,117.0,101.1,86.41025641025641
2026-03-04,301,0,913.38,490.0,423.38,86.40408163265306
2025-08-16,458,1,943.18,506.0,437.17999999999995,86.399209486166
2025-10-05,404,2,145.39,78.0,67.38999999999999,86.39743589743588
2026-01-17,445,1,162.16,87.0,75.16,86.39080459770115
2025-10-09,319,2,78.28,42.0,36.28,86.38095238095238
2025-08-28,291,2,85.73,46.0,39.730000000000004,86.36956521739131
2026-02-02,475,2,63.36,34.0,29.36,86.3529411764706
2026-05-14,419,4,31.68,17.0,14.68,86.3529411764706
2025-10-10,417,1,186.34,100.0,86.34,86.34
2026-03-04,516,12,5.59,3.0,2.59,86.33333333333333
2026-07-15,384,2,27.95,15.0,12.95,86.33333333333333
2025-09-11,348,7,0.41,3.0,2.59,86.33333333333333
2026-01-19,424,1,83.85,45.0,38.849999999999994,86.33333333333331
2025-11-13,475,1,12.85,94.0,81.15,86.32978723404256
2026-01-03,442,2,8.89,65.0,56.11,86.32307692307693
2026-03-05,282,4,7.66,56.0,48.34,86.32142857142858
2025-07-31,419,1,2.6,19.0,16.4,86.3157894736842
2026-01-27,344,1,190.04,102.0,88.03999999999999,86.31372549019606
2026-07-01,514,0,760.16,408.0,352.15999999999997,86.31372549019606
2025-12-12,409,2,1.78,13.0,11.22,86.3076923076923
2025-09-08,404,0,19.86,145.0,125.14,86.30344827586207
2026-03-19,319,7,18.63,10.0,8.629999999999999,86.29999999999998
2025-12-07,332,2,473.2,254.0,219.2,86.29921259842519
2025-10-04,282,1,229.14,123.0,106.13999999999999,86.29268292682926
2025-07-24,484,0,169.52,91.0,78.52000000000001,86.2857142857143
2025-11-11,506,1,33.53,18.0,15.530000000000001,86.27777777777779
2025-11-13,506,1,33.53,18.0,15.530000000000001,86.27777777777779
2026-01-27,332,2,357.63,192.0,165.63,86.265625
2026-06-30,513,1,184.39,99.0,85.38999999999999,86.25252525252523
2025-09-11,374,2,7.45,4.0,3.45,86.25
2025-11-17,320,7,165.76,89.0,76.75999999999999,86.24719101123594
2026-03-04,361,1,26.07,14.0,12.07,86.21428571428572
2025-12-27,321,4,217.87,117.0,100.87,86.21367521367522
2025-09-14,403,2,54.0,29.0,25.0,86.20689655172413
2026-03-23,439,0,303.51,163.0,140.51,86.20245398773005
2026-03-01,281,5,9.31,5.0,4.3100000000000005,86.20000000000002
2026-01-07,289,2,37.24,20.0,17.240000000000002,86.20000000000002
2026-07-07,412,1,40.96,22.0,18.96,86.18181818181819
2026-01-23,371,1,165.69,89.0,76.69,86.1685393258427
2025-10-08,336,4,78.18,42.0,36.18000000000001,86.14285714285715
2026-01-19,345,2,119.13,64.0,55.129999999999995,86.140625
2025-08-14,465,0,201.03,108.0,93.03,86.13888888888889
2025-10-02,309,3,1688.27,907.0,781.27,86.13781697905182
2026-05-15,489,0,148.91,80.0,68.91,86.1375
2026-07-16,334,2,18.59,134.0,115.41,86.12686567164178
2026-04-12,281,5,14.89,8.0,6.890000000000001,86.125
2026-04-18,289,2,46.53,25.0,21.53,86.12
2025-12-13,481,0,301.5,162.0,139.5,86.11111111111111
2025-10-23,431,0,204.72,110.0,94.72,86.10909090909091
2026-03-02,482,2,18.61,10.0,8.61,86.1
2026-02-09,465,0,111.65,60.0,51.650000000000006,86.08333333333334
2025-10-23,431,1,204.69,110.0,94.69,86.08181818181818
2026-07-11,441,0,6.96,50.0,43.04,86.08
2026-05-17,410,0,31.61,227.0,195.39,86.0748898678414
2026-03-03,357,2,85.58,46.0,39.58,86.04347826086956
2026-03-05,280,7,10.47,75.0,64.53,86.04
2026-01-21,355,3,48.03,344.0,295.97,86.03779069767442
2025-09-14,280,1,55.81,30.0,25.810000000000002,86.03333333333335
2026-01-27,274,4,104.17,56.0,48.17,86.01785714285714
2026-03-23,510,5,154.39,83.0,71.38999999999999,86.01204819277108
2026-03-30,419,2,20.46,11.0,9.46,86.00000000000001
2025-09-22,409,2,1.86,1.0,0.8600000000000001,86.00000000000001
2026-06-09,319,4,7.44,4.0,3.4400000000000004,86.00000000000001
2026-02-17,355,1,52.08,28.0,24.08,86.0
2025-09-21,409,2,0.28,2.0,1.72,86.0
2026-04-18,380,0,742.14,399.0,343.14,86.0
2025-09-08,277,2,0.28,2.0,1.72,86.0
2025-10-03,319,4,0.7,5.0,4.3,86.0
2025-11-05,348,7,0.42,3.0,2.58,86.0
2025-08-28,320,7,178.56,96.0,82.56,86.0
2025-09-29,277,2,0.7,5.0,4.3,86.0
2026-07-13,348,7,0.42,3.0,2.58,86.0
2026-07-14,482,1,68.82,37.0,31.819999999999993,85.99999999999997
2025-09-11,466,0,133.91,72.0,61.91,85.98611111111111
2025-07-24,484,1,169.24,91.0,78.24000000000001,85.97802197802199
2025-10-04,334,3,24.54,175.0,150.46,85.97714285714287
2026-06-29,385,3,485.37,261.0,224.37,85.9655172413793
2026-01-05,382,2,206.42,111.0,95.41999999999999,85.96396396396395
2025-09-28,297,1,1314.71,707.0,607.71,85.95615275813296
2026-02-18,486,1,8.57,61.0,52.43,85.95081967213115
2026-06-22,406,0,141.32,76.0,65.32,85.94736842105263
2025-10-20,310,1,598.7,322.0,276.70000000000005,85.93167701863355
2026-02-26,373,5,161.76,87.0,74.75999999999999,85.9310344827586
2025-12-22,413,2,16.18,115.0,98.82,85.93043478260869
2025-10-20,351,5,769.65,414.0,355.65,85.90579710144927
2025-11-09,469,0,39.61,281.0,241.39,85.90391459074732
2026-02-18,486,0,8.6,61.0,52.4,85.90163934426229
2026-03-06,325,1,115.25,62.0,53.25,85.88709677419355
2026-01-17,445,0,161.72,87.0,74.72,85.88505747126437
2026-04-30,357,5,12.99,92.0,79.01,85.8804347826087
2026-07-01,525,2,14.87,8.0,6.869999999999999,85.87499999999999
2026-06-02,405,2,13.01,7.0,6.01,85.85714285714286
2026-02-17,405,1,13.01,7.0,6.01,85.85714285714286
2025-07-28,404,2,20.23,143.0,122.77,85.85314685314685
2026-01-02,321,6,217.42,117.0,100.41999999999999,85.82905982905982
2025-12-01,479,2,9.29,5.0,4.289999999999999,85.79999999999998
2025-08-11,404,0,23.45,165.0,141.55,85.7878787878788
2025-10-31,459,1,11.95,84.0,72.05,85.77380952380952
2026-04-06,383,1,14.86,8.0,6.859999999999999,85.75
2025-12-03,388,5,104.02,56.0,48.019999999999996,85.75
2026-06-29,390,0,780.08,420.0,360.08000000000004,85.73333333333333
2026-02-12,509,6,2.14,15.0,12.86,85.73333333333333
2025-10-24,420,0,542.29,292.0,250.28999999999996,85.71575342465752
2026-02-09,274,4,76.14,41.0,35.14,85.70731707317073
2026-01-22,405,1,31.57,17.0,14.57,85.70588235294117
2026-03-03,357,1,321.27,173.0,148.26999999999998,85.70520231213872
2025-11-06,339,4,81.71,44.0,37.709999999999994,85.70454545454544
2026-04-27,404,0,12.59,88.0,75.41,85.69318181818181
2026-04-16,357,4,90.98,49.0,41.980000000000004,85.6734693877551
2025-08-07,409,2,0.43,3.0,2.57,85.66666666666666
2025-10-26,276,1,512.4,276.0,236.39999999999998,85.65217391304347
2026-02-16,282,1,161.51,87.0,74.50999999999999,85.64367816091954
2026-04-07,288,6,194.91,105.0,89.91,85.62857142857142
2025-08-18,348,4,135.5,73.0,62.5,85.61643835616438
2025-08-28,363,3,159.62,86.0,73.62,85.6046511627907
2025-11-15,348,7,0.72,5.0,4.28,85.60000000000001
2026-04-27,334,2,9.28,5.0,4.279999999999999,85.6
2026-04-02,498,1,111.36,60.0,51.36,85.6
2025-09-15,336,5,120.63,65.0,55.629999999999995,85.58461538461538
2026-06-19,334,2,12.99,7.0,5.99,85.57142857142857
2026-07-10,353,2,2.02,14.0,11.98,85.57142857142857
2025-08-28,320,4,116.91,63.0,53.91,85.57142857142857
2026-02-09,465,1,111.34,60.0,51.34,85.56666666666666
2025-08-11,404,2,22.95,159.0,136.05,85.56603773584906
2025-10-26,419,4,105.77,57.0,48.769999999999996,85.56140350877193
2026-04-27,404,2,12.0,83.0,71.0,85.54216867469879
2026-03-04,316,0,886.83,478.0,408.83000000000004,85.52928870292888
2026-06-29,433,0,317.22,171.0,146.22000000000003,85.50877192982458
2025-12-28,362,1,9.13,63.0,53.87,85.5079365079365
2026-03-28,382,1,517.56,279.0,238.55999999999995,85.505376344086
2026-02-06,509,6,0.87,6.0,5.13,85.5
2026-06-15,514,1,892.25,481.0,411.25,85.4989604989605
2025-09-16,366,3,437.75,236.0,201.75,85.48728813559322
2026-07-06,447,1,191.04,103.0,88.03999999999999,85.47572815533981
2026-05-17,410,1,32.99,227.0,194.01,85.4669603524229
2026-06-15,404,2,25.73,177.0,151.27,85.4632768361582
2025-08-25,320,5,120.55,65.0,55.55,85.46153846153845
2025-08-17,315,3,1.02,7.0,5.98,85.42857142857143
2026-01-27,308,4,116.82,63.0,53.81999999999999,85.42857142857142
2025-11-01,391,0,808.42,436.0,372.41999999999996,85.41743119266054
2026-07-06,516,10,101.97,55.0,46.97,85.39999999999999
2026-04-06,279,1,51.91,28.0,23.909999999999997,85.39285714285712
2026-02-02,510,0,2741.74,1479.0,1262.7399999999998,85.37795807978362
2025-12-25,405,1,61.17,33.0,28.17,85.36363636363636
2025-08-30,382,2,316.92,171.0,145.92000000000002,85.33333333333334
2026-07-21,474,0,153.82,83.0,70.82,85.32530120481927
2026-02-22,448,2,2.79,19.0,16.21,85.3157894736842
2026-06-01,384,1,59.3,32.0,27.299999999999997,85.31249999999999
2025-09-15,463,1,198.28,107.0,91.28,85.30841121495327
2026-06-16,513,1,13.97,95.0,81.03,85.29473684210527
2025-08-18,404,2,17.06,116.0,98.94,85.29310344827586
2026-02-16,315,3,1.03,7.0,5.97,85.28571428571429
2026-04-23,319,4,12.97,7.0,5.970000000000001,85.28571428571429
2026-06-19,273,5,300.16,162.0,138.16000000000003,85.28395061728396
2025-09-02,317,1,23.84,162.0,138.16,85.28395061728395
2026-05-15,489,1,148.22,80.0,68.22,85.275
2026-04-23,336,5,114.87,62.0,52.870000000000005,85.2741935483871
2026-05-29,291,0,2087.96,1127.0,960.96,85.26708074534162
2025-08-16,282,4,255.65,138.0,117.65,85.2536231884058
2026-01-18,315,3,0.59,4.0,3.41,85.25
2025-08-14,465,1,200.07,108.0,92.07,85.24999999999999
2025-12-20,505,3,22.14,150.0,127.86,85.24000000000001
2026-03-23,439,1,301.93,163.0,138.93,85.23312883435582
2026-07-13,404,0,31.16,211.0,179.84,85.23222748815165
2025-08-24,371,2,40.75,22.0,18.75,85.22727272727273
2025-08-14,355,4,188.93,102.0,86.93,85.22549019607844
2025-10-29,398,1,61.12,33.0,28.119999999999997,85.2121212121212
2025-09-11,466,1,133.35,72.0,61.349999999999994,85.20833333333333
2025-11-10,444,1,127.79,69.0,58.790000000000006,85.20289855072465
2025-11-29,404,1,9.26,5.0,4.26,85.2
2025-11-12,485,2,55.56,30.0,25.560000000000002,85.2
2025-11-09,469,1,41.62,281.0,239.38,85.18861209964412
2026-07-07,437,0,251.85,136.0,115.85,85.18382352941177
2025-11-06,348,6,264.81,143.0,121.81,85.18181818181819
2026-01-30,397,4,120.35,65.0,55.349999999999994,85.15384615384615
2026-04-07,507,1,124.05,67.0,57.05,85.14925373134328
2026-07-11,441,1,7.43,50.0,42.57,85.14
2025-10-29,386,2,46.28,25.0,21.28,85.12
2025-10-03,383,1,33.32,18.0,15.32,85.11111111111111
2025-11-17,433,0,223.98,121.0,102.97999999999999,85.10743801652892
2026-02-10,398,1,44.42,24.0,20.42,85.08333333333334
2025-12-26,421,2,301.66,163.0,138.66000000000003,85.0674846625767
2026-06-29,433,1,316.46,171.0,145.45999999999998,85.0643274853801
2026-04-10,368,3,117.18,784.0,666.8199999999999,85.05357142857142
2025-08-23,386,3,35.16,19.0,16.159999999999997,85.05263157894734
2026-07-17,273,3,28.86,193.0,164.14,85.04663212435233
2025-12-26,355,1,94.37,51.0,43.370000000000005,85.03921568627452
2026-01-06,279,3,153.57,83.0,70.57,85.02409638554215
2026-02-15,428,0,157.27,85.0,72.27000000000001,85.02352941176471
2026-03-23,281,5,3.7,2.0,1.7000000000000002,85.00000000000001
2025-09-19,396,4,1.85,1.0,0.8500000000000001,85.00000000000001
2026-05-25,398,2,20.35,11.0,9.350000000000001,85.00000000000001
2026-07-19,534,1,7.4,4.0,3.4000000000000004,85.00000000000001
2025-10-23,277,2,3.7,2.0,1.7000000000000002,85.00000000000001
2026-04-30,516,12,9.25,5.0,4.25,85.0
2026-04-04,409,2,1.65,11.0,9.35,85.0
2025-08-27,348,7,0.15,1.0,0.85,85.0
2025-10-26,315,3,1.2,8.0,6.8,85.0
2026-06-22,520,2,51.8,28.0,23.799999999999997,84.99999999999999
2025-08-09,290,2,249.74,135.0,114.74000000000001,84.9925925925926
2026-01-27,397,3,288.54,156.0,132.54000000000002,84.96153846153848
2026-01-19,427,0,120.22,65.0,55.22,84.95384615384616
2026-07-21,474,1,153.5,83.0,70.5,84.93975903614458
2025-10-27,430,0,90.62,49.0,41.620000000000005,84.9387755102041
2026-02-07,356,2,236.72,128.0,108.72,84.9375
2025-11-13,447,0,196.03,106.0,90.03,84.93396226415094
2026-02-09,472,2,181.23,98.0,83.22999999999999,84.92857142857142
2026-03-19,405,0,24.04,13.0,11.04,84.9230769230769
2025-10-03,463,2,512.23,277.0,235.23000000000002,84.92057761732853
2026-05-10,459,1,7.54,50.0,42.46,84.92
2025-11-19,363,1,13.88,92.0,78.12,84.91304347826087
2026-03-04,351,5,460.36,249.0,211.36,84.88353413654619
2025-10-25,474,1,360.52,195.0,165.51999999999998,84.88205128205128
2025-10-22,388,0,880.01,476.0,404.01,84.87605042016807
2026-01-23,494,2,59.16,32.0,27.159999999999997,84.87499999999999
2026-04-08,482,0,83.19,45.0,38.19,84.86666666666666
2026-01-12,404,2,37.42,247.0,209.57999999999998,84.85020242914979
2026-02-03,355,1,36.97,20.0,16.97,84.85
2025-10-18,274,7,55.45,30.0,25.450000000000003,84.83333333333334
2025-11-03,404,1,0.91,6.0,5.09,84.83333333333333
2026-01-02,388,5,299.38,162.0,137.38,84.80246913580247
2026-07-01,514,1,753.94,408.0,345.94000000000005,84.78921568627452
2026-07-09,480,4,33.26,18.0,15.259999999999998,84.77777777777776
2026-06-29,282,4,145.97,79.0,66.97,84.77215189873417
2026-02-04,442,2,7.31,48.0,40.69,84.77083333333333
2025-09-09,417,2,30.46,200.0,169.54,84.77
2026-03-27,419,2,24.02,13.0,11.02,84.76923076923076
2026-01-22,382,1,452.65,245.0,207.64999999999998,84.75510204081633
2025-07-26,422,0,236.47,128.0,108.47,84.7421875
2025-11-26,437,0,214.3,116.0,98.30000000000001,84.74137931034484
2026-04-09,475,2,42.49,23.0,19.490000000000002,84.73913043478262
2025-10-26,447,0,624.4,338.0,286.4,84.73372781065088
2025-10-22,449,0,1357.79,735.0,622.79,84.73333333333332
2025-08-20,320,6,83.13,45.0,38.129999999999995,84.73333333333332
2026-07-07,437,1,251.23,136.0,115.22999999999999,84.72794117647058
2026-03-19,508,0,59.11,32.0,27.11,84.71875
2025-10-20,357,4,145.91,79.0,66.91,84.69620253164557
2026-07-14,530,1,51.71,28.0,23.71,84.67857142857143
2026-06-10,320,3,118.18,64.0,54.18000000000001,84.65625000000001
2025-10-02,333,1,915.86,496.0,419.86,84.6491935483871
2026-03-05,314,1,92.21,600.0,507.79,84.63166666666667
2025-10-20,327,1,217.86,118.0,99.86000000000001,84.6271186440678
2025-10-20,360,2,72.0,39.0,33.0,84.61538461538461
2026-01-12,404,0,38.79,252.0,213.21,84.60714285714286
2025-10-06,418,0,273.21,148.0,125.20999999999998,84.60135135135134
2026-04-16,509,1,9.23,5.0,4.23,84.60000000000001
2026-05-20,400,3,18.46,10.0,8.46,84.60000000000001
2026-04-20,282,1,151.37,82.0,69.37,84.59756097560977
2025-10-08,305,5,461.4,250.0,211.39999999999998,84.55999999999999
2025-08-12,334,2,36.91,20.0,16.909999999999997,84.54999999999998
2026-01-19,288,3,92.27,50.0,42.269999999999996,84.53999999999999
2025-08-18,459,1,31.37,17.0,14.370000000000001,84.52941176470588
2025-10-22,449,1,1356.23,735.0,621.23,84.52108843537415
2026-07-03,272,5,461.3,250.0,211.3,84.52000000000001
2026-01-30,383,2,49.82,27.0,22.82,84.51851851851852
2026-03-17,386,2,44.28,24.0,20.28,84.50000000000001
2025-11-21,396,4,0.31,2.0,1.69,84.5
2025-07-30,409,2,0.62,4.0,3.38,84.5
2025-09-07,459,2,36.28,234.0,197.72,84.4957264957265
2025-08-16,455,1,998.04,541.0,457.03999999999996,84.48059149722735
2025-10-24,468,0,309.92,168.0,141.92000000000002,84.47619047619048
2026-04-30,297,1,42.4,273.0,230.6,84.46886446886447
2025-08-14,418,2,210.29,114.0,96.28999999999999,84.46491228070174
2025-11-06,322,1,180.77,98.0,82.77000000000001,84.4591836734694
2026-07-07,512,2,160.47,87.0,73.47,84.44827586206897
2026-06-06,339,3,103.29,56.0,47.290000000000006,84.44642857142858
2025-09-07,484,1,322.78,175.0,147.77999999999997,84.44571428571427
2025-10-26,391,2,440.82,239.0,201.82,84.44351464435145
2026-01-27,487,2,376.26,204.0,172.26,84.44117647058823
2026-04-10,384,2,53.48,29.0,24.479999999999997,84.41379310344827
2025-07-24,362,1,31.35,17.0,14.350000000000001,84.41176470588236
2025-12-26,417,2,282.14,153.0,129.14,84.40522875816993
2025-11-26,437,1,213.87,116.0,97.87,84.37068965517241
2025-11-13,447,1,195.43,106.0,89.43,84.3679245283019
2025-08-30,282,2,40.56,22.0,18.560000000000002,84.36363636363637
2026-06-19,362,1,20.28,11.0,9.280000000000001,84.36363636363637
2026-05-02,405,2,3.91,25.0,21.09,84.36
2026-02-26,501,1,51.62,28.0,23.619999999999997,84.35714285714285
2026-02-20,452,0,101.39,55.0,46.39,84.34545454545454
2026-07-06,447,0,189.87,103.0,86.87,84.33980582524272
2025-11-17,433,1,223.05,121.0,102.05000000000001,84.33884297520662
2026-01-05,341,2,374.2,203.0,171.2,84.33497536945812
2025-10-06,498,0,66.36,36.0,30.36,84.33333333333333
2025-11-14,343,4,234.1,127.0,107.1,84.33070866141732
2025-08-28,469,0,119.81,65.0,54.81,84.32307692307693
2025-07-28,404,0,23.24,148.0,124.76,84.2972972972973
2026-03-23,357,4,125.32,68.0,57.31999999999999,84.29411764705881
2026-03-10,324,1,226.68,123.0,103.68,84.29268292682927
2026-03-16,412,0,55.28,30.0,25.28,84.26666666666667
2026-01-27,383,0,82.92,45.0,37.92,84.26666666666667
2025-08-30,356,0,1674.93,909.0,765.9300000000001,84.26072607260727
2026-03-17,319,7,14.74,8.0,6.74,84.25
2026-05-20,442,2,1.89,12.0,10.11,84.24999999999999
2025-09-03,419,4,36.84,20.0,16.840000000000003,84.20000000000002
2026-01-27,316,3,252.33,137.0,115.33000000000001,84.18248175182482
2025-10-27,430,1,90.24,49.0,41.239999999999995,84.16326530612244
2025-12-19,327,1,268.86,146.0,122.86000000000001,84.15068493150686
2026-07-23,447,0,174.93,95.0,79.93,84.13684210526317
2026-01-27,336,5,189.66,103.0,86.66,84.13592233009707
2025-09-25,274,3,42.35,23.0,19.35,84.1304347826087
2026-04-29,309,0,1344.13,730.0,614.1300000000001,84.12739726027398
2025-09-07,484,0,322.22,175.0,147.22000000000003,84.12571428571431
2026-05-04,281,5,1.27,8.0,6.73,84.125
2025-09-22,282,5,119.67,65.0,54.67,84.1076923076923
2026-05-07,521,1,18.41,10.0,8.41,84.1
2026-07-13,516,10,75.48,41.0,34.480000000000004,84.09756097560977
2026-01-21,510,0,6034.36,3278.0,2756.3599999999997,84.08663819402074
2025-10-13,482,1,130.7,71.0,59.69999999999999,84.0845070422535
2025-10-20,369,2,323.97,176.0,147.97000000000003,84.07386363636365
2025-09-06,336,7,55.22,30.0,25.22,84.06666666666666
2026-06-07,334,3,14.35,90.0,75.65,84.05555555555556
2026-02-09,480,4,36.81,20.0,16.810000000000002,84.05000000000001
2026-06-29,474,1,255.82,139.0,116.82,84.0431654676259
2026-07-06,364,4,708.55,385.0,323.54999999999995,84.03896103896102
2025-10-08,433,0,342.3,186.0,156.3,84.03225806451613
2025-12-20,505,2,35.63,223.0,187.37,84.02242152466368
2026-03-04,274,6,8.31,52.0,43.69,84.01923076923077
2025-10-03,419,0,196.89,107.0,89.88999999999999,84.00934579439252
2026-05-29,427,0,31.19,195.0,163.81,84.00512820512822
2025-11-19,319,4,7.36,4.0,3.3600000000000003,84.00000000000001
2025-11-23,303,2,51.52,28.0,23.520000000000003,84.00000000000001
2026-03-10,400,3,29.44,16.0,13.440000000000001,84.00000000000001
2026-04-20,282,2,47.84,26.0,21.840000000000003,84.00000000000001
2026-07-09,396,3,0.48,3.0,2.52,84.0
2026-05-07,362,2,0.48,3.0,2.52,84.0
2026-01-02,348,7,0.16,1.0,0.84,84.0
2026-01-06,315,3,0.96,6.0,5.04,84.0
2026-06-27,406,0,169.27,92.0,77.27000000000001,83.98913043478262
2026-02-09,336,3,150.85,82.0,68.85,83.96341463414633
2025-10-25,474,0,358.72,195.0,163.72000000000003,83.95897435897437
2026-01-19,281,3,264.9,144.0,120.89999999999998,83.95833333333331
2025-09-22,447,0,299.83,163.0,136.82999999999998,83.9447852760736
2026-05-27,303,1,33.11,18.0,15.11,83.94444444444444
2026-02-24,509,3,2.57,16.0,13.43,83.9375
2025-11-29,463,1,371.55,202.0,169.55,83.93564356435644
2025-08-28,282,2,25.75,14.0,11.75,83.92857142857143
2026-03-30,507,1,141.62,77.0,64.62,83.92207792207793
2025-10-08,403,5,42.3,23.0,19.299999999999997,83.91304347826086
2026-02-23,336,6,148.94,81.0,67.94,83.87654320987654
2026-02-20,386,2,42.29,23.0,19.29,83.8695652173913
2025-10-24,468,1,308.9,168.0,140.89999999999998,83.8690476190476
2026-01-04,406,0,121.35,66.0,55.349999999999994,83.86363636363635
2026-02-02,437,0,242.69,132.0,110.69,83.8560606060606
2026-03-28,510,4,389.75,212.0,177.75,83.84433962264151
2026-06-02,509,4,11.03,6.0,5.029999999999999,83.83333333333333
2026-05-23,501,1,90.05,557.0,466.95,83.8330341113106
2026-07-23,447,1,174.61,95.0,79.61000000000001,83.80000000000003
2026-02-20,452,1,101.09,55.0,46.09,83.80000000000001
2026-03-12,516,12,9.19,5.0,4.1899999999999995,83.79999999999998
2026-07-08,449,1,35.97,222.0,186.03,83.7972972972973
2026-03-08,509,3,5.35,33.0,27.65,83.78787878787878
2025-10-15,319,7,16.54,9.0,7.539999999999999,83.77777777777777
2025-08-16,296,2,1.46,9.0,7.54,83.77777777777777
2025-10-02,399,0,472.27,257.0,215.26999999999998,83.76264591439688
2025-09-27,396,4,7.35,4.0,3.3499999999999996,83.74999999999999
2026-07-08,526,2,7.35,4.0,3.3499999999999996,83.74999999999999
2026-01-07,481,2,49.61,27.0,22.61,83.74074074074073
2026-02-20,399,0,213.13,116.0,97.13,83.73275862068965
2026-03-24,336,2,31.23,17.0,14.23,83.70588235294117
2025-12-01,282,3,47.76,26.0,21.759999999999998,83.6923076923077
2025-10-18,290,3,253.47,138.0,115.47,83.67391304347827
2025-08-04,288,6,25.71,14.0,11.71,83.64285714285715
2025-08-01,303,2,60.6,33.0,27.6,83.63636363636364
2025-08-15,484,0,488.41,266.0,222.41000000000003,83.61278195488723
2026-03-05,280,1,8.37,51.0,42.63,83.58823529411765
2026-01-07,510,3,9.36,57.0,47.64,83.57894736842105
2025-10-04,297,0,910.55,496.0,414.54999999999995,83.57862903225805
2025-12-08,437,1,176.23,96.0,80.22999999999999,83.57291666666666
2026-03-19,508,1,58.74,32.0,26.740000000000002,83.5625
2025-10-12,274,2,23.51,143.0,119.49,83.55944055944056
2025-07-28,289,4,20.19,11.0,9.190000000000001,83.54545454545456
2025-08-01,370,2,321.2,175.0,146.2,83.54285714285714
2026-07-07,532,1,56.89,31.0,25.89,83.51612903225806
2025-09-23,426,0,176.16,96.0,80.16,83.5
2025-08-15,442,2,227.54,124.0,103.53999999999999,83.5
2025-11-17,289,4,22.02,12.0,10.02,83.5
2025-08-16,361,4,225.7,123.0,102.69999999999999,83.49593495934958
2026-06-03,297,2,67.89,37.0,30.89,83.48648648648648
2025-08-28,469,1,119.26,65.0,54.260000000000005,83.47692307692309
2026-03-24,424,0,38.53,21.0,17.53,83.47619047619048
2026-04-28,279,2,69.72,38.0,31.72,83.47368421052632
2025-10-19,327,4,374.26,204.0,170.26,83.46078431372548
2025-12-08,437,0,176.12,96.0,80.12,83.45833333333333
2026-06-30,516,12,20.18,11.0,9.18,83.45454545454545
2025-09-28,404,0,31.95,193.0,161.05,83.44559585492229
2025-10-24,420,1,535.59,292.0,243.59000000000003,83.42123287671234
2026-05-29,338,1,660.31,360.0,300.30999999999995,83.41944444444442
2026-07-22,273,3,22.01,12.0,10.010000000000002,83.41666666666669
2025-12-01,409,0,126.55,69.0,57.55,83.40579710144928
2025-08-21,480,6,86.2,47.0,39.2,83.40425531914894
2026-02-06,463,2,177.9,97.0,80.9,83.40206185567011
2026-06-27,406,2,168.72,92.0,76.72,83.3913043478261
2025-09-22,320,5,137.54,75.0,62.53999999999999,83.38666666666666
2026-05-04,522,1,10.8,65.0,54.2,83.38461538461539
2025-08-20,474,0,100.85,55.0,45.849999999999994,83.36363636363635
2025-11-10,463,1,179.69,98.0,81.69,83.35714285714285
2026-03-04,301,4,284.2,155.0,129.2,83.35483870967741
2026-07-01,528,0,319.02,174.0,145.01999999999998,83.34482758620688
2025-11-06,440,0,491.34,268.0,223.33999999999997,83.33582089552239
2026-05-19,419,4,27.5,15.0,12.5,83.33333333333334
2026-04-16,277,2,0.5,3.0,2.5,83.33333333333334
2025-08-21,315,3,0.5,3.0,2.5,83.33333333333334
2025-07-28,371,2,6.34,38.0,31.66,83.3157894736842
2026-03-27,403,5,31.16,17.0,14.16,83.29411764705883
2026-02-20,399,1,212.62,116.0,96.62,83.29310344827586
2025-12-04,507,1,4.85,29.0,24.15,83.27586206896551
2025-08-22,412,0,67.81,37.0,30.810000000000002,83.27027027027027
2025-08-18,404,0,19.92,119.0,99.08,83.26050420168067
2025-08-28,382,1,397.66,217.0,180.66000000000003,83.25345622119816
2025-08-04,277,2,0.67,4.0,3.33,83.25
2026-06-28,534,2,21.99,12.0,9.989999999999998,83.24999999999999
2025-10-20,421,1,313.35,171.0,142.35000000000002,83.24561403508774
2026-02-08,509,6,2.85,17.0,14.15,83.23529411764706
2026-07-08,449,0,37.22,222.0,184.78,83.23423423423424
2026-01-05,364,2,219.88,120.0,99.88,83.23333333333332
2025-08-27,437,1,23.81,142.0,118.19,83.23239436619718
2025-08-28,438,0,425.08,232.0,193.07999999999998,83.22413793103448
2025-08-27,437,0,23.85,142.0,118.15,83.20422535211269
2026-06-12,526,2,9.16,5.0,4.16,83.2
2025-09-23,396,4,0.84,5.0,4.16,83.2
2025-10-30,383,0,67.78,37.0,30.78,83.1891891891892
2026-04-11,398,2,31.14,17.0,14.14,83.17647058823529
2025-10-25,473,1,450.6,246.0,204.60000000000002,83.17073170731707
2025-11-06,348,7,1.01,6.0,4.99,83.16666666666667
2025-11-04,315,2,91.58,50.0,41.58,83.16
2026-06-17,510,6,534.8,292.0,242.79999999999995,83.15068493150683
2025-08-25,319,3,36.63,20.0,16.630000000000003,83.15
2026-06-29,383,2,62.27,34.0,28.270000000000003,83.14705882352942
2025-09-04,448,2,1.18,7.0,5.82,83.14285714285715
2026-06-25,304,3,578.68,316.0,262.67999999999995,83.126582278481
2025-11-23,505,3,35.27,209.0,173.73,83.12440191387559
2025-09-09,417,1,30.38,180.0,149.62,83.12222222222222
2026-03-26,340,4,31.13,17.0,14.129999999999999,83.11764705882352
2025-09-06,452,1,111.7,61.0,50.7,83.11475409836066
2025-10-02,333,3,410.17,224.0,186.17000000000002,83.11160714285715
2025-08-29,472,2,36.49,216.0,179.51,83.10648148148148
2025-08-17,445,1,195.92,107.0,88.91999999999999,83.10280373831775
2026-02-02,437,1,241.68,132.0,109.68,83.0909090909091
2026-05-21,431,0,161.12,88.0,73.12,83.0909090909091
2026-05-21,506,0,219.7,120.0,99.69999999999999,83.08333333333331
2026-01-30,308,6,142.8,78.0,64.80000000000001,83.0769230769231
2026-02-07,361,5,108.01,59.0,49.010000000000005,83.0677966101695
2026-03-27,360,2,6.1,36.0,29.9,83.05555555555554
2025-08-28,438,1,424.67,232.0,192.67000000000002,83.04741379310346
2025-10-20,361,2,300.19,164.0,136.19,83.04268292682927
2026-05-29,341,0,986.56,539.0,447.55999999999995,83.03525046382188
2026-01-21,317,2,128.12,70.0,58.120000000000005,83.02857142857144
2026-04-23,302,0,625.93,342.0,283.92999999999995,83.0204678362573
2025-08-10,398,2,95.17,52.0,43.17,83.01923076923077
2025-08-20,449,1,208.64,114.0,94.63999999999999,83.01754385964911
2025-12-27,405,2,21.57,127.0,105.43,83.01574803149607
2025-10-02,329,1,117.13,64.0,53.129999999999995,83.015625
2026-03-01,279,2,146.4,80.0,66.4,83.0
2026-07-20,277,2,1.83,1.0,0.8300000000000001,83.0
2025-09-22,277,2,0.51,3.0,2.49,83.0
2026-07-23,348,7,0.51,3.0,2.49,83.0
2025-12-19,507,1,11.9,70.0,58.1,83.0
2025-10-15,396,4,1.83,1.0,0.8300000000000001,83.0
2026-07-09,509,1,29.28,16.0,13.280000000000001,83.0
2025-10-24,409,2,0.68,4.0,3.32,83.0
2026-01-29,289,1,115.28,63.0,52.28,82.98412698412699
2026-06-29,331,1,464.75,254.0,210.75,82.97244094488188
2025-12-29,463,1,26.23,154.0,127.77,82.96753246753246
2025-10-08,433,1,340.28,186.0,154.27999999999997,82.94623655913978
2026-03-28,281,5,5.97,35.0,29.03,82.94285714285715
2026-03-16,412,1,54.88,30.0,24.880000000000003,82.93333333333334
2025-09-23,426,1,175.6,96.0,79.6,82.91666666666666
2025-10-24,336,2,21.95,12.0,9.95,82.91666666666666
2025-10-01,282,1,299.98,164.0,135.98000000000002,82.91463414634147
2025-11-01,355,4,459.1,251.0,208.10000000000002,82.90836653386455
2025-08-17,445,0,195.71,107.0,88.71000000000001,82.90654205607477
2025-10-26,280,5,1011.41,553.0,458.40999999999997,82.89511754068715
2026-02-12,318,4,274.34,150.0,124.33999999999997,82.89333333333332
2026-01-20,459,1,4.62,27.0,22.38,82.88888888888889
2025-12-28,417,2,256.04,140.0,116.04000000000002,82.8857142857143
2026-06-18,470,0,479.16,262.0,217.16000000000003,82.88549618320612
2025-08-15,484,1,486.44,266.0,220.44,82.87218045112782
2025-10-02,399,1,469.95,257.0,212.95,82.85992217898833
2025-12-26,404,1,5.49,32.0,26.509999999999998,82.84375
2025-08-28,308,5,190.13,104.0,86.13,82.81730769230768
2026-04-01,426,1,34.54,201.0,166.46,82.81592039800995
2026-02-03,482,2,9.14,5.0,4.140000000000001,82.80000000000001
2026-04-21,319,7,18.28,10.0,8.280000000000001,82.80000000000001
2026-03-25,334,2,9.14,5.0,4.140000000000001,82.80000000000001
2025-11-06,320,6,98.71,54.0,44.709999999999994,82.79629629629629
2026-05-21,431,1,160.86,88.0,72.86000000000001,82.79545454545456
2026-07-09,427,2,2.24,13.0,10.76,82.76923076923077
2026-07-13,331,5,102.35,56.0,46.349999999999994,82.76785714285714
2026-02-20,505,3,54.83,30.0,24.83,82.76666666666667
2025-09-02,334,2,9.84,57.0,47.16,82.73684210526315
2025-10-03,289,3,175.41,96.0,79.41,82.71875
2025-07-27,288,4,451.31,247.0,204.31,82.7165991902834
2025-10-27,291,5,308.76,169.0,139.76,82.69822485207101
2025-12-25,371,2,513.34,281.0,232.34000000000003,82.68327402135233
2025-08-20,474,1,100.47,55.0,45.47,82.67272727272727
2025-11-06,440,1,489.55,268.0,221.55,82.6679104477612
2026-02-25,374,3,5.48,3.0,2.4800000000000004,82.66666666666667
2026-06-26,404,1,10.96,6.0,4.960000000000001,82.66666666666667
2025-08-16,279,2,173.52,95.0,78.52000000000001,82.65263157894738
2026-01-28,419,4,34.7,19.0,15.700000000000003,82.63157894736844
2026-07-02,532,2,3.3,19.0,15.7,82.63157894736842
2026-06-01,404,2,18.77,108.0,89.23,82.62037037037038
2026-06-30,520,2,8.69,50.0,41.31,82.62
2026-01-27,334,2,9.13,5.0,4.130000000000001,82.60000000000002
2025-08-21,357,5,58.43,32.0,26.43,82.59375
2025-10-26,447,1,617.15,338.0,279.15,82.5887573964497
2025-10-02,294,3,2116.19,1159.0,957.19,82.58757549611735
2025-10-06,332,6,184.41,101.0,83.41,82.58415841584159
2026-04-01,426,0,35.01,201.0,165.99,82.58208955223881
2025-09-09,331,5,45.64,25.0,20.64,82.56
2026-01-27,405,2,16.43,9.0,7.43,82.55555555555554
2026-03-08,351,4,481.92,264.0,217.92000000000002,82.54545454545456
2026-01-19,282,3,51.11,28.0,23.11,82.53571428571428
2025-10-23,485,1,293.88,161.0,132.88,82.53416149068322
2026-05-29,340,4,1036.78,568.0,468.78,82.53169014084507
2025-10-21,373,4,1033.02,566.0,467.02,82.51236749116607
2026-05-21,506,1,219.01,120.0,99.00999999999999,82.50833333333333
2026-04-13,404,2,26.42,151.0,124.58,82.50331125827815
2025-10-26,276,0,503.68,276.0,227.68,82.4927536231884
2025-10-03,336,6,226.29,124.0,102.28999999999999,82.49193548387096
2026-01-27,343,4,264.61,145.0,119.61000000000001,82.4896551724138
2025-10-05,302,2,1131.37,620.0,511.3699999999999,82.4790322580645
2026-05-30,362,0,229.91,126.0,103.91,82.46825396825398
2025-11-08,483,0,700.67,384.0,316.66999999999996,82.46614583333333
2025-08-09,421,2,525.5,288.0,237.5,82.46527777777779
2026-07-03,283,2,4.21,24.0,19.79,82.45833333333333
2025-08-30,383,2,69.33,38.0,31.33,82.44736842105263
2026-01-31,507,1,35.65,203.0,167.35,82.43842364532019
2026-07-16,374,2,12.77,7.0,5.77,82.42857142857142
2026-02-20,410,1,10.72,61.0,50.28,82.42622950819673
2025-11-03,383,0,56.55,31.0,25.549999999999997,82.41935483870967
2025-09-22,447,1,297.32,163.0,134.32,82.40490797546012
2026-03-27,320,6,85.73,47.0,38.730000000000004,82.40425531914894
2026-06-29,480,2,145.89,80.0,65.88999999999999,82.36249999999998
2026-02-20,410,0,10.76,61.0,50.24,82.36065573770492
2025-12-26,417,0,557.99,306.0,251.99,82.34967320261438
2026-07-04,272,0,5736.25,3146.0,2590.25,82.33471074380165
2025-12-20,334,2,10.94,6.0,4.9399999999999995,82.33333333333333
2026-04-13,516,8,21.88,12.0,9.879999999999999,82.33333333333333
2026-03-25,383,1,10.94,6.0,4.9399999999999995,82.33333333333333
2025-11-08,446,1,457.65,251.0,206.64999999999998,82.33067729083665
2026-05-04,522,0,11.5,65.0,53.5,82.3076923076923
2025-10-20,395,0,576.09,316.0,260.09000000000003,82.30696202531647
2026-03-05,282,3,6.37,36.0,29.63,82.30555555555556
2025-08-23,322,1,41.6,235.0,193.4,82.29787234042554
2026-03-18,437,0,282.56,155.0,127.56,82.29677419354839
2026-07-20,525,0,49.22,27.0,22.22,82.29629629629629
2026-06-01,404,0,19.83,112.0,92.17,82.29464285714286
2026-01-05,427,2,56.51,31.0,25.509999999999998,82.29032258064515
2025-10-19,336,6,450.18,247.0,203.18,82.2591093117409
2026-02-13,509,3,7.29,4.0,3.29,82.25
2026-01-27,332,5,191.36,105.0,86.36000000000001,82.24761904761905
2026-04-01,384,1,45.56,25.0,20.560000000000002,82.24000000000001
2025-10-28,371,0,273.35,150.0,123.35000000000002,82.23333333333335
2025-10-22,474,0,382.68,210.0,172.68,82.22857142857143
2026-06-17,480,4,32.8,18.0,14.799999999999997,82.22222222222221
2026-01-03,338,2,167.64,92.0,75.63999999999999,82.21739130434781
2026-04-20,513,1,3.38,19.0,15.620000000000001,82.21052631578948
2026-05-28,296,2,10.5,59.0,48.5,82.20338983050848
2026-04-17,516,12,9.11,5.0,4.109999999999999,82.19999999999999
2026-02-06,405,2,9.11,5.0,4.109999999999999,82.19999999999999
2026-07-22,291,4,92.92,51.0,41.92,82.19607843137256
2026-06-15,404,0,32.23,181.0,148.77,82.19337016574586
2026-06-01,386,3,29.15,16.0,13.149999999999999,82.18749999999999
2025-11-18,339,2,111.13,61.0,50.129999999999995,82.18032786885246
2026-05-22,339,5,102.02,56.0,46.019999999999996,82.17857142857142
2026-06-04,317,3,184.0,101.0,83.0,82.17821782178217
2025-10-20,318,5,340.67,187.0,153.67000000000002,82.1764705882353
2025-11-21,324,1,125.7,69.0,56.7,82.17391304347827
2026-04-16,396,3,185.8,102.0,83.80000000000001,82.15686274509805
2025-10-21,363,2,1291.46,709.0,582.46,82.15232722143865
2025-11-23,427,1,53.9,302.0,248.1,82.1523178807947
2025-08-27,417,1,25.89,145.0,119.11,82.14482758620689
2025-09-06,452,0,111.1,61.0,50.099999999999994,82.13114754098359
2025-10-25,473,0,448.03,246.0,202.02999999999997,82.12601626016259
2026-04-02,322,1,120.2,66.0,54.2,82.12121212121212
2026-04-13,404,0,27.92,156.0,128.07999999999998,82.10256410256409
2026-04-13,482,0,109.26,60.0,49.260000000000005,82.10000000000001
2026-05-15,465,0,183.91,101.0,82.91,82.08910891089108
2025-08-09,357,4,416.98,229.0,187.98000000000002,82.0873362445415
2025-08-09,332,6,444.23,244.0,200.23000000000002,82.06147540983608
2026-04-27,445,0,63.72,35.0,28.72,82.05714285714285
2026-07-17,338,2,131.08,72.0,59.08000000000001,82.05555555555557
2026-03-04,330,2,333.1,183.0,150.10000000000002,82.02185792349728
2025-10-13,291,2,96.47,53.0,43.47,82.01886792452831
2025-12-12,289,4,14.56,8.0,6.5600000000000005,82.0
2026-07-20,520,5,1.82,1.0,0.8200000000000001,82.0
2025-10-21,386,3,34.58,19.0,15.579999999999998,82.0
2026-03-03,505,3,27.3,15.0,12.3,82.0
2025-12-24,363,1,29.12,16.0,13.120000000000001,82.0
2026-02-13,277,2,3.64,2.0,1.6400000000000001,82.0
2025-11-26,315,3,3.64,2.0,1.6400000000000001,82.0
2025-12-02,479,2,2.34,13.0,10.66,82.0
2026-02-25,277,2,0.18,1.0,0.8200000000000001,82.0
2026-04-01,362,2,0.36,2.0,1.6400000000000001,82.0
2026-03-10,409,2,1.82,1.0,0.8200000000000001,82.0
2026-03-04,289,4,6.3,35.0,28.7,82.0
2026-01-19,382,2,252.95,139.0,113.94999999999999,81.97841726618704
2026-04-30,334,3,15.86,88.0,72.14,81.97727272727273
2026-02-20,346,4,129.2,71.0,58.19999999999999,81.97183098591547
2025-08-12,480,2,34.57,19.0,15.57,81.94736842105263
2026-01-06,279,1,89.15,49.0,40.150000000000006,81.9387755102041
2025-12-22,389,0,320.21,176.0,144.20999999999998,81.93749999999999
2026-01-05,363,4,212.84,117.0,95.84,81.91452991452992
2025-09-12,418,1,54.57,30.0,24.57,81.9
2026-02-02,318,1,321.96,177.0,144.95999999999998,81.89830508474574
2026-02-05,424,0,32.74,18.0,14.740000000000002,81.8888888888889
2025-08-18,437,1,189.15,104.0,85.15,81.87500000000001
2026-01-10,334,2,14.55,8.0,6.550000000000001,81.87500000000001
2026-06-29,346,2,511.05,281.0,230.05,81.86832740213524
2025-11-17,447,0,154.58,85.0,69.58000000000001,81.85882352941178
2026-01-26,459,1,49.1,27.0,22.1,81.85185185185185
2026-04-15,332,1,330.97,182.0,148.97000000000003,81.85164835164836
2025-08-15,461,0,354.61,195.0,159.61,81.85128205128206
2026-05-01,320,7,230.95,127.0,103.94999999999999,81.8503937007874
2025-09-22,371,2,11.98,66.0,54.019999999999996,81.84848484848484
2025-10-26,385,1,1127.45,620.0,507.45000000000005,81.8467741935484
2026-04-06,336,3,134.56,74.0,60.56,81.83783783783784
2026-06-10,374,3,10.91,6.0,4.91,81.83333333333334
2026-06-20,448,2,8.37,46.0,37.63,81.80434782608697
2025-07-25,461,0,165.44,91.0,74.44,81.8021978021978
2026-05-15,272,5,32.76,180.0,147.24,81.80000000000001
2026-05-19,332,7,54.54,30.0,24.54,81.8
2026-05-20,451,1,74.53,41.0,33.53,81.78048780487805
2025-12-26,320,3,318.1,175.0,143.10000000000002,81.77142857142859
2025-09-10,383,2,30.9,17.0,13.899999999999999,81.76470588235293
2025-12-26,418,0,361.71,199.0,162.70999999999998,81.76381909547737
2025-08-28,385,3,356.23,196.0,160.23000000000002,81.75000000000001
2026-05-30,320,8,248.99,137.0,111.99000000000001,81.74452554744526
2026-07-18,273,0,1948.15,1072.0,876.1500000000001,81.7304104477612
2025-11-08,483,1,697.74,384.0,313.74,81.703125
2025-10-19,374,2,36.34,20.0,16.340000000000003,81.70000000000002
2025-08-22,320,8,136.27,75.0,61.27000000000001,81.69333333333336
2026-01-23,315,3,0.55,3.0,2.45,81.66666666666667
2026-03-11,509,1,10.9,6.0,4.9,81.66666666666667
2026-03-04,368,2,1351.54,744.0,607.54,81.65860215053763
2026-05-20,451,0,74.48,41.0,33.480000000000004,81.65853658536587
2025-08-28,472,2,4.77,26.0,21.23,81.65384615384616
2026-07-10,472,1,165.3,91.0,74.30000000000001,81.64835164835166
2026-07-17,442,2,14.53,8.0,6.529999999999999,81.62499999999999
2025-08-20,398,2,14.53,8.0,6.529999999999999,81.62499999999999
2025-11-08,446,0,455.87,251.0,204.87,81.62151394422311
2026-04-04,396,3,285.11,157.0,128.11,81.5987261146497
2026-01-05,348,4,15.28,83.0,67.72,81.59036144578313
2025-08-18,383,1,21.79,12.0,9.79,81.58333333333333
2025-12-22,389,1,319.58,176.0,143.57999999999998,81.57954545454544
2026-05-29,331,6,635.52,350.0,285.52,81.57714285714285
2025-11-03,319,4,1.29,7.0,5.71,81.57142857142857
2026-04-23,307,0,1089.42,600.0,489.4200000000001,81.57000000000001
2026-01-22,388,6,45.39,25.0,20.39,81.56
2025-08-28,343,3,464.77,256.0,208.76999999999998,81.55078125
2025-07-25,461,1,165.21,91.0,74.21000000000001,81.54945054945055
2025-10-24,383,0,225.12,124.0,101.12,81.5483870967742
2026-01-28,509,3,4.06,22.0,17.94,81.54545454545456
2025-11-06,274,6,99.85,55.0,44.849999999999994,81.54545454545453
2026-07-07,384,1,39.94,22.0,17.939999999999998,81.54545454545453
2026-05-15,346,4,206.96,114.0,92.96000000000001,81.54385964912282
2025-11-06,498,0,181.52,100.0,81.52000000000001,81.52000000000001
2025-10-22,474,1,381.19,210.0,171.19,81.51904761904761
2025-11-17,435,0,159.72,88.0,71.72,81.5
2026-07-15,362,2,0.37,2.0,1.63,81.5
2025-11-24,506,0,88.92,49.0,39.92,81.46938775510205
2026-03-05,280,5,90.44,488.0,397.56,81.4672131147541
2025-08-28,324,4,179.63,99.0,80.63,81.44444444444444
2025-07-31,467,0,68.86,371.0,302.14,81.43935309973045
2026-02-06,403,5,29.03,16.0,13.030000000000001,81.4375
2025-08-15,461,1,353.8,195.0,158.8,81.43589743589745
2025-11-17,447,1,154.21,85.0,69.21000000000001,81.42352941176472
2026-07-20,280,6,175.98,97.0,78.97999999999999,81.42268041237114
2026-04-17,334,3,74.38,41.0,33.379999999999995,81.41463414634144
2025-08-31,315,3,1.86,10.0,8.14,81.4
2026-06-09,474,0,105.21,58.0,47.209999999999994,81.39655172413792
2025-12-26,292,3,330.14,182.0,148.14,81.3956043956044
2026-01-08,505,2,88.88,49.0,39.879999999999995,81.3877551020408
2025-12-28,485,1,480.67,265.0,215.67000000000002,81.38490566037736
2026-04-30,505,3,23.58,13.0,10.579999999999998,81.38461538461537
2025-10-02,347,3,402.67,222.0,180.67000000000002,81.3828828828829
2025-10-02,294,4,1282.23,707.0,575.23,81.36209335219236
2025-09-02,317,0,101.9,546.0,444.1,81.33699633699634
2026-03-19,459,1,5.44,3.0,2.4400000000000004,81.33333333333334
2026-03-27,281,5,5.44,3.0,2.4400000000000004,81.33333333333334
2026-05-15,465,1,183.14,101.0,82.13999999999999,81.32673267326732
2026-03-05,485,2,7.29,39.0,31.71,81.30769230769232
2026-01-30,400,3,54.39,30.0,24.39,81.30000000000001
2026-01-24,404,1,1.31,7.0,5.6899999999999995,81.28571428571428
2026-04-25,516,1,26.39,141.0,114.61,81.28368794326241
2025-10-06,498,1,65.26,36.0,29.260000000000005,81.2777777777778
2025-08-22,296,2,2.25,12.0,9.75,81.25
2025-12-11,319,4,7.25,4.0,3.25,81.25
2025-12-20,288,5,117.81,65.0,52.81,81.24615384615385
2025-10-26,343,4,792.01,437.0,355.01,81.23798627002287
2025-08-23,392,1,362.47,200.0,162.47000000000003,81.23500000000001
2025-10-22,480,5,219.28,121.0,98.28,81.22314049586777
2025-07-31,467,1,69.7,371.0,301.3,81.21293800539084
2026-03-18,437,1,280.88,155.0,125.88,81.21290322580644
2026-07-13,273,5,128.66,71.0,57.66,81.2112676056338
2026-07-22,391,2,179.39,99.0,80.38999999999999,81.20202020202018
2026-02-05,424,1,32.61,18.0,14.61,81.16666666666667
2026-05-29,331,5,83.33,46.0,37.33,81.15217391304348
2025-11-10,363,1,3.77,20.0,16.23,81.15
2026-05-08,301,3,302.52,167.0,135.51999999999998,81.14970059880238
2026-03-09,516,2,38.04,21.0,17.04,81.14285714285714
2026-07-13,297,2,115.93,64.0,51.93000000000001,81.14062500000001
2025-11-03,317,2,94.19,52.0,42.19,81.13461538461539
2025-09-15,388,2,45.28,25.0,20.28,81.12
2026-03-07,476,0,40.1,212.0,171.9,81.08490566037736
2025-12-02,345,3,28.57,151.0,122.43,81.0794701986755
2025-08-14,418,1,81.48,45.0,36.480000000000004,81.06666666666668
2025-08-18,446,1,244.44,135.0,109.44,81.06666666666666
2025-09-27,445,1,34.29,181.0,146.71,81.05524861878453
2026-01-16,503,1,103.2,57.0,46.2,81.05263157894737
2026-03-04,320,3,77.9,411.0,333.1,81.0462287104623
2025-09-01,274,5,54.31,30.0,24.310000000000002,81.03333333333335
2025-11-26,322,1,128.53,71.0,57.53,81.02816901408451
2025-08-29,446,1,181.01,100.0,81.00999999999999,81.00999999999999
2025-10-19,435,0,127.83,673.0,545.17,81.00594353640416
2025-10-06,334,2,9.05,5.0,4.050000000000001,81.00000000000001
2026-05-29,291,2,95.93,53.0,42.93000000000001,81.00000000000001
2026-04-24,396,4,0.38,2.0,1.62,81.0
2026-07-01,442,2,19.91,11.0,8.91,81.0
2025-09-13,348,7,5.43,3.0,2.4299999999999997,81.0
2025-11-17,507,1,21.72,12.0,9.719999999999999,81.0
2025-09-01,448,2,1.81,1.0,0.81,81.0
2026-02-10,374,2,5.43,3.0,2.4299999999999997,81.0
2026-04-20,362,2,0.57,3.0,2.43,81.0
2026-01-07,409,2,0.57,3.0,2.43,81.0
2025-10-25,337,1,0.19,1.0,0.81,81.0
2025-10-22,441,0,347.51,192.0,155.51,80.99479166666667
2025-08-28,490,1,16.73,88.0,71.27,80.98863636363636
2025-09-04,502,0,445.2,246.0,199.2,80.97560975609755
2025-08-22,412,1,66.96,37.0,29.959999999999994,80.97297297297295
2026-05-19,412,0,12.75,67.0,54.25,80.97014925373134
2025-08-20,449,0,206.3,114.0,92.30000000000001,80.96491228070177
2026-07-16,509,5,124.86,69.0,55.86,80.95652173913044
2025-08-28,490,0,16.76,88.0,71.24,80.95454545454544
2026-03-05,505,3,32.57,18.0,14.57,80.94444444444444
2026-04-27,445,1,63.33,35.0,28.33,80.94285714285714
2026-03-04,320,6,53.94,283.0,229.06,80.9399293286219
2025-12-28,463,2,615.19,340.0,275.19000000000005,80.93823529411766
2026-05-04,304,2,423.39,234.0,189.39,80.93589743589743
2025-08-29,446,0,180.93,100.0,80.93,80.93
2026-06-27,520,6,5.15,27.0,21.85,80.92592592592594
2026-04-07,362,1,23.52,13.0,10.52,80.92307692307692
2025-07-30,288,4,161.01,89.0,72.00999999999999,80.91011235955055
2026-04-29,398,1,54.27,30.0,24.270000000000003,80.9
2025-12-04,345,3,68.74,38.0,30.739999999999995,80.89473684210525
2025-11-27,486,0,65.12,36.0,29.120000000000005,80.8888888888889
2025-09-06,318,5,468.47,259.0,209.47000000000003,80.87644787644788
2025-11-06,453,0,629.41,348.0,281.40999999999997,80.86494252873563
2026-03-07,476,1,40.57,212.0,171.43,80.86320754716981
2026-07-16,473,0,256.82,142.0,114.82,80.85915492957746
2025-09-19,405,2,12.66,7.0,5.66,80.85714285714286
2025-10-19,435,1,128.89,673.0,544.11,80.8484398216939
2025-10-19,485,2,47.02,26.0,21.020000000000003,80.84615384615385
2026-05-19,412,1,12.84,67.0,54.16,80.83582089552237
2025-09-09,361,4,36.16,20.0,16.159999999999997,80.79999999999998
2026-06-02,335,1,94.01,52.0,42.010000000000005,80.78846153846155
2025-09-27,445,0,34.78,181.0,146.22,80.78453038674033
2025-10-02,288,5,222.36,123.0,99.36000000000001,80.78048780487806
2025-09-09,421,1,20.19,105.0,84.81,80.77142857142857
2026-07-13,283,0,625.42,346.0,279.41999999999996,80.757225433526
2025-10-04,480,3,484.4,268.0,216.39999999999998,80.74626865671641
2026-03-24,309,3,388.55,215.0,173.55,80.72093023255815
2026-02-26,507,2,70.48,39.0,31.480000000000004,80.71794871794873
2026-03-05,475,2,50.6,28.0,22.6,80.71428571428572
2025-08-03,280,3,2789.86,1544.0,1245.8600000000001,80.69041450777202
2025-08-01,485,2,28.4,147.0,118.6,80.68027210884352
2025-08-28,320,0,1499.62,830.0,669.6199999999999,80.67710843373493
2025-08-24,373,1,355.92,197.0,158.92000000000002,80.67005076142134
2025-12-06,315,3,5.42,3.0,2.42,80.66666666666666
2025-08-28,448,2,5.42,3.0,2.42,80.66666666666666
2026-05-03,273,7,1.16,6.0,4.84,80.66666666666666
2025-09-18,410,0,79.49,44.0,35.489999999999995,80.6590909090909
2026-01-17,509,2,214.98,119.0,95.97999999999999,80.65546218487394
2026-06-09,474,1,104.78,58.0,46.78,80.65517241379311
2026-06-27,472,0,932.16,516.0,416.15999999999997,80.65116279069767
2025-08-18,279,2,56.0,31.0,25.0,80.64516129032258
2025-08-22,383,0,70.45,39.0,31.450000000000003,80.64102564102565
2026-05-25,282,5,113.8,63.0,50.8,80.63492063492063
2026-05-21,522,1,14.14,73.0,58.86,80.63013698630137
2025-08-04,450,1,316.1,175.0,141.10000000000002,80.62857142857143
2025-08-27,319,8,59.6,33.0,26.6,80.60606060606061
2025-10-25,425,1,155.32,86.0,69.32,80.60465116279069
2026-06-08,319,4,9.03,5.0,4.029999999999999,80.59999999999998
2026-02-09,282,2,52.37,29.0,23.369999999999997,80.58620689655172
2026-07-16,473,1,256.43,142.0,114.43,80.58450704225353
2026-06-29,331,6,507.44,281.0,226.44,80.58362989323842
2025-10-14,363,1,175.15,97.0,78.15,80.56701030927836
2026-04-28,281,5,3.11,16.0,12.89,80.5625
2025-11-20,384,3,32.5,18.0,14.5,80.55555555555556
2025-09-22,494,2,52.36,29.0,23.36,80.55172413793103
2025-12-07,339,4,74.17,381.0,306.83,80.53280839895012
2025-11-26,279,1,79.43,44.0,35.43000000000001,80.5227272727273
2025-12-15,472,2,194.96,108.0,86.96000000000001,80.51851851851852
2026-01-05,488,0,220.23,122.0,98.22999999999999,80.51639344262294
2025-09-28,297,0,1722.12,954.0,768.1199999999999,80.51572327044025
2026-01-30,404,1,1.56,8.0,6.4399999999999995,80.5
2026-03-09,315,3,0.78,4.0,3.2199999999999998,80.5
2025-11-05,409,2,0.39,2.0,1.6099999999999999,80.5
2025-11-06,498,1,180.5,100.0,80.5,80.5
2025-12-24,505,3,32.97,169.0,136.03,80.49112426035504
2026-02-19,317,4,75.8,42.0,33.8,80.47619047619047
2026-04-13,516,4,99.26,55.0,44.260000000000005,80.47272727272728
2026-01-23,374,1,158.81,88.0,70.81,80.4659090909091
2026-05-21,522,0,14.26,73.0,58.74,80.46575342465754
2026-01-19,404,0,32.24,165.0,132.76,80.46060606060605
2025-11-17,435,1,158.8,88.0,70.80000000000001,80.45454545454547
2025-08-15,384,3,135.33,75.0,60.33000000000001,80.44000000000001
2025-10-27,404,0,35.6,182.0,146.4,80.43956043956044
2025-08-18,364,4,514.24,285.0,229.24,80.43508771929825
2026-05-30,481,0,270.63,150.0,120.63,80.41999999999999
2025-09-25,403,4,120.88,67.0,53.879999999999995,80.41791044776119
2025-11-19,324,1,101.03,56.0,45.03,80.41071428571429
2025-10-13,336,7,48.71,27.0,21.71,80.4074074074074
2026-07-21,404,1,1.96,10.0,8.04,80.39999999999999
2025-09-06,419,1,0.98,5.0,4.02,80.39999999999999
2026-05-26,427,1,15.68,80.0,64.32,80.39999999999999
2025-12-01,364,1,402.29,223.0,179.29000000000002,80.39910313901346
2025-12-02,503,2,203.83,113.0,90.83000000000001,80.38053097345134
2026-06-02,317,4,135.27,75.0,60.27000000000001,80.36000000000001
2025-12-29,427,2,66.73,37.0,29.730000000000004,80.35135135135137
2025-10-12,414,1,403.98,224.0,179.98000000000002,80.34821428571429
2026-06-25,503,1,135.26,75.0,60.25999999999999,80.34666666666665
2026-01-05,480,1,167.72,93.0,74.72,80.34408602150538
2025-10-27,279,1,73.94,41.0,32.94,80.34146341463413
2026-05-12,405,2,5.41,3.0,2.41,80.33333333333333
2026-03-24,424,1,37.87,21.0,16.869999999999997,80.33333333333333
2025-10-29,362,2,0.59,3.0,2.41,80.33333333333333
2026-02-20,463,1,129.82,72.0,57.81999999999999,80.30555555555554
2026-07-23,396,2,214.55,119.0,95.55000000000001,80.29411764705884
2025-10-22,441,1,346.14,192.0,154.14,80.28125
2025-09-24,319,2,45.07,25.0,20.07,80.28
2026-06-13,320,4,169.45,94.0,75.44999999999999,80.2659574468085
2026-03-05,516,9,6.12,31.0,24.88,80.25806451612902
2026-04-15,374,2,7.21,4.0,3.21,80.25
2025-08-28,322,0,798.5,443.0,355.5,80.24830699774267
2026-01-28,319,4,3.36,17.0,13.64,80.23529411764706
2026-02-09,509,3,3.36,17.0,13.64,80.23529411764706
2026-04-15,273,5,353.25,196.0,157.25,80.2295918367347
2026-05-12,400,3,25.23,14.0,11.23,80.21428571428572
2026-05-02,346,1,93.71,52.0,41.709999999999994,80.21153846153844
2025-08-15,289,4,126.14,70.0,56.14,80.2
2025-11-15,277,2,0.99,5.0,4.01,80.19999999999999
2026-03-19,288,1,88.29,49.0,39.290000000000006,80.18367346938777
2025-09-28,309,2,1131.51,628.0,503.51,80.17675159235668
2025-08-24,337,1,342.33,190.0,152.32999999999998,80.1736842105263
2025-10-23,485,0,333.32,185.0,148.32,80.17297297297297
2025-11-03,444,1,208.98,116.0,92.97999999999999,80.1551724137931
2026-01-16,433,0,354.9,197.0,157.89999999999998,80.15228426395939
2026-01-12,459,1,3.97,20.0,16.03,80.15
2026-03-05,282,2,6.75,34.0,27.25,80.14705882352942
2025-10-04,304,1,706.1,392.0,314.1,80.12755102040818
2025-10-23,418,1,95.46,53.0,42.459999999999994,80.1132075471698
2026-06-08,384,2,32.42,18.0,14.420000000000002,80.11111111111113
2026-01-05,322,1,162.09,90.0,72.09,80.10000000000001
2026-01-02,344,2,327.78,182.0,145.77999999999997,80.09890109890108
2025-12-05,319,5,43.22,24.0,19.22,80.08333333333333
2026-03-21,472,0,210.93,1059.0,848.0699999999999,80.08215297450424
2026-01-27,495,0,327.72,182.0,145.72000000000003,80.06593406593409
2025-11-12,475,0,3.19,16.0,12.81,80.0625
2026-05-21,361,1,32.41,18.0,14.409999999999997,80.05555555555553
2025-11-23,427,0,84.0,421.0,337.0,80.04750593824228
2026-06-01,360,2,48.61,27.0,21.61,80.03703703703704
2026-03-23,416,0,248.45,138.0,110.44999999999999,80.03623188405797
2026-02-23,336,2,50.41,28.0,22.409999999999997,80.03571428571428
2025-08-29,316,3,273.62,152.0,121.62,80.01315789473684
2025-08-21,337,1,144.01,80.0,64.00999999999999,80.01249999999999
2025-10-30,282,1,154.81,86.0,68.81,80.01162790697674
2026-04-04,277,0,694.83,386.0,308.83000000000004,80.0077720207254
2026-01-23,479,2,5.4,3.0,2.4000000000000004,80.00000000000001
2026-06-24,526,1,10.8,6.0,4.800000000000001,80.00000000000001
2025-07-26,315,3,14.4,8.0,6.4,80.0
2025-12-08,277,2,0.8,4.0,3.2,80.0
2025-08-18,437,0,187.2,104.0,83.19999999999999,80.0
2025-07-31,277,2,0.4,2.0,1.6,80.0
2026-01-09,404,1,1.6,8.0,6.4,80.0
2026-03-24,519,1,4.8,24.0,19.2,80.0
2026-01-05,488,1,219.59,122.0,97.59,79.99180327868852
2025-08-14,355,5,201.57,112.0,89.57,79.97321428571428
2025-09-04,502,1,442.67,246.0,196.67000000000002,79.94715447154472
2025-10-12,405,0,160.15,89.0,71.15,79.9438202247191
2026-03-23,297,2,59.38,33.0,26.380000000000003,79.93939393939394
2026-02-09,289,4,19.79,11.0,8.79,79.90909090909089
2026-05-29,341,1,428.18,238.0,190.18,79.90756302521008
2025-10-02,484,0,588.29,327.0,261.28999999999996,79.9051987767584
2025-12-25,315,2,148.93,741.0,592.0699999999999,79.90148448043183
2026-07-17,291,2,38.41,191.0,152.59,79.89005235602095
2025-10-07,383,0,53.51,266.0,212.49,79.88345864661655
2026-01-16,433,1,354.32,197.0,157.32,79.85786802030456
2026-03-27,477,0,199.64,111.0,88.63999999999999,79.85585585585584
2026-05-26,427,0,21.76,108.0,86.24,79.85185185185185
2026-07-02,382,1,325.53,181.0,144.52999999999997,79.85082872928176
2025-12-12,507,1,5.04,25.0,19.96,79.84
2025-11-27,486,1,64.74,36.0,28.739999999999995,79.83333333333333
2025-11-05,382,2,95.31,53.0,42.31,79.83018867924528
2025-12-17,317,2,36.53,181.0,144.47,79.81767955801105
2026-05-19,419,2,17.98,10.0,7.98,79.80000000000001
2025-09-18,410,1,79.11,44.0,35.11,79.79545454545455
2026-03-02,303,2,23.37,13.0,10.370000000000001,79.76923076923079
2026-06-15,479,2,14.38,8.0,6.380000000000001,79.75000000000001
2025-12-28,362,2,0.81,4.0,3.19,79.75
2025-10-22,450,1,375.66,209.0,166.66000000000003,79.74162679425838
2025-10-26,280,0,7518.15,4183.0,3335.1499999999996,79.73105426727228
2026-01-27,469,0,199.47,111.0,88.47,79.7027027027027
2026-05-05,386,3,17.97,10.0,7.969999999999999,79.69999999999999
2026-01-15,345,2,237.2,132.0,105.19999999999999,79.69696969696969
2026-06-15,320,4,140.16,78.0,62.16,79.69230769230768
2025-11-16,360,2,141.94,79.0,62.94,79.67088607594937
2025-08-19,419,1,0.61,3.0,2.39,79.66666666666667
2025-11-30,334,2,47.58,234.0,186.42000000000002,79.66666666666667
2025-10-20,288,6,5.39,3.0,2.3899999999999997,79.66666666666666
2025-09-08,391,3,75.46,42.0,33.459999999999994,79.66666666666666
2026-04-28,398,2,14.24,70.0,55.76,79.65714285714286
2025-11-14,320,3,113.18,63.0,50.18000000000001,79.65079365079366
2026-01-27,333,1,414.98,231.0,183.98000000000002,79.64502164502166
2026-03-19,510,5,91.82,451.0,359.18,79.64079822616408
2025-08-04,450,0,314.36,175.0,139.36,79.63428571428572
2025-09-25,346,1,46.7,26.0,20.700000000000003,79.61538461538463
2026-02-18,372,4,116.75,65.0,51.75,79.61538461538461
2026-05-11,480,4,48.49,27.0,21.490000000000002,79.59259259259261
2026-02-05,480,3,208.3,116.0,92.30000000000001,79.56896551724138
2026-03-21,314,2,637.44,355.0,282.44000000000005,79.5605633802817
2026-03-30,319,7,19.75,11.0,8.75,79.54545454545455
2025-10-19,423,0,1632.01,909.0,723.01,79.53905390539053
2025-12-02,320,8,131.06,73.0,58.06,79.53424657534246
2026-02-12,509,3,3.07,15.0,11.93,79.53333333333333
2026-07-02,520,2,30.52,17.0,13.52,79.52941176470588
2025-08-18,446,0,242.36,135.0,107.36000000000001,79.52592592592593
2025-09-23,392,3,98.73,55.0,43.730000000000004,79.50909090909092
2026-04-09,479,2,17.95,10.0,7.949999999999999,79.5
2025-11-24,396,4,0.41,2.0,1.59,79.5
2026-03-21,472,1,100.47,490.0,389.53,79.49591836734693
2025-09-13,336,7,24.81,121.0,96.19,79.49586776859505
2026-03-27,477,1,199.24,111.0,88.24000000000001,79.4954954954955
2025-08-28,331,3,360.75,201.0,159.75,79.47761194029852
2025-10-23,321,3,226.13,126.0,100.13,79.46825396825396
2025-07-31,340,4,53.84,30.0,23.840000000000003,79.46666666666667
2025-10-22,450,0,375.08,209.0,166.07999999999998,79.46411483253588
2025-10-01,353,1,122.03,68.0,54.03,79.45588235294117
2025-08-28,365,1,527.55,294.0,233.54999999999995,79.43877551020407
2025-10-21,463,0,644.18,359.0,285.17999999999995,79.43732590529247
2025-10-07,382,2,183.02,102.0,81.02000000000001,79.43137254901961
2026-01-02,374,3,1.44,7.0,5.5600000000000005,79.42857142857143
2026-06-29,272,3,556.22,310.0,246.22000000000003,79.42580645161291
2026-07-07,320,6,46.65,26.0,20.65,79.42307692307692
2025-08-14,418,0,285.27,159.0,126.26999999999998,79.41509433962263
2025-09-28,404,2,37.27,181.0,143.73,79.40883977900552
2025-12-08,456,0,125.58,70.0,55.58,79.39999999999999
2026-02-12,509,4,8.24,40.0,31.759999999999998,79.39999999999999
2026-06-27,510,5,242.18,135.0,107.18,79.39259259259259
2025-12-25,362,1,32.29,18.0,14.29,79.38888888888889
2025-11-24,506,1,87.9,49.0,38.900000000000006,79.38775510204083
2026-02-21,373,1,29.27,142.0,112.73,79.38732394366197
2025-10-28,371,3,48.43,27.0,21.43,79.37037037037037
2025-08-22,473,1,136.32,76.0,60.31999999999999,79.36842105263156
2025-12-02,363,1,4.54,22.0,17.46,79.36363636363637
2025-10-12,414,0,401.77,224.0,177.76999999999998,79.36160714285714
2025-10-10,357,0,1346.99,751.0,595.99,79.3595206391478
2025-08-22,473,0,136.31,76.0,60.31,79.35526315789474
2026-07-08,336,2,30.49,17.0,13.489999999999998,79.35294117647058
2026-03-04,400,0,285.17,159.0,126.17000000000002,79.35220125786164
2026-02-16,510,1,389.19,217.0,172.19,79.35023041474655
2026-01-27,282,5,138.09,77.0,61.09,79.33766233766234
2025-11-13,336,3,129.12,72.0,57.120000000000005,79.33333333333334
2026-04-13,509,6,10.76,6.0,4.76,79.33333333333333
2025-10-31,344,1,164.96,92.0,72.96000000000001,79.30434782608697
2026-02-21,510,4,355.01,198.0,157.01,79.29797979797979
2026-06-29,291,6,141.64,79.0,62.639999999999986,79.29113924050631
2026-02-27,348,7,1.45,7.0,5.55,79.28571428571428
2026-07-13,509,3,19.72,11.0,8.719999999999999,79.27272727272727
2025-10-08,480,2,19.72,11.0,8.719999999999999,79.27272727272727
2026-02-05,510,4,319.1,178.0,141.10000000000002,79.26966292134833
2026-01-19,404,2,33.8,163.0,129.2,79.2638036809816
2026-04-15,331,6,376.45,210.0,166.45,79.26190476190476
2026-03-13,405,2,7.17,4.0,3.17,79.25
2025-10-14,480,5,143.39,80.0,63.389999999999986,79.23749999999998
2026-03-24,319,8,98.58,55.0,43.58,79.23636363636363
2026-03-04,332,7,89.61,50.0,39.61,79.22
2025-10-05,387,0,741.97,414.0,327.97,79.21980676328502
2026-01-12,396,3,120.07,67.0,53.06999999999999,79.20895522388058
2026-02-25,505,2,17.92,10.0,7.920000000000002,79.20000000000002
2026-03-01,459,1,2.08,10.0,7.92,79.2
2026-04-20,403,5,19.71,11.0,8.71,79.18181818181819
2026-06-24,366,1,981.8,548.0,433.79999999999995,79.16058394160584
2025-10-21,274,6,32.51,156.0,123.49000000000001,79.16025641025641
2026-06-15,272,4,13.55,65.0,51.45,79.15384615384616
2025-08-27,459,1,5.63,27.0,21.37,79.14814814814815
2026-02-11,373,1,6.05,29.0,22.95,79.13793103448276
2026-04-12,321,1,367.21,205.0,162.20999999999998,79.12682926829268
2025-12-30,374,3,14.33,8.0,6.33,79.125
2025-10-06,331,6,399.43,223.0,176.43,79.11659192825113
2026-05-29,511,0,802.43,448.0,354.42999999999995,79.11383928571428
2026-06-02,431,0,118.21,66.0,52.209999999999994,79.1060606060606
2026-02-09,385,1,254.33,142.0,112.33000000000001,79.10563380281691
2025-10-08,318,1,374.33,209.0,165.32999999999998,79.10526315789474
2026-07-15,319,2,109.25,61.0,48.25,79.09836065573771
2026-01-06,361,1,82.38,46.0,36.379999999999995,79.08695652173911
2026-01-19,448,2,21.49,12.0,9.489999999999998,79.08333333333331
2026-05-05,425,1,85.96,48.0,37.959999999999994,79.08333333333331
2026-04-16,519,1,92.08,440.0,347.92,79.07272727272728
2025-08-18,320,3,143.25,80.0,63.25,79.0625
2026-04-04,277,1,691.17,386.0,305.16999999999996,79.05958549222797
2025-10-02,304,0,3282.15,1833.0,1449.15,79.05891980360066
2025-10-04,485,2,18.01,86.0,67.99,79.05813953488372
2025-08-31,321,4,161.15,90.0,71.15,79.05555555555556
2026-03-04,400,1,218.43,122.0,96.43,79.04098360655738
2025-12-01,325,1,107.42,60.0,47.42,79.03333333333333
2026-03-04,366,1,483.36,270.0,213.36,79.02222222222223
2025-12-22,291,4,209.45,117.0,92.44999999999999,79.017094017094
2025-12-02,413,2,130.68,73.0,57.68000000000001,79.013698630137
2026-07-15,277,2,0.21,1.0,0.79,79.0
2026-07-22,353,4,0.84,4.0,3.16,79.0
2026-05-18,362,2,5.37,3.0,2.37,79.0
2026-06-17,362,2,1.05,5.0,3.95,79.0
2026-07-20,293,1,232.54,1107.0,874.46,78.9936766034327
2025-10-20,395,1,565.58,316.0,249.58000000000004,78.98101265822785
2026-01-27,289,2,55.48,31.0,24.479999999999997,78.96774193548386
2026-01-05,472,1,270.19,151.0,119.19,78.93377483443709
2026-06-27,510,2,722.89,404.0,318.89,78.93316831683168
2025-08-04,412,0,93.04,52.0,41.040000000000006,78.92307692307693
2026-06-18,496,0,921.37,515.0,406.37,78.90679611650485
2026-07-18,468,1,270.13,151.0,119.13,78.89403973509933
2026-05-18,405,1,14.31,8.0,6.3100000000000005,78.875
2026-04-16,519,0,92.96,440.0,347.04,78.87272727272727
2026-02-21,419,2,37.56,21.0,16.560000000000002,78.85714285714288
2025-12-08,456,1,125.2,70.0,55.2,78.85714285714286
2026-02-20,373,1,7.83,37.0,29.17,78.83783783783784
2026-07-18,468,0,270.04,151.0,119.04000000000002,78.83443708609272
2025-10-29,463,2,155.58,87.0,68.58000000000001,78.82758620689657
2025-08-08,469,1,71.79,339.0,267.21,78.82300884955752
2025-10-26,363,4,706.19,395.0,311.19000000000005,78.78227848101267
2025-09-25,289,4,16.09,9.0,7.09,78.77777777777779
2025-09-28,306,1,255.65,143.0,112.65,78.77622377622377
2026-07-12,534,3,53.63,30.0,23.630000000000003,78.76666666666668
2026-03-23,427,0,180.55,101.0,79.55000000000001,78.76237623762378
2026-03-04,415,0,119.77,67.0,52.769999999999996,78.76119402985074
2025-08-31,282,2,32.93,155.0,122.07,78.75483870967741
2026-02-06,315,3,0.85,4.0,3.15,78.75
2025-10-01,396,3,534.44,299.0,235.44000000000005,78.74247491638798
2025-09-28,333,1,1606.78,899.0,707.78,78.72969966629589
2026-03-19,411,0,339.58,190.0,149.57999999999998,78.72631578947367
2026-06-06,340,2,101.87,57.0,44.870000000000005,78.71929824561404
2026-05-05,282,3,25.02,14.0,11.02,78.71428571428571
2026-05-25,374,3,12.51,7.0,5.51,78.71428571428571
2026-04-16,309,3,1000.78,560.0,440.78,78.71071428571427
2025-08-17,288,3,414.6,232.0,182.60000000000002,78.70689655172414
2025-09-03,388,3,60.76,34.0,26.759999999999998,78.70588235294117
2026-06-30,534,3,30.38,17.0,13.379999999999999,78.70588235294117
2025-10-02,309,2,602.23,337.0,265.23,78.7032640949555
2026-01-20,428,0,114.37,64.0,50.370000000000005,78.703125
2026-07-07,409,1,94.71,53.0,41.709999999999994,78.69811320754717
2025-07-31,494,2,128.66,72.0,56.66,78.69444444444444
2025-11-21,505,3,51.82,29.0,22.82,78.6896551724138
2026-01-09,507,2,29.84,140.0,110.16,78.68571428571428
2026-02-22,509,3,4.05,19.0,14.95,78.6842105263158
2026-03-27,509,1,10.72,6.0,4.720000000000001,78.66666666666667
2026-06-02,479,2,10.72,6.0,4.720000000000001,78.66666666666667
2026-04-24,281,5,5.36,3.0,2.3600000000000003,78.66666666666667
2025-10-04,333,2,525.28,294.0,231.27999999999997,78.66666666666666
2026-06-18,470,1,468.07,262.0,206.07,78.6526717557252
2026-01-27,291,3,337.65,189.0,148.64999999999998,78.65079365079364
2026-04-30,297,0,71.53,335.0,263.47,78.64776119402987
2025-09-18,334,2,8.33,39.0,30.67,78.64102564102564
2026-07-04,509,6,19.65,11.0,8.649999999999999,78.63636363636363
2025-08-08,469,0,72.45,339.0,266.55,78.6283185840708
2025-10-21,334,3,40.18,188.0,147.82,78.62765957446808
2026-04-08,423,1,423.34,237.0,186.33999999999997,78.62447257383965
2026-01-27,469,1,198.27,111.0,87.27000000000001,78.62162162162163
2025-08-16,415,0,360.79,202.0,158.79000000000002,78.60891089108912
2026-05-01,404,1,17.86,10.0,7.859999999999999,78.6
2025-09-17,374,3,8.93,5.0,3.9299999999999997,78.6
2026-02-20,406,2,35.11,164.0,128.89,78.59146341463413
2026-05-19,501,1,30.36,17.0,13.36,78.58823529411765
2026-03-09,334,3,142.87,80.0,62.870000000000005,78.5875
2026-07-07,463,2,24.21,113.0,88.78999999999999,78.57522123893804
2025-08-30,320,6,96.43,54.0,42.43000000000001,78.57407407407409
2025-08-18,296,2,1.5,7.0,5.5,78.57142857142857
2026-03-03,373,5,107.13,60.0,47.129999999999995,78.55
2025-09-24,368,2,466.77,2175.0,1708.23,78.53931034482758
2026-05-02,396,0,624.88,350.0,274.88,78.53714285714287
2025-11-06,453,1,621.28,348.0,273.28,78.5287356321839
2025-08-01,296,2,4.94,23.0,18.06,78.52173913043478
2026-06-27,520,4,88.72,413.0,324.28,78.5181598062954
2026-04-16,396,0,639.06,358.0,281.05999999999995,78.50837988826814
2026-05-15,348,7,0.43,2.0,1.57,78.5
2026-05-10,272,4,75.68,352.0,276.32,78.5
2025-11-03,364,2,169.57,95.0,74.57,78.49473684210525
2025-12-12,274,1,199.9,112.0,87.9,78.48214285714286
2025-12-31,442,2,30.34,17.0,13.34,78.47058823529412
2025-08-18,303,2,30.34,17.0,13.34,78.47058823529412
2025-10-13,480,3,158.81,89.0,69.81,78.43820224719101
2026-05-23,272,4,3.45,16.0,12.55,78.4375
2026-01-20,428,1,114.2,64.0,50.2,78.4375
2026-02-18,509,6,1.51,7.0,5.49,78.42857142857143
2025-12-18,412,0,58.88,33.0,25.880000000000003,78.42424242424244
2026-01-05,335,1,105.27,59.0,46.269999999999996,78.42372881355931
2026-07-07,485,0,363.96,204.0,159.95999999999998,78.41176470588235
2026-06-01,319,7,30.33,17.0,13.329999999999998,78.41176470588235
2025-11-26,336,2,17.84,10.0,7.84,78.4
2025-10-06,385,3,378.17,212.0,166.17000000000002,78.38207547169812
2025-11-24,289,4,14.27,8.0,6.27,78.375
2026-07-20,419,4,30.32,17.0,13.32,78.3529411764706
2026-05-13,274,7,30.32,17.0,13.32,78.3529411764706
2026-03-19,510,2,303.35,1401.0,1097.65,78.34760885082085
2025-08-30,356,1,843.58,473.0,370.58000000000004,78.34672304439746
2026-05-30,472,0,982.69,551.0,431.69000000000005,78.34664246823957
2026-07-07,409,0,135.54,76.0,59.53999999999999,78.34210526315788
2025-09-06,392,1,285.34,160.0,125.33999999999997,78.33749999999998
2025-08-16,415,1,360.24,202.0,158.24,78.33663366336634
2025-07-26,396,4,5.35,3.0,2.3499999999999996,78.33333333333331
2025-10-15,317,2,171.19,96.0,75.19,78.32291666666666
2026-02-20,406,0,35.57,164.0,128.43,78.3109756097561
2025-10-21,487,2,111.51,514.0,402.49,78.30544747081713
2025-12-01,346,4,172.95,97.0,75.94999999999999,78.29896907216494
2026-01-03,479,2,3.69,17.0,13.31,78.29411764705883
2026-02-15,357,2,279.89,157.0,122.88999999999999,78.27388535031847
2026-05-10,329,2,338.71,190.0,148.70999999999998,78.26842105263157
2025-11-06,319,8,117.65,66.0,51.650000000000006,78.25757575757576
2026-02-10,404,1,1.74,8.0,6.26,78.25
2026-06-06,336,7,42.45,195.0,152.55,78.23076923076924
2025-11-05,337,3,5.01,23.0,17.990000000000002,78.21739130434784
2026-03-04,320,5,103.32,474.0,370.68,78.20253164556962
2025-10-21,410,1,36.84,169.0,132.16,78.20118343195266
2025-11-14,404,1,8.91,5.0,3.91,78.2
2025-12-31,348,4,26.73,15.0,11.73,78.2
2026-05-25,405,0,26.73,15.0,11.73,78.2
2025-08-16,315,0,1712.45,961.0,751.45,78.19458896982312
2025-08-04,412,1,92.66,52.0,40.66,78.19230769230768
2025-10-09,403,4,114.04,64.0,50.040000000000006,78.18750000000001
2026-01-27,364,1,351.01,197.0,154.01,78.17766497461929
2026-07-16,509,7,146.1,82.0,64.1,78.17073170731706
2026-03-20,516,1,32.07,18.0,14.07,78.16666666666667
2025-08-19,319,7,10.69,6.0,4.6899999999999995,78.16666666666666
2026-06-22,526,1,10.69,6.0,4.6899999999999995,78.16666666666666
2025-10-08,317,1,399.09,224.0,175.08999999999997,78.16517857142856
2026-01-09,507,3,31.45,144.0,112.55,78.15972222222221
2026-02-24,509,6,1.75,8.0,6.25,78.125
2026-02-28,334,2,14.25,8.0,6.25,78.125
2026-03-31,509,4,14.44,66.0,51.56,78.12121212121212
2026-06-02,431,1,117.56,66.0,51.56,78.12121212121212
2026-01-27,495,1,324.18,182.0,142.18,78.12087912087912
2025-09-26,419,0,113.98,64.0,49.980000000000004,78.09375
2026-07-08,391,3,45.13,206.0,160.87,78.09223300970875
2026-06-02,481,2,42.74,24.0,18.740000000000002,78.08333333333334
2026-07-03,396,2,297.35,167.0,130.35000000000002,78.05389221556888
2025-10-04,480,5,623.15,350.0,273.15,78.04285714285713
2026-06-28,384,3,53.41,30.0,23.409999999999997,78.03333333333332
2026-03-19,510,1,212.76,968.0,755.24,78.02066115702479
2025-09-28,306,0,254.56,143.0,111.56,78.01398601398601
2026-06-30,318,3,96.12,54.0,42.120000000000005,78.00000000000001
2025-12-30,319,4,17.8,10.0,7.800000000000001,78.0
2026-07-12,445,0,7.04,32.0,24.96,78.0
2025-10-16,404,1,5.34,3.0,2.34,77.99999999999999
2026-01-27,383,2,64.08,36.0,28.08,77.99999999999999
2026-01-28,315,3,1.32,6.0,4.68,77.99999999999999
2026-04-08,423,0,421.84,237.0,184.83999999999997,77.99156118143459
2026-01-12,319,5,78.31,44.0,34.31,77.97727272727273
2025-08-14,303,2,58.73,33.0,25.729999999999997,77.96969696969695
2025-07-25,340,4,26.88,122.0,95.12,77.9672131147541
2026-06-05,505,2,42.71,24.0,18.71,77.95833333333334
2026-02-07,398,1,124.57,70.0,54.56999999999999,77.95714285714284
2025-10-06,281,1,325.66,183.0,142.66000000000003,77.95628415300547
2026-02-03,509,1,4.63,21.0,16.37,77.95238095238096
2026-02-18,485,2,11.47,52.0,40.53,77.9423076923077
2026-03-05,280,3,202.37,917.0,714.63,77.93129770992367
2026-06-08,511,0,380.76,214.0,166.76,77.9252336448598
2026-03-05,274,2,11.48,52.0,40.519999999999996,77.92307692307692
2025-10-05,480,6,281.11,158.0,123.11000000000001,77.91772151898735
2026-04-04,279,2,104.97,59.0,45.97,77.91525423728814
2025-10-26,386,2,124.54,70.0,54.540000000000006,77.91428571428573
2026-05-04,333,2,183.25,103.0,80.25,77.9126213592233
2025-08-28,416,1,364.69,205.0,159.69,77.89756097560976
2026-03-10,320,2,160.1,90.0,70.1,77.88888888888889
2026-05-04,302,1,122.74,69.0,53.739999999999995,77.88405797101449
2025-08-20,403,5,42.69,24.0,18.689999999999998,77.875
2026-07-23,365,0,1490.59,838.0,652.5899999999999,77.87470167064438
2026-01-27,501,0,263.25,148.0,115.25,77.87162162162163
2026-03-05,516,1,13.5,61.0,47.5,77.8688524590164
2025-11-06,485,2,64.03,36.0,28.03,77.86111111111111
2026-04-16,516,5,12.45,7.0,5.449999999999999,77.85714285714285
2025-09-25,384,1,35.57,20.0,15.57,77.85
2025-08-21,280,1,35.57,20.0,15.57,77.85
2026-05-28,482,0,133.35,75.0,58.349999999999994,77.8
2025-08-28,416,0,364.48,205.0,159.48000000000002,77.79512195121953
2026-03-04,415,1,119.12,67.0,52.120000000000005,77.7910447761194
2025-10-26,308,10,647.15,364.0,283.15,77.78846153846153
2025-07-27,384,1,106.67,60.0,46.67,77.78333333333333
2026-06-04,380,1,163.56,92.0,71.56,77.78260869565217
2025-08-26,441,0,119.36,537.0,417.64,77.77281191806331
2026-03-30,336,5,140.44,79.0,61.44,77.77215189873418
2025-12-01,363,3,287.99,162.0,125.99000000000001,77.77160493827161
2025-10-18,455,0,666.6,375.0,291.6,77.76
2025-12-01,481,2,51.55,29.0,22.549999999999997,77.75862068965516
2025-11-30,386,3,58.66,33.0,25.659999999999997,77.75757575757575
2025-12-26,469,1,277.3,156.0,121.30000000000001,77.75641025641026
2025-10-20,368,1,707.47,398.0,309.47,77.75628140703519
2026-01-22,374,2,7.11,4.0,3.1100000000000003,77.75000000000001
2025-10-22,475,1,341.26,192.0,149.26,77.73958333333333
2025-12-13,340,4,111.97,63.0,48.97,77.73015873015872
2025-08-11,405,2,19.55,11.0,8.55,77.72727272727273
2026-04-24,319,1,24.88,14.0,10.879999999999999,77.71428571428571
2025-10-27,480,4,24.88,14.0,10.879999999999999,77.71428571428571
2026-03-28,507,3,238.13,134.0,104.13,77.7089552238806
2026-04-15,279,3,113.73,64.0,49.730000000000004,77.703125
2025-07-31,330,2,124.88,560.0,435.12,77.7
2025-08-16,459,1,71.08,40.0,31.08,77.69999999999999
2025-10-21,410,0,37.69,169.0,131.31,77.69822485207101
2025-10-08,380,2,398.0,224.0,174.0,77.67857142857143
2026-05-16,303,2,60.06,269.0,208.94,77.6728624535316
2026-05-05,479,2,10.66,6.0,4.66,77.66666666666667
2026-01-19,450,1,444.14,250.0,194.14,77.65599999999999
2026-04-24,273,5,273.59,154.0,119.58999999999997,77.65584415584415
2026-06-18,526,0,35.53,20.0,15.530000000000001,77.65
2025-08-05,334,2,33.09,148.0,114.91,77.64189189189189
2026-02-21,274,2,69.28,39.0,30.28,77.64102564102564
2025-10-29,330,3,156.32,88.0,68.32,77.63636363636363
2026-02-02,292,3,149.21,84.0,65.21000000000001,77.6309523809524
2026-04-06,374,3,14.21,8.0,6.210000000000001,77.62500000000001
2025-12-11,507,1,4.7,21.0,16.3,77.61904761904762
2026-04-20,289,2,23.09,13.0,10.09,77.61538461538461
2025-11-30,425,1,154.52,87.0,67.52000000000001,77.60919540229885
2025-09-03,334,2,28.67,128.0,99.33,77.6015625
2026-03-16,319,4,8.88,5.0,3.880000000000001,77.60000000000001
2026-02-02,280,1,62.16,35.0,27.159999999999997,77.6
2025-08-28,321,0,990.96,558.0,432.96000000000004,77.59139784946237
2026-03-25,505,3,21.31,12.0,9.309999999999999,77.58333333333333
2025-10-28,382,0,271.7,153.0,118.69999999999999,77.58169934640522
2025-10-15,382,0,50.22,224.0,173.78,77.58035714285715
2025-08-21,415,0,158.04,89.0,69.03999999999999,77.57303370786516
2025-08-16,476,0,488.31,275.0,213.31,77.56727272727272
2025-08-13,318,3,53.27,30.0,23.270000000000003,77.56666666666668
2025-12-12,274,0,680.06,383.0,297.05999999999995,77.56135770234985
2026-07-16,353,2,22.89,102.0,79.11,77.55882352941177
2025-08-26,441,1,120.52,537.0,416.48,77.55679702048417
2026-06-05,404,1,2.02,9.0,6.98,77.55555555555556
2026-06-27,509,3,51.49,29.0,22.490000000000002,77.55172413793105
2025-11-15,345,3,35.93,160.0,124.07,77.54375
2025-11-10,446,0,259.21,146.0,113.20999999999998,77.54109589041094
2025-10-21,340,4,53.26,30.0,23.259999999999998,77.53333333333333
2026-01-27,325,3,276.95,156.0,120.94999999999999,77.53205128205127
2025-12-17,339,5,127.82,72.0,55.81999999999999,77.52777777777777
2026-05-12,281,5,4.27,19.0,14.73,77.52631578947368
2026-04-04,279,1,101.19,57.0,44.19,77.52631578947367
2025-10-01,396,2,1120.18,631.0,489.18000000000006,77.52456418383518
2026-01-12,308,8,500.61,282.0,218.61,77.52127659574468
2026-06-24,520,0,213.33,949.0,735.67,77.52054794520548
2026-04-15,501,1,47.93,27.0,20.93,77.51851851851852
2026-03-30,320,5,205.92,116.0,89.91999999999999,77.51724137931033
2026-03-23,509,5,101.18,57.0,44.18000000000001,77.50877192982458
2026-03-16,339,1,246.73,139.0,107.72999999999999,77.50359712230215
2025-11-02,348,7,0.45,2.0,1.55,77.5
2026-07-13,404,1,2.7,12.0,9.3,77.5
2026-07-02,536,0,10.65,6.0,4.65,77.5
2025-09-01,277,2,0.9,4.0,3.1,77.5
2026-04-06,348,7,3.55,2.0,1.5499999999999998,77.49999999999999
2026-02-26,463,0,57.62,256.0,198.38,77.4921875
2026-01-27,282,3,69.22,39.0,30.22,77.48717948717947
2025-09-13,289,4,33.72,19.0,14.719999999999999,77.4736842105263
2025-09-05,448,2,3.83,17.0,13.17,77.47058823529412
2026-06-20,467,1,186.32,827.0,640.6800000000001,77.47037484885128
2025-08-03,425,1,43.27,192.0,148.73,77.46354166666666
2025-09-18,493,0,157.93,89.0,68.93,77.4494382022472
2026-07-02,472,1,184.54,104.0,80.53999999999999,77.4423076923077
2025-10-13,292,3,173.87,98.0,75.87,77.41836734693878
2025-08-16,344,2,675.96,381.0,294.96000000000004,77.41732283464567
2025-09-06,397,3,608.54,343.0,265.53999999999996,77.41690962099125
2026-03-04,370,1,211.12,119.0,92.12,77.41176470588236
2025-08-11,361,4,117.09,66.0,51.09,77.40909090909092
2026-02-03,479,2,2.26,10.0,7.74,77.4
2026-06-02,405,0,51.44,29.0,22.439999999999998,77.37931034482757
2026-06-17,356,2,365.38,206.0,159.38,77.36893203883494
2025-09-25,400,3,33.7,19.0,14.700000000000003,77.3684210526316
2025-10-01,414,0,480.63,271.0,209.63,77.35424354243541
2025-09-09,280,1,27.63,122.0,94.37,77.35245901639345
2025-11-10,446,1,258.91,146.0,112.91000000000003,77.33561643835618
2025-12-26,427,0,365.31,206.0,159.31,77.33495145631069
2026-07-07,463,1,14.74,65.0,50.26,77.32307692307691
2026-01-31,507,4,81.67,360.0,278.33,77.31388888888888
2026-04-02,489,0,150.71,85.0,65.71000000000001,77.3058823529412
2025-10-14,413,1,127.66,72.0,55.66,77.30555555555554
2026-07-17,537,1,17.73,10.0,7.73,77.3
2026-03-23,404,2,22.02,97.0,74.98,77.29896907216497
2025-09-15,383,1,12.41,7.0,5.41,77.28571428571429
2026-04-02,405,0,21.27,12.0,9.27,77.25
2026-01-19,450,0,443.09,250.0,193.08999999999997,77.23599999999999
2025-10-13,450,1,320.79,181.0,139.79000000000002,77.23204419889504
2025-10-12,315,3,5.92,26.0,20.08,77.23076923076923
2026-03-17,346,1,47.85,27.0,20.85,77.22222222222223
2026-04-06,319,4,15.95,9.0,6.949999999999999,77.22222222222221
2026-01-07,420,0,38.27,168.0,129.73,77.22023809523809
2025-07-28,476,1,38.96,171.0,132.04,77.21637426900584
2025-10-03,494,2,67.34,38.0,29.340000000000003,77.21052631578948
2026-03-23,416,1,244.55,138.0,106.55000000000001,77.21014492753623
2025-10-26,419,0,311.88,176.0,135.88,77.20454545454545
2026-05-14,319,4,8.86,5.0,3.8599999999999994,77.19999999999999
2026-03-17,273,4,16.19,71.0,54.81,77.19718309859155
2026-05-03,301,3,209.09,118.0,91.09,77.1949152542373
2025-07-28,476,0,39.01,171.0,131.99,77.18713450292398
2025-07-25,420,0,159.45,90.0,69.44999999999999,77.16666666666666
2026-01-07,420,1,38.36,168.0,129.64,77.16666666666666
2026-01-18,405,2,9.82,43.0,33.18,77.16279069767442
2025-08-07,317,4,143.5,81.0,62.5,77.1604938271605
2026-05-08,291,4,88.57,50.0,38.56999999999999,77.13999999999999
2025-11-02,288,5,235.59,133.0,102.59,77.13533834586467
2025-08-16,476,1,487.09,275.0,212.08999999999997,77.12363636363635
2025-10-19,403,5,88.56,50.0,38.56,77.12
2025-11-20,507,3,63.76,36.0,27.759999999999998,77.11111111111111
2025-12-22,319,1,108.03,61.0,47.03,77.09836065573771
2026-02-15,301,2,219.6,124.0,95.6,77.09677419354838
2025-12-26,469,0,276.25,156.0,120.25,77.08333333333334
2026-01-27,487,1,281.56,159.0,122.56,77.08176100628931
2026-03-21,372,3,277.98,157.0,120.98000000000002,77.05732484076434
2026-03-04,320,7,127.84,557.0,429.15999999999997,77.04847396768402
2025-11-05,427,1,39.95,174.0,134.05,77.04022988505747
2026-06-16,448,2,5.97,26.0,20.03,77.03846153846155
2025-10-02,484,1,578.88,327.0,251.88,77.02752293577981
2025-07-25,420,1,159.31,90.0,69.31,77.01111111111112
2026-05-05,520,3,104.43,59.0,45.43000000000001,77.00000000000001
2026-04-26,459,1,0.92,4.0,3.08,77.0
2026-03-16,396,4,1.77,1.0,0.77,77.0
2026-02-22,315,3,2.3,10.0,7.7,77.0
2025-12-24,409,2,0.46,2.0,1.54,77.0
2026-01-19,374,3,7.08,4.0,3.08,77.0
2025-12-04,348,7,0.23,1.0,0.77,77.0
2026-02-28,459,1,1.15,5.0,3.85,77.0
2026-03-06,509,1,8.85,5.0,3.8499999999999996,76.99999999999999
2026-03-26,479,2,10.62,6.0,4.619999999999999,76.99999999999999
2026-02-24,281,5,8.85,5.0,3.8499999999999996,76.99999999999999
2025-08-11,335,1,130.97,74.0,56.97,76.98648648648648
2025-10-30,336,3,104.42,59.0,45.42,76.98305084745763
2026-01-31,510,5,309.72,175.0,134.72000000000003,76.98285714285717
2026-07-22,419,0,72.56,41.0,31.560000000000002,76.97560975609757
2025-08-22,450,1,235.37,133.0,102.37,76.96992481203007
2025-10-24,288,1,215.9,122.0,93.9,76.9672131147541
2026-07-07,409,2,40.7,23.0,17.700000000000003,76.95652173913045
2026-03-06,479,2,4.61,20.0,15.39,76.95
2025-12-25,351,2,2485.97,1405.0,1080.9699999999998,76.93736654804269
2026-02-02,505,3,14.53,63.0,48.47,76.93650793650794
2026-01-17,282,4,122.08,69.0,53.08,76.92753623188405
2025-08-23,392,3,277.77,157.0,120.76999999999998,76.92356687898088
2025-10-02,411,0,357.37,202.0,155.37,76.91584158415841
2025-12-06,274,5,125.61,71.0,54.61,76.91549295774648
2025-10-08,324,1,297.21,168.0,129.20999999999998,76.91071428571428
2025-09-16,331,5,35.38,20.0,15.380000000000003,76.9
2026-04-23,302,3,343.18,194.0,149.18,76.89690721649485
2026-07-01,364,3,612.03,346.0,266.03,76.88728323699421
2026-06-14,280,7,178.65,101.0,77.65,76.88118811881188
2026-03-04,288,2,72.52,41.0,31.519999999999996,76.8780487804878
2025-08-22,450,0,235.24,133.0,102.24000000000001,76.87218045112783
2025-12-14,404,0,364.33,206.0,158.32999999999998,76.85922330097087
2026-04-27,516,12,12.38,7.0,5.380000000000001,76.85714285714286
2025-10-10,442,2,4.86,21.0,16.14,76.85714285714286
2026-04-07,386,3,21.22,12.0,9.219999999999999,76.83333333333331
2025-08-30,317,2,229.87,130.0,99.87,76.82307692307693
2025-08-28,480,6,67.19,38.0,29.189999999999998,76.8157894736842
2025-12-11,374,3,8.84,5.0,3.84,76.8
2026-06-03,520,3,86.63,49.0,37.629999999999995,76.79591836734693
2026-02-15,495,0,636.36,360.0,276.36,76.76666666666667
2025-10-29,415,0,226.25,128.0,98.25,76.7578125
2025-09-21,280,1,31.85,137.0,105.15,76.75182481751825
2026-03-03,516,5,3.72,16.0,12.28,76.75
2025-12-14,404,2,351.73,199.0,152.73000000000002,76.74874371859298
2025-10-18,455,1,662.8,375.0,287.79999999999995,76.74666666666666
2025-09-22,320,4,137.86,78.0,59.860000000000014,76.74358974358975
2025-09-20,301,2,136.09,77.0,59.09,76.74025974025975
2025-08-18,317,2,137.85,78.0,59.849999999999994,76.73076923076923
2025-11-17,320,5,143.15,81.0,62.150000000000006,76.7283950617284
2026-02-26,405,2,12.37,7.0,5.369999999999999,76.71428571428571
2025-09-18,493,1,157.27,89.0,68.27000000000001,76.70786516853934
2026-04-27,334,3,11.65,50.0,38.35,76.7
2026-07-14,523,0,28.27,16.0,12.27,76.6875
2026-03-28,417,2,280.92,159.0,121.92000000000002,76.67924528301889
2026-02-02,348,1,224.37,127.0,97.37,76.66929133858268
2026-04-09,355,1,31.8,18.0,13.8,76.66666666666667
2025-09-05,404,1,4.2,18.0,13.8,76.66666666666667
2025-09-20,475,0,45.5,195.0,149.5,76.66666666666667
2025-11-10,374,2,10.6,6.0,4.6,76.66666666666666
2026-02-03,509,6,1.4,6.0,4.6,76.66666666666666
2025-08-29,339,4,93.63,53.0,40.629999999999995,76.66037735849056
2026-02-16,485,2,40.63,23.0,17.630000000000003,76.65217391304348
2026-05-06,410,0,40.63,23.0,17.630000000000003,76.65217391304348
2025-08-25,419,1,2.57,11.0,8.43,76.63636363636364
2026-01-29,324,1,143.07,81.0,62.06999999999999,76.62962962962962
2025-10-24,437,0,390.33,221.0,169.32999999999998,76.61990950226244
2026-06-13,479,2,22.96,13.0,9.96,76.61538461538461
2025-10-26,291,4,257.85,146.0,111.85000000000002,76.6095890410959
2026-01-14,410,0,40.62,23.0,17.619999999999997,76.60869565217389
2025-11-03,303,2,17.66,10.0,7.66,76.6
2026-07-17,288,2,137.74,78.0,59.74000000000001,76.58974358974359
2025-09-19,279,4,107.71,61.0,46.709999999999994,76.57377049180327
2026-05-06,494,2,74.16,42.0,32.16,76.57142857142857
2026-02-26,331,5,56.5,32.0,24.5,76.5625
2025-12-27,442,2,28.25,16.0,12.25,76.5625
2026-07-03,320,5,204.81,116.0,88.81,76.5603448275862
2026-06-17,435,0,162.42,92.0,70.41999999999999,76.54347826086955
2026-04-18,273,6,22.95,13.0,9.95,76.53846153846153
2026-02-09,435,0,178.3,101.0,77.30000000000001,76.53465346534655
2025-08-25,374,4,40.6,23.0,17.6,76.52173913043478
2026-04-10,280,1,44.13,25.0,19.130000000000003,76.52000000000001
2026-06-18,496,1,909.01,515.0,394.01,76.50679611650484
2025-11-10,319,5,52.95,30.0,22.950000000000003,76.50000000000001
2025-11-12,459,1,7.06,4.0,3.0599999999999996,76.49999999999999
2025-10-02,333,0,1856.75,1052.0,804.75,76.49714828897338
2025-10-08,356,0,981.26,556.0,425.26,76.48561151079136
2025-09-23,463,2,108.68,462.0,353.32,76.47619047619048
2025-09-16,459,2,63.53,36.0,27.53,76.47222222222223
2025-10-05,463,2,779.99,442.0,337.99,76.46832579185521
2025-08-16,302,1,869.98,493.0,376.98,76.46653144016227
2025-12-15,482,1,49.41,28.0,21.409999999999997,76.46428571428571
2025-08-28,322,2,656.44,372.0,284.44000000000005,76.46236559139787
2025-09-05,364,2,236.45,134.0,102.44999999999999,76.45522388059702
2026-03-19,514,1,515.04,2187.0,1671.96,76.44993141289437
2026-02-07,513,0,753.43,427.0,326.42999999999995,76.44730679156908
2026-06-08,511,1,377.57,214.0,163.57,76.43457943925233
2026-06-29,291,5,502.79,285.0,217.79000000000002,76.41754385964913
2026-04-15,301,2,121.72,69.0,52.72,76.40579710144927
2026-05-29,328,2,284.0,161.0,123.0,76.3975155279503
2026-04-09,507,2,93.49,53.0,40.489999999999995,76.39622641509433
2026-06-10,345,2,54.68,31.0,23.68,76.38709677419355
2026-02-15,279,3,261.03,148.0,113.02999999999997,76.3716216216216
2026-06-12,403,2,19.85,84.0,64.15,76.36904761904762
2025-09-24,357,1,71.84,304.0,232.16,76.36842105263158
2025-12-26,388,2,132.26,75.0,57.25999999999999,76.34666666666665
2025-08-21,415,1,156.94,89.0,67.94,76.33707865168539
2026-03-19,386,2,37.03,21.0,16.03,76.33333333333334
2025-10-10,404,1,5.29,3.0,2.29,76.33333333333333
2025-10-29,415,1,225.7,128.0,97.69999999999999,76.32812499999999
2025-10-03,355,1,81.11,46.0,35.11,76.32608695652173
2025-08-26,371,2,8.77,37.0,28.23,76.29729729729729
2025-08-28,319,2,59.94,34.0,25.939999999999998,76.29411764705881
2026-02-04,480,5,109.3,62.0,47.3,76.29032258064515
2025-08-16,482,2,56.41,32.0,24.409999999999997,76.28124999999999
2025-08-22,404,1,2.61,11.0,8.39,76.27272727272728
2026-06-17,435,1,162.17,92.0,70.16999999999999,76.27173913043477
2026-06-20,467,0,196.3,827.0,630.7,76.26360338573156
2026-03-05,516,11,18.52,78.0,59.480000000000004,76.25641025641026
2025-08-29,425,1,15.44,65.0,49.56,76.24615384615385
2026-01-02,382,1,482.91,274.0,208.91000000000003,76.24452554744526
2026-07-03,446,0,266.12,151.0,115.12,76.2384105960265
2026-06-03,429,0,972.74,552.0,420.74,76.22101449275362
2026-07-20,534,5,8.81,5.0,3.8100000000000005,76.20000000000002
2026-04-02,421,0,281.9,160.0,121.89999999999998,76.18749999999999
2025-10-28,302,1,218.47,124.0,94.47,76.18548387096774
2025-08-20,320,2,156.79,89.0,67.78999999999999,76.16853932584269
2026-01-13,404,1,2.86,12.0,9.14,76.16666666666667
2026-03-31,519,1,98.46,413.0,314.54,76.15980629539952
2026-03-19,514,0,521.44,2187.0,1665.56,76.1572930955647
2026-07-22,282,5,109.21,62.0,47.209999999999994,76.14516129032258
2025-08-28,450,0,306.49,174.0,132.49,76.14367816091955
2026-05-29,352,2,435.07,247.0,188.07,76.1417004048583
2025-08-07,371,2,9.55,40.0,30.45,76.125
2026-02-13,485,2,11.94,50.0,38.06,76.12
2025-10-20,361,6,197.23,112.0,85.22999999999999,76.09821428571428
2026-06-25,472,2,285.26,162.0,123.25999999999999,76.0864197530864
2026-03-01,321,6,123.26,70.0,53.260000000000005,76.08571428571429
2026-03-07,386,2,88.04,50.0,38.040000000000006,76.08000000000001
2025-08-15,424,0,169.02,96.0,73.02000000000001,76.06250000000001
2026-07-14,482,0,84.51,48.0,36.510000000000005,76.06250000000001
2026-02-15,495,1,633.82,360.0,273.82000000000005,76.06111111111112
2026-05-22,328,2,260.57,148.0,112.57,76.0608108108108
2025-12-18,412,1,58.1,33.0,25.1,76.06060606060606
2026-04-15,380,1,154.93,88.0,66.93,76.05681818181819
2025-10-24,412,0,128.52,73.0,55.52000000000001,76.05479452054796
2025-12-01,291,3,447.16,254.0,193.16000000000003,76.04724409448819
2026-01-14,410,1,40.49,23.0,17.490000000000002,76.04347826086958
2025-10-08,324,3,647.8,368.0,279.79999999999995,76.03260869565216
2026-07-07,485,1,290.43,165.0,125.43,76.01818181818182
2026-01-09,507,1,29.5,123.0,93.5,76.01626016260163
2026-03-24,519,0,5.76,24.0,18.240000000000002,76.00000000000001
2025-08-23,348,7,0.48,2.0,1.52,76.0
2026-03-17,277,2,1.76,1.0,0.76,76.0
2026-07-21,277,2,1.76,1.0,0.76,76.0
2025-10-06,419,4,36.96,21.0,15.96,76.0
2026-01-22,289,4,14.08,8.0,6.08,76.0
2026-02-08,361,4,160.16,91.0,69.16,76.0
2025-10-18,277,2,3.52,2.0,1.52,76.0
2025-11-24,388,6,36.96,21.0,15.96,76.0
2025-11-06,315,0,487.52,277.0,210.51999999999998,75.99999999999999
2025-10-21,445,0,149.6,85.0,64.6,75.99999999999999
2026-03-30,482,2,22.88,13.0,9.879999999999999,75.99999999999999
2026-05-29,364,4,901.05,512.0,389.04999999999995,75.98632812499999
2026-01-23,327,0,987.27,561.0,426.27,75.98395721925132
2025-09-20,426,0,293.89,167.0,126.88999999999999,75.98203592814372
2026-05-30,480,6,68.63,39.0,29.629999999999995,75.97435897435896
2025-09-11,428,0,58.07,33.0,25.07,75.96969696969697
2025-11-20,445,0,102.06,58.0,44.06,75.96551724137932
2026-04-06,502,0,371.28,211.0,160.27999999999997,75.96208530805686
2025-10-21,487,1,107.49,447.0,339.51,75.95302013422818
2025-10-27,292,4,276.23,157.0,119.23000000000002,75.94267515923569
2026-04-02,489,1,149.55,85.0,64.55000000000001,75.94117647058825
2026-01-27,324,4,170.66,97.0,73.66,75.9381443298969
2025-10-08,389,0,279.74,159.0,120.74000000000001,75.937106918239
2026-06-30,353,2,3.61,15.0,11.39,75.93333333333334
2025-08-28,354,2,1097.81,624.0,473.80999999999995,75.93108974358972
2026-02-09,435,1,177.69,101.0,76.69,75.93069306930693
2025-07-25,279,2,49.26,28.0,21.259999999999998,75.92857142857142
2026-02-13,442,2,24.63,14.0,10.629999999999999,75.92857142857142
2025-10-13,450,0,318.42,181.0,137.42000000000002,75.92265193370167
2025-10-22,495,0,445.05,253.0,192.05,75.90909090909092
2025-10-14,336,7,36.94,21.0,15.939999999999998,75.9047619047619
2025-11-06,348,3,422.15,240.0,182.14999999999998,75.89583333333333
2025-11-05,404,1,4.1,17.0,12.9,75.88235294117646
2026-01-10,405,0,23.16,96.0,72.84,75.875
2025-10-02,411,1,355.26,202.0,153.26,75.87128712871288
2026-06-15,343,4,212.78,121.0,91.78,75.85123966942149
2026-06-03,429,1,970.61,552.0,418.61,75.83514492753623
2025-07-28,374,3,10.55,6.0,4.550000000000001,75.83333333333334
2026-03-10,334,2,10.55,6.0,4.550000000000001,75.83333333333334
2026-02-09,488,0,145.94,83.0,62.94,75.83132530120483
2025-08-28,450,1,305.93,174.0,131.93,75.82183908045977
2025-08-30,412,0,35.06,145.0,109.94,75.82068965517242
2026-05-31,501,2,163.51,93.0,70.50999999999999,75.81720430107526
2026-06-21,336,7,55.14,228.0,172.86,75.81578947368422
2025-08-09,461,0,330.53,188.0,142.52999999999997,75.81382978723403
2025-09-06,281,5,223.28,127.0,96.28,75.81102362204724
2025-10-25,319,7,42.19,24.0,18.189999999999998,75.79166666666666
2025-09-20,426,1,293.57,167.0,126.57,75.79041916167665
2026-01-19,386,2,49.22,28.0,21.22,75.78571428571428
2025-10-24,437,1,388.46,221.0,167.45999999999998,75.77375565610859
2026-05-08,516,11,38.67,22.0,16.67,75.77272727272728
2026-02-13,336,1,30.54,126.0,95.46000000000001,75.76190476190476
2025-09-02,437,1,46.3,191.0,144.7,75.75916230366492
2025-08-13,409,2,7.03,4.0,3.0300000000000002,75.75
2026-03-06,509,3,2.91,12.0,9.09,75.75
2026-02-05,289,2,26.36,15.0,11.36,75.73333333333333
2026-01-19,388,4,152.87,87.0,65.87,75.71264367816093
2026-03-03,333,3,79.07,45.0,34.06999999999999,75.7111111111111
2026-05-29,511,1,787.17,448.0,339.16999999999996,75.70758928571428
2026-03-12,509,5,19.68,81.0,61.32,75.70370370370371
2026-04-06,502,1,370.73,211.0,159.73000000000002,75.70142180094788
2026-04-30,357,0,227.96,938.0,710.04,75.69722814498934
2025-10-04,282,5,138.8,79.0,59.80000000000001,75.69620253164558
2025-10-21,487,0,233.58,961.0,727.42,75.69406867845994
2026-01-18,387,1,567.46,323.0,244.46000000000004,75.6842105263158
2026-05-16,516,7,66.76,38.0,28.760000000000005,75.6842105263158
2026-04-27,506,0,210.82,120.0,90.82,75.68333333333332
2025-09-02,437,0,46.46,191.0,144.54,75.67539267015707
2025-11-02,331,5,149.32,85.0,64.32,75.6705882352941
2026-04-06,409,2,1.46,6.0,4.54,75.66666666666667
2025-08-05,409,2,1.46,6.0,4.54,75.66666666666667
2025-09-19,296,2,5.27,3.0,2.2699999999999996,75.66666666666664
2025-10-26,337,0,5.27,3.0,2.2699999999999996,75.66666666666664
2026-06-23,512,2,27.76,114.0,86.24,75.64912280701755
2026-01-13,505,3,6.82,28.0,21.18,75.64285714285714
2026-03-31,519,0,100.62,413.0,312.38,75.63680387409201
2026-07-22,319,7,19.32,11.0,8.32,75.63636363636364
2026-07-14,482,2,19.32,11.0,8.32,75.63636363636364
2025-10-02,276,0,514.61,293.0,221.61,75.63481228668942
2026-05-08,404,1,4.63,19.0,14.370000000000001,75.63157894736842
2025-10-06,385,4,261.69,149.0,112.69,75.63087248322148
2026-04-09,516,8,14.05,8.0,6.050000000000001,75.62500000000001
2025-10-27,372,1,354.76,202.0,152.76,75.62376237623762
2025-11-24,429,0,758.68,432.0,326.67999999999995,75.62037037037037
2025-09-22,412,0,73.76,42.0,31.760000000000005,75.61904761904763
2026-02-09,410,0,45.66,26.0,19.659999999999997,75.61538461538461
2026-06-23,404,1,6.34,26.0,19.66,75.61538461538461
2026-02-15,468,1,231.81,132.0,99.81,75.61363636363636
2026-01-18,387,0,567.21,323.0,244.21000000000004,75.60681114551085
2025-08-14,362,0,258.14,147.0,111.13999999999999,75.60544217687074
2026-04-27,317,2,194.92,111.0,83.91999999999999,75.6036036036036
2026-05-28,485,2,101.85,58.0,43.849999999999994,75.60344827586206
2025-11-21,389,0,122.92,70.0,52.92,75.6
2026-03-20,411,0,215.97,123.0,92.97,75.58536585365854
2026-06-09,425,1,156.27,89.0,67.27000000000001,75.58426966292136
2026-04-10,427,0,180.83,103.0,77.83000000000001,75.56310679611651
2026-04-01,289,2,28.09,16.0,12.09,75.5625
2026-05-18,334,3,28.35,116.0,87.65,75.5603448275862
2025-09-11,405,1,31.6,18.0,13.600000000000001,75.55555555555557
2026-01-09,507,4,80.19,328.0,247.81,75.55182926829268
2026-04-15,404,1,2.69,11.0,8.31,75.54545454545455
2025-08-29,445,0,75.48,43.0,32.480000000000004,75.53488372093025
2025-08-16,468,0,203.61,116.0,87.61000000000001,75.52586206896554
2025-12-26,425,1,87.76,50.0,37.760000000000005,75.52000000000001
2026-01-31,507,2,35.75,146.0,110.25,75.51369863013699
2025-10-31,307,1,658.16,375.0,283.15999999999997,75.50933333333333
2025-10-24,389,0,307.13,175.0,132.13,75.50285714285714
2025-08-20,475,2,35.1,20.0,15.100000000000001,75.50000000000001
2026-06-18,348,7,0.49,2.0,1.51,75.5
2025-10-19,355,1,110.56,63.0,47.56,75.4920634920635
2026-02-02,319,6,168.47,96.0,72.47,75.48958333333333
2025-09-17,498,0,57.91,33.0,24.909999999999997,75.48484848484847
2026-07-05,456,0,419.4,239.0,180.39999999999998,75.48117154811715
2025-10-14,329,1,84.23,48.0,36.230000000000004,75.47916666666667
2025-11-21,389,1,122.83,70.0,52.83,75.47142857142856
2026-03-12,509,7,30.91,126.0,95.09,75.46825396825398
2025-08-28,292,0,1359.83,775.0,584.8299999999999,75.46193548387096
2025-10-05,294,1,589.54,336.0,253.53999999999996,75.45833333333333
2026-04-02,418,1,61.41,35.0,26.409999999999997,75.45714285714284
2025-09-11,428,1,57.9,33.0,24.9,75.45454545454545
2026-04-30,304,0,371.89,1515.0,1143.1100000000001,75.45280528052805
2026-02-19,303,2,28.07,16.0,12.07,75.4375
2026-06-11,320,6,73.68,42.0,31.680000000000007,75.42857142857144
2026-02-21,428,1,107.01,61.0,46.010000000000005,75.42622950819673
2026-03-23,427,2,50.87,29.0,21.869999999999997,75.41379310344827
2025-11-10,322,1,140.33,80.0,60.33000000000001,75.41250000000002
2026-07-03,446,1,264.86,151.0,113.86000000000001,75.40397350993379
2026-03-09,509,6,8.77,5.0,3.7699999999999996,75.39999999999999
2026-04-20,516,8,17.54,10.0,7.539999999999999,75.39999999999999
2026-07-01,526,1,17.54,10.0,7.539999999999999,75.39999999999999
2025-08-15,424,1,168.38,96.0,72.38,75.39583333333333
2026-06-22,406,2,133.3,76.0,57.30000000000001,75.39473684210527
2026-06-01,338,2,64.89,37.0,27.89,75.37837837837837
2026-04-15,389,0,157.84,90.0,67.84,75.37777777777778
2025-08-11,318,2,98.21,56.0,42.209999999999994,75.37499999999999
2025-10-13,463,0,426.13,243.0,183.13,75.36213991769547
2025-12-10,427,2,49.1,28.0,21.1,75.35714285714286
2026-02-15,468,0,231.47,132.0,99.47,75.35606060606061
2025-09-06,397,0,836.43,477.0,359.42999999999995,75.35220125786162
2025-08-30,412,1,35.75,145.0,109.25,75.3448275862069
2025-08-16,468,1,203.39,116.0,87.38999999999999,75.33620689655172
2026-02-17,319,7,10.52,6.0,4.52,75.33333333333333
2026-04-16,459,1,2.22,9.0,6.779999999999999,75.33333333333333
2026-03-19,411,1,333.13,190.0,143.13,75.33157894736841
2025-08-15,329,1,268.25,153.0,115.25,75.32679738562092
2026-06-18,463,1,145.52,83.0,62.52000000000001,75.3253012048193
2026-02-02,282,2,64.87,37.0,27.870000000000005,75.32432432432434
2026-07-23,396,0,564.53,322.0,242.52999999999997,75.31987577639751
2026-04-15,389,1,157.77,90.0,67.77000000000001,75.30000000000001
2026-07-02,416,0,297.99,170.0,127.99000000000001,75.28823529411765
2026-03-04,409,1,110.43,63.0,47.43000000000001,75.2857142857143
2026-02-07,510,0,3333.92,1902.0,1431.92,75.28496319663512
2026-01-19,480,5,283.96,162.0,121.95999999999998,75.28395061728394
2025-07-26,487,2,31.64,128.0,96.36,75.28125
2026-07-07,465,0,161.25,92.0,69.25,75.27173913043478
2026-01-03,404,1,3.71,15.0,11.29,75.26666666666667
2025-08-28,352,1,1405.62,802.0,603.6199999999999,75.26433915211969
2025-09-13,456,0,50.48,204.0,153.52,75.25490196078431
2025-09-13,319,4,7.01,4.0,3.01,75.25
2026-04-25,442,2,14.02,8.0,6.02,75.25
2025-12-04,291,6,91.13,52.0,39.129999999999995,75.25
2026-04-29,281,5,7.01,4.0,3.01,75.25
2026-04-28,520,5,1.98,8.0,6.02,75.25
2026-01-26,373,5,341.59,1380.0,1038.41,75.24710144927536
2026-04-22,303,2,29.79,17.0,12.79,75.23529411764706
2025-08-29,319,4,4.21,17.0,12.79,75.23529411764706
2025-10-08,288,1,171.71,98.0,73.71000000000001,75.21428571428572
2025-10-22,495,1,443.27,253.0,190.26999999999998,75.20553359683794
2026-02-22,301,4,501.08,286.0,215.07999999999998,75.2027972027972
2026-04-10,319,1,35.04,20.0,15.04,75.2
2026-03-19,479,2,8.76,5.0,3.76,75.2
2026-05-02,412,1,1.24,5.0,3.76,75.2
2025-11-18,319,4,3.72,15.0,11.28,75.2
2025-08-01,371,2,17.52,10.0,7.52,75.2
2026-06-29,364,2,222.5,127.0,95.5,75.19685039370079
2026-07-15,442,2,3.97,16.0,12.03,75.1875
2026-03-04,325,2,266.28,152.0,114.27999999999997,75.18421052631578
2026-04-16,415,0,238.24,136.0,102.24000000000001,75.1764705882353
2025-10-06,432,1,546.54,312.0,234.53999999999996,75.1730769230769
2026-05-02,516,8,7.2,29.0,21.8,75.17241379310346
2026-07-23,365,2,797.02,455.0,342.02,75.16923076923077
2025-11-06,355,1,64.81,37.0,27.810000000000002,75.16216216216218
2026-07-06,364,0,1746.23,997.0,749.23,75.14844533600802
2026-06-25,338,2,108.59,62.0,46.59,75.14516129032258
2025-10-25,363,1,243.44,139.0,104.44,75.13669064748201
2025-11-12,475,1,3.73,15.0,11.27,75.13333333333333
2026-02-07,475,0,274.95,157.0,117.94999999999999,75.12738853503184
2026-02-20,383,1,14.01,8.0,6.01,75.125
2025-08-05,330,3,337.99,193.0,144.99,75.12435233160623
2026-03-21,502,0,1101.53,629.0,472.53,75.12400635930048
2026-04-27,506,1,210.14,120.0,90.13999999999999,75.11666666666666
2025-10-24,412,1,127.83,73.0,54.83,75.10958904109589
2025-10-26,442,2,6.97,28.0,21.03,75.10714285714286
2025-08-21,334,2,16.68,67.0,50.32,75.1044776119403
2026-05-29,316,0,1360.54,777.0,583.54,75.1016731016731
2025-10-19,448,2,59.01,237.0,177.99,75.10126582278481
2026-02-13,336,7,32.63,131.0,98.37,75.09160305343512
2025-11-06,472,1,351.93,201.0,150.93,75.08955223880598
2026-02-09,488,1,145.32,83.0,62.31999999999999,75.08433734939757
2025-12-16,507,1,12.71,51.0,38.29,75.07843137254902
2026-02-12,406,0,50.77,29.0,21.770000000000003,75.0689655172414
2026-01-27,389,0,215.33,123.0,92.33000000000001,75.06504065040652
2025-11-23,427,2,29.68,119.0,89.32,75.05882352941175
2025-12-26,371,3,175.05,100.0,75.05000000000001,75.05000000000001
2025-12-07,363,1,10.48,42.0,31.52,75.04761904761905
2026-01-17,509,3,38.51,22.0,16.509999999999998,75.04545454545453
2025-11-04,343,4,169.79,97.0,72.78999999999999,75.04123711340205
2025-10-02,276,1,512.87,293.0,219.87,75.04095563139931
2026-03-29,503,1,264.3,151.0,113.30000000000001,75.03311258278147
2026-03-22,441,0,322.06,184.0,138.06,75.03260869565217
2026-06-28,332,6,861.13,492.0,369.13,75.02642276422765
2025-08-18,289,4,19.25,11.0,8.25,75.0
2026-02-19,404,1,0.75,3.0,2.25,75.0
2025-10-02,386,3,47.25,27.0,20.25,75.0
2025-10-03,334,2,7.0,4.0,3.0,75.0
2026-05-15,362,2,0.75,3.0,2.25,75.0
2025-12-11,362,1,14.0,8.0,6.0,75.0
2026-01-10,348,7,3.5,2.0,1.5,75.0
2026-02-15,277,2,1.75,1.0,0.75,75.0
2025-12-05,348,7,0.75,3.0,2.25,75.0
2026-02-05,404,1,1.75,1.0,0.75,75.0
2026-06-22,335,1,143.5,82.0,61.5,75.0
2026-07-16,534,4,1.75,1.0,0.75,75.0
2026-01-08,277,2,0.75,3.0,2.25,75.0
2026-06-29,520,2,2.75,11.0,8.25,75.0
2025-09-28,462,0,475.94,272.0,203.94,74.97794117647058
2025-10-28,297,2,64.74,37.0,27.739999999999995,74.97297297297297
2025-12-04,503,2,190.72,109.0,81.72,74.97247706422017
2026-01-05,460,0,411.17,235.0,176.17000000000002,74.96595744680852
2025-11-14,444,1,115.47,66.0,49.47,74.95454545454545
2026-01-23,459,1,5.01,20.0,14.99,74.95
2026-04-03,327,4,44.84,179.0,134.16,74.94972067039106
2026-04-29,306,1,89.19,356.0,266.81,74.94662921348315
2026-02-02,336,6,232.67,133.0,99.66999999999999,74.93984962406014
2025-08-22,486,0,111.96,64.0,47.959999999999994,74.93749999999999
2026-01-28,348,4,145.19,83.0,62.19,74.92771084337349
2026-04-10,419,2,20.99,12.0,8.989999999999998,74.91666666666666
2025-08-26,444,1,155.67,89.0,66.66999999999999,74.91011235955055
2026-07-16,404,1,2.76,11.0,8.24,74.90909090909092
2025-10-15,337,1,57.72,33.0,24.72,74.9090909090909
2025-09-07,479,1,342.82,196.0,146.82,74.90816326530611
2025-09-06,337,1,92.7,53.0,39.7,74.9056603773585
2025-10-02,357,1,1079.16,617.0,462.1600000000001,74.90437601296598
2025-11-06,336,3,145.17,83.0,62.16999999999999,74.90361445783131
2026-04-29,306,0,89.37,356.0,266.63,74.89606741573034
2026-07-05,456,1,418.0,239.0,179.0,74.89539748953975
2025-09-13,456,1,51.22,204.0,152.78,74.8921568627451
2026-06-05,431,0,173.14,99.0,74.13999999999999,74.88888888888887
2026-01-29,456,1,43.2,172.0,128.8,74.88372093023257
2025-08-22,345,2,103.18,59.0,44.18000000000001,74.88135593220339
2026-07-23,289,0,430.2,246.0,184.2,74.8780487804878
2026-01-07,324,1,181.87,104.0,77.87,74.875
2026-07-21,339,2,459.91,263.0,196.91000000000003,74.87072243346009
2026-01-01,373,1,536.85,307.0,229.85000000000002,74.86970684039088
2025-11-03,398,1,50.71,29.0,21.71,74.86206896551725
2026-02-02,355,4,150.38,86.0,64.38,74.86046511627906
2026-01-31,320,6,199.34,114.0,85.34,74.85964912280703
2026-04-30,273,3,12.24,7.0,5.24,74.85714285714286
2025-09-18,482,2,12.24,7.0,5.24,74.85714285714286
2026-05-18,404,1,1.76,7.0,5.24,74.85714285714286
2026-04-06,516,4,61.2,35.0,26.200000000000003,74.85714285714286
2025-11-05,427,0,59.1,235.0,175.9,74.85106382978724
2026-01-09,507,0,184.88,735.0,550.12,74.84625850340136
2025-08-16,424,1,110.15,63.0,47.150000000000006,74.84126984126985
2025-10-08,389,1,277.98,159.0,118.98000000000002,74.8301886792453
2026-03-14,419,4,50.7,29.0,21.700000000000003,74.82758620689656
2026-07-07,465,1,160.84,92.0,68.84,74.82608695652175
2025-09-26,289,1,59.44,34.0,25.439999999999998,74.8235294117647
2025-08-19,337,3,19.64,78.0,58.36,74.82051282051282
2026-05-10,329,1,69.92,40.0,29.92,74.8
2026-06-02,516,5,8.74,5.0,3.74,74.8
2025-09-14,371,2,26.22,15.0,11.219999999999999,74.79999999999998
2025-10-19,423,1,1588.92,909.0,679.9200000000001,74.7986798679868
2025-10-25,498,1,190.53,109.0,81.53,74.79816513761467
2026-05-11,272,2,326.87,187.0,139.87,74.79679144385028
2026-03-04,320,2,155.26,616.0,460.74,74.79545454545455
2025-11-06,280,2,492.92,282.0,210.92000000000002,74.79432624113475
2025-10-15,327,4,47.15,187.0,139.85,74.78609625668449
2026-04-27,433,0,253.42,145.0,108.41999999999999,74.77241379310344
2025-08-09,461,1,328.55,188.0,140.55,74.76063829787235
2025-11-24,341,2,218.45,125.0,93.44999999999999,74.75999999999999
2025-11-10,320,4,195.73,112.0,83.72999999999999,74.75892857142856
2026-07-20,272,4,13.98,8.0,5.98,74.75
2025-08-06,315,2,47.99,190.0,142.01,74.74210526315788
2026-07-09,282,2,54.17,31.0,23.17,74.74193548387098
2025-10-03,346,1,52.42,30.0,22.42,74.73333333333333
2025-12-15,339,4,274.31,157.0,117.31,74.71974522292993
2025-10-22,463,2,242.85,139.0,103.85,74.71223021582733
2026-03-03,294,1,202.66,116.0,86.66,74.70689655172413
2025-10-21,445,1,148.5,85.0,63.5,74.70588235294117
2025-08-22,289,2,34.94,20.0,14.939999999999998,74.69999999999999
2026-07-21,339,1,300.48,172.0,128.48000000000002,74.69767441860466
2026-03-19,510,6,396.77,1568.0,1171.23,74.69579081632654
2026-06-29,320,5,256.78,147.0,109.77999999999997,74.68027210884351
2026-02-12,318,1,195.64,112.0,83.63999999999999,74.67857142857142
2025-08-16,424,0,110.04,63.0,47.040000000000006,74.66666666666669
2025-12-30,334,2,10.48,6.0,4.48,74.66666666666667
2025-09-22,319,5,41.92,24.0,17.92,74.66666666666667
2026-03-05,404,1,1.52,6.0,4.48,74.66666666666667
2025-10-13,442,2,5.24,3.0,2.24,74.66666666666667
2025-11-06,343,2,719.62,412.0,307.62,74.66504854368932
2026-04-18,498,1,134.49,77.0,57.49000000000001,74.66233766233768
2025-10-05,387,1,723.09,414.0,309.09000000000003,74.65942028985508
2025-10-20,274,4,76.85,44.0,32.849999999999994,74.65909090909089
2026-02-21,428,0,106.54,61.0,45.540000000000006,74.65573770491804
2025-11-19,427,1,118.76,68.0,50.760000000000005,74.64705882352942
2026-03-23,404,0,25.1,99.0,73.9,74.64646464646465
2025-10-25,429,0,1105.49,633.0,472.49,74.64296998420221
2025-09-25,289,2,24.45,14.0,10.45,74.64285714285714
2026-03-05,516,2,22.32,88.0,65.68,74.63636363636364
2025-09-22,374,2,13.97,8.0,5.970000000000001,74.62500000000001
2026-03-05,516,6,19.55,77.0,57.45,74.61038961038962
2025-08-22,486,1,111.75,64.0,47.75,74.609375
2025-10-27,480,3,172.86,99.0,73.86000000000001,74.60606060606062
2026-05-28,372,4,403.33,231.0,172.32999999999998,74.60173160173159
2025-12-26,383,0,230.46,132.0,98.46000000000001,74.5909090909091
2025-09-25,388,6,38.41,22.0,16.409999999999997,74.59090909090908
2026-02-02,291,4,97.77,56.0,41.769999999999996,74.58928571428571
2026-03-20,411,1,214.74,123.0,91.74000000000001,74.58536585365854
2025-10-06,389,0,336.91,193.0,143.91000000000003,74.56476683937825
2026-02-26,463,1,28.75,113.0,84.25,74.5575221238938
2026-07-16,315,2,242.62,139.0,103.62,74.54676258992806
2026-02-02,282,4,96.0,55.0,41.0,74.54545454545455
2026-06-26,361,4,29.67,17.0,12.670000000000002,74.52941176470588
2026-05-08,279,1,62.83,36.0,26.83,74.52777777777777
2025-08-12,398,2,36.65,21.0,15.649999999999999,74.52380952380952
2026-05-06,410,1,40.14,23.0,17.14,74.52173913043478
2025-10-30,480,2,8.41,33.0,24.59,74.51515151515152
2025-08-22,361,3,303.65,174.0,129.64999999999998,74.51149425287355
2026-06-06,329,1,89.0,51.0,38.0,74.50980392156863
2026-01-16,291,2,116.92,67.0,49.92,74.50746268656717
2025-09-07,348,7,3.49,2.0,1.4900000000000002,74.50000000000001
2025-08-23,371,2,20.4,80.0,59.6,74.5
2025-09-07,479,0,342.02,196.0,146.01999999999998,74.49999999999999
2025-11-20,445,1,101.21,58.0,43.209999999999994,74.49999999999999
2025-07-26,437,0,150.73,591.0,440.27,74.49576988155668
2025-11-24,429,1,753.81,432.0,321.80999999999995,74.49305555555554
2026-05-12,520,1,50.6,29.0,21.6,74.48275862068967
2025-11-01,348,2,148.31,85.0,63.31,74.48235294117647
2025-09-19,397,3,235.55,135.0,100.55000000000001,74.4814814814815
2026-01-27,413,2,134.35,77.0,57.349999999999994,74.48051948051948
2026-03-22,441,1,321.03,184.0,137.02999999999997,74.47282608695652
2026-03-17,339,1,172.72,99.0,73.72,74.46464646464646
2026-02-09,410,1,45.36,26.0,19.36,74.46153846153845
2025-08-15,480,4,144.8,83.0,61.80000000000001,74.45783132530121
2026-07-23,289,2,19.19,11.0,8.190000000000001,74.45454545454547
2025-08-11,470,1,650.7,373.0,277.70000000000005,74.45040214477213
2026-01-14,361,1,50.59,29.0,21.590000000000003,74.44827586206898
2026-05-22,448,2,2.3,9.0,6.7,74.44444444444444
2026-02-02,480,3,186.39,729.0,542.61,74.4320987654321
2026-03-28,361,5,101.17,58.0,43.17,74.43103448275863
2025-10-26,420,0,458.74,263.0,195.74,74.425855513308
2025-08-29,445,1,75.0,43.0,32.0,74.4186046511628
2026-04-15,331,3,341.86,196.0,145.86,74.41836734693878
2025-08-11,470,0,650.58,373.0,277.58000000000004,74.4182305630027
2025-10-23,388,5,122.08,70.0,52.08,74.4
2026-01-20,404,1,2.56,10.0,7.4399999999999995,74.4
2026-05-06,272,5,2.56,10.0,7.4399999999999995,74.4
2026-01-05,308,2,158.7,91.0,67.69999999999999,74.39560439560438
2025-10-24,389,1,305.19,175.0,130.19,74.39428571428572
2026-01-29,456,0,44.05,172.0,127.95,74.38953488372093
2026-01-02,364,1,362.72,208.0,154.72000000000003,74.38461538461539
2025-11-08,334,3,170.89,98.0,72.88999999999999,74.37755102040815
2026-02-15,339,2,1013.05,581.0,432.04999999999995,74.36316695352839
2026-05-27,274,1,111.59,64.0,47.59,74.359375
2025-08-24,419,1,4.36,17.0,12.64,74.3529411764706
2026-05-29,362,2,5.23,3.0,2.2300000000000004,74.33333333333336
2025-09-17,498,1,57.53,33.0,24.53,74.33333333333334
2026-02-02,320,2,251.04,144.0,107.03999999999999,74.33333333333333
2026-02-22,373,1,75.98,296.0,220.01999999999998,74.33108108108108
2026-07-20,405,0,95.88,55.0,40.879999999999995,74.32727272727271
2025-08-28,364,0,1340.47,769.0,571.47,74.31339401820547
2025-10-20,382,1,244.55,952.0,707.45,74.31197478991596
2025-08-14,337,2,102.84,59.0,43.84,74.30508474576271
2025-07-27,368,1,2252.01,1292.0,960.0100000000002,74.30417956656349
2026-01-08,346,1,16.71,65.0,48.29,74.29230769230769
2025-09-17,334,3,19.8,77.0,57.2,74.28571428571429
2026-03-13,289,2,24.4,14.0,10.399999999999999,74.28571428571428
2026-07-16,509,0,697.12,400.0,297.12,74.28
2026-03-03,516,12,4.63,18.0,13.370000000000001,74.27777777777779
2025-09-07,398,1,186.46,107.0,79.46000000000001,74.26168224299066
2026-01-15,315,0,472.22,271.0,201.22000000000003,74.2509225092251
2026-04-19,281,5,6.97,4.0,2.9699999999999998,74.25
2026-07-12,445,1,8.24,32.0,23.759999999999998,74.25
2026-06-12,516,5,13.94,8.0,5.9399999999999995,74.25
2025-08-01,476,1,159.71,620.0,460.28999999999996,74.24032258064516
2026-02-13,336,3,33.49,130.0,96.50999999999999,74.23846153846154
2025-09-24,368,4,587.93,2282.0,1694.0700000000002,74.2361963190184
2025-09-01,448,0,149.84,86.0,63.84,74.23255813953489
2026-06-05,431,1,172.49,99.0,73.49000000000001,74.23232323232324
2026-03-16,319,7,22.65,13.0,9.649999999999999,74.23076923076923
2026-04-20,341,1,236.95,136.0,100.94999999999999,74.22794117647058
2026-04-16,297,0,353.68,203.0,150.68,74.22660098522168
2026-01-03,280,1,78.4,45.0,33.400000000000006,74.22222222222223
2025-07-26,437,1,152.35,591.0,438.65,74.22165820642978
2026-07-20,273,3,24.39,14.0,10.39,74.21428571428572
2025-08-29,370,2,306.61,176.0,130.61,74.21022727272728
2025-12-25,448,1,142.9,554.0,411.1,74.2057761732852
2025-10-26,280,6,1566.06,899.0,667.06,74.20022246941045
2025-11-20,463,1,182.91,105.0,77.91,74.2
2026-01-02,317,4,313.54,180.0,133.54000000000002,74.1888888888889
2026-01-28,410,0,27.87,16.0,11.870000000000001,74.1875
2025-11-01,289,5,102.77,59.0,43.769999999999996,74.18644067796609
2025-10-22,388,6,76.64,44.0,32.64,74.18181818181819
2026-07-04,520,2,34.6,134.0,99.4,74.17910447761194
2026-03-22,372,3,358.8,206.0,152.8,74.17475728155341
2025-10-29,482,0,101.02,58.0,43.019999999999996,74.17241379310344
2026-03-05,412,1,17.05,66.0,48.95,74.16666666666667
2025-11-14,374,3,10.45,6.0,4.449999999999999,74.16666666666666
2025-10-01,414,1,471.99,271.0,200.99,74.1660516605166
2025-11-06,444,1,189.83,109.0,80.83000000000001,74.1559633027523
2025-12-25,372,2,1313.11,754.0,559.1099999999999,74.1525198938992
2026-04-10,368,1,250.59,969.0,718.41,74.13931888544892
2025-10-23,321,2,334.33,192.0,142.32999999999998,74.13020833333333
2025-10-11,302,1,365.67,210.0,155.67000000000002,74.12857142857143
2026-07-15,525,2,13.93,8.0,5.93,74.125
2026-05-21,334,2,13.93,8.0,5.93,74.125
2026-05-31,362,1,29.6,17.0,12.600000000000001,74.11764705882354
2026-04-13,334,2,15.67,9.0,6.67,74.1111111111111
2026-02-18,510,6,457.89,263.0,194.89,74.10266159695817
2026-02-06,274,5,53.97,31.0,22.97,74.09677419354838
2025-09-21,486,0,87.1,336.0,248.9,74.07738095238095
2026-06-28,425,1,210.62,121.0,89.62,74.06611570247934
2025-11-17,460,0,295.91,170.0,125.91000000000003,74.06470588235295
2025-07-26,446,0,363.79,209.0,154.79000000000002,74.0622009569378
2026-02-10,463,0,254.12,146.0,108.12,74.05479452054794
2026-02-02,383,0,66.14,38.0,28.14,74.05263157894737
2025-09-20,417,1,240.19,138.0,102.19,74.05072463768116
2026-05-29,427,2,13.5,52.0,38.5,74.03846153846155
2026-07-03,336,2,46.99,27.0,19.990000000000002,74.03703703703705
2026-01-27,485,2,52.21,30.0,22.21,74.03333333333335
2026-04-27,433,1,252.34,145.0,107.34,74.02758620689656
2026-05-16,463,0,83.92,323.0,239.07999999999998,74.01857585139318
2025-07-24,409,2,0.52,2.0,1.48,74.0
2026-07-10,441,1,1.82,7.0,5.18,74.0
2025-08-16,315,3,1.3,5.0,3.7,74.0
2026-06-18,520,5,0.52,2.0,1.48,74.0
2026-07-21,534,4,3.48,2.0,1.48,74.0
2026-06-16,520,5,1.74,1.0,0.74,74.0
2026-03-30,516,5,15.66,9.0,6.66,74.0
2025-12-02,319,4,5.22,3.0,2.2199999999999998,73.99999999999999
2026-02-07,475,1,189.64,109.0,80.63999999999999,73.98165137614677
2026-01-16,320,2,347.96,200.0,147.95999999999998,73.97999999999999
2026-01-18,345,0,1734.52,997.0,737.52,73.9739217652959
2026-01-16,385,6,454.06,261.0,193.06,73.96934865900383
2025-10-21,442,1,186.65,717.0,530.35,73.96792189679219
2025-12-26,425,0,525.34,302.0,223.34000000000003,73.95364238410596
2026-06-02,319,1,33.05,19.0,14.049999999999997,73.94736842105262
2026-05-26,405,1,14.07,54.0,39.93,73.94444444444444
2026-04-18,498,0,133.93,77.0,56.93000000000001,73.93506493506494
2026-04-16,415,1,236.53,136.0,100.53,73.91911764705883
2025-09-11,334,0,686.94,395.0,291.94000000000005,73.90886075949369
2026-03-15,321,4,132.17,76.0,56.16999999999999,73.90789473684208
2025-08-28,341,1,279.98,161.0,118.98000000000002,73.90062111801244
2025-08-01,476,0,161.82,620.0,458.18,73.9
2025-12-04,406,2,41.0,157.0,116.0,73.88535031847134
2025-08-22,364,3,415.58,239.0,176.57999999999998,73.8828451882845
2026-03-20,509,1,13.91,8.0,5.91,73.875
2026-03-15,480,6,70.59,270.0,199.41,73.85555555555555
2026-07-02,416,1,295.55,170.0,125.55000000000001,73.8529411764706
2026-02-20,372,4,69.54,40.0,29.540000000000006,73.85000000000002
2026-04-15,494,0,253.82,146.0,107.82,73.84931506849315
2025-09-21,486,1,87.87,336.0,248.13,73.84821428571429
2025-10-18,386,3,48.15,184.0,135.85,73.83152173913044
2025-10-26,280,4,2391.91,1376.0,1015.9099999999999,73.83066860465115
2026-02-22,516,5,7.59,29.0,21.41,73.82758620689656
2025-10-21,336,6,66.74,255.0,188.26,73.82745098039216
2026-01-17,371,2,300.72,173.0,127.72000000000003,73.82658959537574
2026-01-27,331,5,79.96,46.0,33.959999999999994,73.82608695652173
2026-03-18,390,2,166.87,96.0,70.87,73.82291666666667
2026-04-03,355,1,14.66,56.0,41.34,73.82142857142858
2026-01-27,319,2,173.82,100.0,73.82,73.82
2026-04-20,281,5,2.88,11.0,8.120000000000001,73.81818181818183
2026-01-28,410,1,27.81,16.0,11.809999999999999,73.81249999999999
2026-02-21,406,0,108.17,413.0,304.83,73.80871670702179
2025-10-20,332,7,83.42,48.0,35.42,73.79166666666667
2025-09-28,462,1,472.68,272.0,200.68,73.77941176470588
2026-01-18,371,0,1110.45,639.0,471.45000000000005,73.7793427230047
2025-10-08,305,0,2924.7,1683.0,1241.6999999999998,73.7789661319073
2026-02-21,406,2,108.33,413.0,304.67,73.76997578692495
2026-02-08,315,3,8.92,34.0,25.08,73.76470588235293
2025-11-06,421,1,267.59,154.0,113.58999999999997,73.75974025974024
2026-05-23,404,1,4.2,16.0,11.8,73.75
2025-09-21,289,2,33.62,128.0,94.38,73.734375
2026-03-04,361,2,250.17,144.0,106.16999999999999,73.72916666666666
2025-11-08,459,1,19.11,11.0,8.11,73.72727272727272
2025-08-08,411,0,171.98,99.0,72.97999999999999,73.71717171717171
2025-10-20,316,1,731.34,421.0,310.34000000000003,73.71496437054633
2026-03-04,320,0,1312.35,4992.0,3679.65,73.7109375
2025-10-29,320,3,244.92,141.0,103.91999999999999,73.70212765957446
2026-07-08,447,1,57.33,218.0,160.67000000000002,73.70183486238533
2025-12-09,289,2,22.58,13.0,9.579999999999998,73.69230769230768
2026-01-05,433,0,314.38,181.0,133.38,73.69060773480662
2025-09-22,412,1,72.95,42.0,30.950000000000003,73.69047619047619
2025-10-20,301,0,1689.99,973.0,716.99,73.68859198355602
2026-07-20,463,0,61.05,232.0,170.95,73.68534482758619
2026-06-18,272,2,1387.61,799.0,588.6099999999999,73.66833541927407
2025-12-24,277,2,5.21,3.0,2.21,73.66666666666667
2026-02-05,509,6,0.79,3.0,2.21,73.66666666666667
2026-04-16,362,2,0.79,3.0,2.21,73.66666666666667
2026-03-16,324,4,340.33,196.0,144.32999999999998,73.6377551020408
2026-05-10,329,0,399.36,230.0,169.36,73.63478260869566
2026-02-19,505,3,25.05,95.0,69.95,73.63157894736842
2025-08-11,331,5,60.77,35.0,25.770000000000003,73.62857142857143
2026-03-09,324,1,131.6,499.0,367.4,73.62725450901803
2026-01-05,388,6,71.18,41.0,30.180000000000007,73.60975609756099
2025-10-09,339,2,144.09,83.0,61.09,73.60240963855422
2025-08-16,346,1,119.78,69.0,50.78,73.59420289855073
2025-09-08,282,3,38.19,22.0,16.189999999999998,73.59090909090908
2026-05-07,516,2,50.34,29.0,21.340000000000003,73.58620689655173
2025-11-25,319,5,50.34,29.0,21.340000000000003,73.58620689655173
2026-03-18,339,3,24.3,14.0,10.3,73.57142857142858
2025-12-01,418,1,72.9,42.0,30.900000000000006,73.57142857142858
2026-01-07,289,5,83.31,48.0,35.31,73.56250000000001
2025-11-06,470,0,607.44,350.0,257.44000000000005,73.55428571428573
2026-01-18,488,0,597.01,344.0,253.01,73.54941860465117
2026-01-08,374,3,3.44,13.0,9.56,73.53846153846155
2025-09-18,292,3,112.8,65.0,47.8,73.53846153846153
2026-04-07,437,0,239.48,138.0,101.47999999999999,73.53623188405797
2026-03-19,273,3,4.5,17.0,12.5,73.52941176470588
2026-04-07,279,3,91.97,53.0,38.97,73.52830188679245
2025-11-16,289,4,19.86,75.0,55.14,73.52
2026-07-08,521,1,12.45,47.0,34.55,73.51063829787233
2026-02-17,315,3,3.47,2.0,1.4700000000000002,73.50000000000001
2026-02-02,463,0,449.35,259.0,190.35000000000002,73.49420849420851
2025-09-24,321,6,67.66,39.0,28.659999999999997,73.48717948717947
2025-08-09,332,2,716.49,413.0,303.49,73.48426150121065
2026-03-24,481,2,46.84,27.0,19.840000000000003,73.4814814814815
2025-10-31,355,1,50.92,192.0,141.07999999999998,73.47916666666666
2025-08-26,418,2,112.76,65.0,47.760000000000005,73.47692307692309
2025-10-29,336,1,32.96,19.0,13.96,73.47368421052633
2026-06-05,525,0,65.92,38.0,27.92,73.47368421052633
2026-07-08,447,0,57.86,218.0,160.14,73.45871559633026
2026-02-02,320,7,246.31,142.0,104.31,73.45774647887325
2025-09-19,301,2,142.23,82.0,60.22999999999999,73.45121951219511
2025-10-10,480,6,67.64,39.0,28.64,73.43589743589743
2025-10-25,417,0,435.32,251.0,184.32,73.43426294820718
2025-10-12,405,1,116.2,67.0,49.2,73.43283582089552
2026-07-09,320,4,133.54,77.0,56.53999999999999,73.42857142857142
2026-01-11,315,3,1.86,7.0,5.14,73.42857142857142
2026-02-09,480,1,156.07,90.0,66.07,73.41111111111111
2026-07-12,448,2,17.55,66.0,48.45,73.4090909090909
2026-03-04,332,6,128.32,74.0,54.31999999999999,73.4054054054054
2025-08-17,361,4,192.48,111.0,81.47999999999999,73.4054054054054
2025-09-20,475,1,34.31,129.0,94.69,73.40310077519379
2026-05-22,442,2,5.32,20.0,14.68,73.4
2026-06-02,302,2,395.35,228.0,167.35000000000002,73.39912280701756
2026-01-31,507,3,36.98,139.0,102.02000000000001,73.39568345323741
2026-06-11,362,1,22.54,13.0,9.54,73.38461538461539
2026-06-02,501,2,58.95,34.0,24.950000000000003,73.38235294117648
2025-11-06,331,1,450.78,260.0,190.77999999999997,73.37692307692306
2025-11-06,332,2,338.08,195.0,143.07999999999998,73.37435897435897
2026-07-13,336,2,43.34,25.0,18.340000000000003,73.36000000000001
2026-07-19,534,5,29.47,17.0,12.469999999999999,73.35294117647058
2026-01-27,501,2,218.41,126.0,92.41,73.34126984126983
2026-05-29,467,0,899.64,519.0,380.64,73.34104046242774
2025-12-31,374,2,20.8,12.0,8.8,73.33333333333334
2026-06-05,509,4,10.4,6.0,4.4,73.33333333333334
2026-05-05,273,1,147.33,85.0,62.33000000000001,73.3294117647059
2026-02-09,363,3,197.59,114.0,83.59,73.32456140350877
2026-07-06,509,2,76.26,44.0,32.260000000000005,73.31818181818183
2026-03-26,482,0,100.52,58.0,42.519999999999996,73.3103448275862
2026-03-23,340,4,22.53,13.0,9.530000000000001,73.30769230769232
2025-11-17,460,1,294.6,170.0,124.60000000000002,73.29411764705883
2025-12-02,280,7,131.7,76.0,55.69999999999999,73.28947368421052
2026-03-27,405,2,12.13,7.0,5.130000000000001,73.28571428571429
2025-10-20,383,2,123.03,71.0,52.03,73.28169014084507
2026-01-07,346,4,162.88,94.0,68.88,73.27659574468085
2026-03-23,431,0,181.93,105.0,76.93,73.26666666666667
2026-06-01,319,1,41.58,24.0,17.58,73.25
2026-06-18,355,2,195.77,113.0,82.77000000000001,73.24778761061947
2026-03-24,428,0,84.89,49.0,35.89,73.24489795918367
2025-10-06,321,1,136.85,79.0,57.849999999999994,73.2278481012658
2026-03-05,412,0,17.67,66.0,48.33,73.22727272727273
2025-12-08,487,1,183.62,106.0,77.62,73.22641509433963
2025-08-31,374,2,6.16,23.0,16.84,73.21739130434783
2025-10-08,380,0,585.47,338.0,247.47000000000003,73.21597633136095
2026-05-04,419,3,24.25,14.0,10.25,73.21428571428571
2025-10-03,403,4,171.47,99.0,72.47,73.20202020202021
2025-10-26,427,0,296.15,171.0,125.14999999999998,73.18713450292397
2025-09-27,339,4,119.49,69.0,50.489999999999995,73.17391304347825
2025-12-29,405,0,62.34,36.0,26.340000000000003,73.16666666666669
2025-09-13,319,7,20.78,12.0,8.780000000000001,73.16666666666669
2025-10-20,353,2,109.09,63.0,46.09,73.15873015873017
2025-10-26,476,0,363.62,210.0,153.62,73.15238095238095
2026-01-27,355,3,619.8,358.0,261.79999999999995,73.12849162011173
2026-01-30,388,4,129.84,75.0,54.84,73.12
2026-04-15,512,2,140.22,81.0,59.22,73.1111111111111
2026-01-05,433,1,313.33,181.0,132.32999999999998,73.11049723756905
2026-01-28,358,1,387.76,224.0,163.76,73.10714285714285
2026-02-15,292,3,302.93,175.0,127.93,73.10285714285715
2026-01-18,488,1,595.47,344.0,251.47000000000003,73.10174418604653
2025-08-29,455,1,377.36,218.0,159.36,73.10091743119267
2025-10-27,336,2,19.04,11.0,8.04,73.09090909090908
2026-04-02,362,1,22.5,13.0,9.5,73.07692307692307
2025-08-09,357,0,3165.56,1829.0,1336.56,73.07599781301258
2025-10-04,480,0,1815.48,1049.0,766.48,73.06768350810296
2026-06-14,384,3,53.65,31.0,22.65,73.06451612903226
2026-07-14,523,1,27.69,16.0,11.690000000000001,73.06250000000001
2025-12-04,406,0,42.32,157.0,114.68,73.04458598726114
2026-02-05,480,2,30.73,114.0,83.27,73.0438596491228
2026-05-31,511,0,1268.34,733.0,535.3399999999999,73.03410641200546
2025-10-27,324,1,155.73,90.0,65.72999999999999,73.03333333333332
2025-10-26,431,1,373.7,216.0,157.7,73.00925925925925
2026-02-21,447,1,223.18,129.0,94.18,73.0077519379845
2026-07-08,521,0,12.69,47.0,34.31,73.00000000000001
2026-03-19,303,2,38.06,22.0,16.060000000000002,73.00000000000001
2026-07-12,273,6,3.46,2.0,1.46,73.0
2026-03-25,277,2,0.27,1.0,0.73,73.0
2025-10-26,338,2,373.68,216.0,157.68,73.0
2026-02-18,315,3,1.08,4.0,2.92,73.0
2026-02-24,398,2,12.11,7.0,5.109999999999999,72.99999999999999
2025-10-26,476,1,363.27,210.0,153.26999999999998,72.98571428571428
2026-03-04,316,1,475.7,275.0,200.7,72.98181818181818
2026-05-28,481,1,171.25,99.0,72.25,72.97979797979798
2026-07-13,516,0,1098.4,635.0,463.4000000000001,72.97637795275593
2026-02-09,288,5,50.16,29.0,21.159999999999997,72.9655172413793
2025-10-24,489,0,197.18,114.0,83.18,72.96491228070177
2025-09-02,498,1,36.5,135.0,98.5,72.96296296296296
2026-04-10,427,1,112.42,65.0,47.42,72.95384615384616
2026-04-07,437,1,238.67,138.0,100.66999999999999,72.94927536231883
2026-05-29,433,0,377.02,218.0,159.01999999999998,72.94495412844036
2026-06-07,340,2,148.73,86.0,62.72999999999999,72.94186046511626
2025-09-08,303,2,25.94,15.0,10.940000000000001,72.93333333333334
2026-07-16,442,2,8.12,30.0,21.880000000000003,72.93333333333334
2025-12-08,339,1,81.21,300.0,218.79000000000002,72.93
2025-11-04,337,0,24.21,14.0,10.21,72.92857142857143
2026-04-09,336,7,96.84,56.0,40.84,72.92857142857143
2025-12-11,505,0,980.48,567.0,413.48,72.9241622574956
2026-06-02,405,1,38.04,22.0,16.04,72.9090909090909
2025-10-23,438,0,447.83,259.0,188.82999999999998,72.9073359073359
2025-09-02,374,3,10.3,38.0,27.7,72.89473684210526
2026-03-05,314,0,346.45,1278.0,931.55,72.89123630672925
2026-01-27,357,4,214.38,124.0,90.38,72.88709677419355
2026-07-10,272,0,2850.58,1649.0,1201.58,72.86719223771982
2025-08-16,417,1,428.71,248.0,180.70999999999998,72.86693548387096
2025-11-04,427,2,25.93,15.0,10.93,72.86666666666667
2025-12-29,480,6,165.95,96.0,69.94999999999999,72.86458333333331
2026-02-01,503,1,190.15,110.0,80.15,72.86363636363636
2025-10-27,321,2,259.29,150.0,109.29000000000002,72.86000000000001
2026-03-04,277,1,352.61,204.0,148.61,72.84803921568627
2026-02-03,509,3,3.53,13.0,9.47,72.84615384615385
2025-08-28,354,3,755.31,437.0,318.30999999999995,72.83981693363843
2025-09-02,498,0,36.67,135.0,98.33,72.83703703703704
2025-07-28,320,3,95.06,55.0,40.06,72.83636363636364
2026-07-10,283,2,32.08,118.0,85.92,72.81355932203391
2025-10-21,289,3,100.34,369.0,268.65999999999997,72.80758807588074
2025-08-29,455,0,376.72,218.0,158.72000000000003,72.8073394495413
2026-04-15,341,0,528.78,306.0,222.77999999999997,72.80392156862744
2025-10-25,498,0,188.34,109.0,79.34,72.78899082568807
2025-08-21,322,2,8.98,33.0,24.02,72.7878787878788
2026-03-05,320,7,231.53,134.0,97.53,72.78358208955224
2025-10-26,420,1,454.4,263.0,191.39999999999998,72.77566539923953
2026-07-10,272,2,846.55,490.0,356.54999999999995,72.76530612244898
2025-08-14,398,2,43.19,25.0,18.189999999999998,72.75999999999999
2026-03-21,398,2,27.64,16.0,11.64,72.75
2025-12-20,320,9,85.32,313.0,227.68,72.74121405750799
2026-07-02,336,7,98.46,57.0,41.459999999999994,72.73684210526315
2025-09-26,336,5,157.17,91.0,66.16999999999999,72.7142857142857
2025-11-06,338,2,77.72,45.0,32.72,72.71111111111111
2025-10-26,431,0,373.04,216.0,157.04000000000002,72.70370370370371
2026-04-17,336,3,115.71,67.0,48.709999999999994,72.70149253731343
2025-08-22,401,1,252.14,146.0,106.13999999999999,72.6986301369863
2026-06-20,337,3,499.07,289.0,210.07,72.68858131487889
2026-02-02,382,2,131.24,76.0,55.24000000000001,72.68421052631581
2026-02-22,319,7,12.84,47.0,34.16,72.68085106382978
2026-05-18,463,0,80.6,295.0,214.4,72.6779661016949
2025-09-07,372,3,438.6,254.0,184.60000000000002,72.67716535433073
2025-08-08,411,1,170.95,99.0,71.94999999999999,72.67676767676767
2026-03-04,330,0,835.74,484.0,351.74,72.67355371900827
2026-06-12,339,4,67.34,39.0,28.340000000000003,72.66666666666669
2025-10-06,291,3,352.2,204.0,148.2,72.6470588235294
2026-06-29,272,2,1230.95,713.0,517.95,72.64375876577841
2025-11-06,406,0,62.15,36.0,26.15,72.63888888888889
2026-05-12,274,6,56.97,33.0,23.97,72.63636363636363
2025-11-18,480,2,18.99,11.0,7.989999999999998,72.63636363636363
2026-04-15,411,1,141.56,82.0,59.56,72.6341463414634
2026-04-26,334,2,13.81,8.0,5.8100000000000005,72.625
2025-10-23,388,7,127.74,74.0,53.739999999999995,72.62162162162161
2025-10-06,336,0,683.58,396.0,287.58000000000004,72.62121212121212
2025-08-10,320,9,1543.14,894.0,649.1400000000001,72.61073825503357
2026-01-15,346,1,13.97,51.0,37.03,72.6078431372549
2026-06-02,516,4,122.55,71.0,51.55,72.6056338028169
2025-12-01,319,4,8.63,5.0,3.630000000000001,72.60000000000002
2026-04-21,404,1,2.74,10.0,7.26,72.6
2026-03-04,374,3,1.37,5.0,3.63,72.6
2026-03-02,509,3,2.74,10.0,7.26,72.6
2026-04-15,411,0,141.53,82.0,59.53,72.59756097560975
2025-07-26,279,1,131.17,76.0,55.16999999999999,72.59210526315788
2025-11-03,348,4,82.84,48.0,34.84,72.58333333333334
2025-10-06,418,2,193.29,112.0,81.28999999999999,72.58035714285714
2026-02-25,516,2,32.79,19.0,13.79,72.57894736842104
2025-08-09,296,0,999.22,579.0,420.22,72.57685664939551
2025-10-13,382,0,457.32,265.0,192.32,72.57358490566037
2025-10-15,382,2,29.35,107.0,77.65,72.57009345794393
2025-10-26,419,3,100.09,58.0,42.09,72.5689655172414
2026-01-21,451,1,31.55,115.0,83.45,72.56521739130434
2026-06-28,293,1,2990.46,1733.0,1257.46,72.55972302365839
2026-07-18,475,2,139.77,81.0,58.77000000000001,72.55555555555557
2025-10-31,404,1,2.47,9.0,6.529999999999999,72.55555555555556
2026-07-03,520,2,10.98,40.0,29.02,72.55
2025-11-05,482,1,35.69,130.0,94.31,72.54615384615384
2026-05-29,516,12,18.98,11.0,7.98,72.54545454545455
2026-03-26,338,2,79.37,46.0,33.370000000000005,72.54347826086958
2026-01-27,389,1,212.22,123.0,89.22,72.53658536585365
2025-09-12,344,2,258.8,150.0,108.80000000000001,72.53333333333333
2025-12-17,317,3,78.84,287.0,208.16,72.52961672473867
2026-05-13,463,1,52.75,192.0,139.25,72.52604166666666
2025-10-13,324,1,200.12,116.0,84.12,72.51724137931035
2026-05-30,315,2,224.27,130.0,94.27000000000001,72.51538461538462
2025-10-25,391,3,376.08,218.0,158.07999999999998,72.5137614678899
2025-12-01,388,3,51.75,30.0,21.75,72.5
2025-12-20,459,1,6.6,24.0,17.4,72.5
2025-11-19,336,3,100.05,58.0,42.05,72.5
2025-09-01,494,2,87.97,51.0,36.97,72.49019607843137
2026-06-15,410,0,53.47,31.0,22.47,72.48387096774194
2026-03-04,277,0,353.58,205.0,148.57999999999998,72.4780487804878
2026-05-16,331,5,37.71,137.0,99.28999999999999,72.47445255474452
2025-11-19,289,4,8.81,32.0,23.189999999999998,72.46875
2025-10-27,388,5,129.35,75.0,54.349999999999994,72.46666666666665
2025-08-28,364,3,410.46,238.0,172.45999999999998,72.46218487394958
2025-07-27,487,2,87.02,316.0,228.98000000000002,72.46202531645571
2026-01-17,386,3,41.39,24.0,17.39,72.45833333333334
2026-04-20,510,1,203.5,118.0,85.5,72.45762711864407
2026-01-21,451,0,31.68,115.0,83.32,72.45217391304347
2025-10-28,280,1,19.01,69.0,49.989999999999995,72.44927536231883
2025-10-26,449,0,600.09,348.0,252.09000000000003,72.4396551724138
2026-03-23,324,1,198.3,115.0,83.30000000000001,72.43478260869566
2026-04-25,404,1,3.86,14.0,10.14,72.42857142857143
2025-10-23,438,1,446.58,259.0,187.57999999999998,72.42471042471041
2026-04-30,333,3,41.09,149.0,107.91,72.42281879194631
2025-09-23,309,1,2284.59,1325.0,959.5900000000001,72.42188679245284
2025-10-21,355,2,57.64,209.0,151.36,72.42105263157896
2026-07-06,475,1,151.73,88.0,63.72999999999999,72.42045454545453
2026-06-17,513,1,34.48,125.0,90.52000000000001,72.41600000000001
2025-11-10,389,1,203.44,118.0,85.44,72.40677966101696
2026-05-29,433,1,375.84,218.0,157.83999999999997,72.40366972477064
2025-12-15,332,3,320.67,186.0,134.67000000000002,72.40322580645162
2026-02-22,348,7,1.38,5.0,3.62,72.39999999999999
2025-10-29,436,0,218.93,127.0,91.93,72.38582677165356
2025-10-05,304,0,3006.4,1744.0,1262.4,72.38532110091744
2026-02-26,463,2,39.49,143.0,103.50999999999999,72.38461538461539
2025-08-16,278,1,825.69,479.0,346.69000000000005,72.37787056367434
2026-03-23,431,1,180.99,105.0,75.99000000000001,72.37142857142858
2026-07-06,520,0,234.42,136.0,98.41999999999999,72.36764705882352
2025-09-13,425,1,86.18,50.0,36.18000000000001,72.36000000000001
2025-09-06,348,1,289.56,168.0,121.56,72.35714285714285
2026-07-23,357,5,113.75,66.0,47.75,72.34848484848484
2025-12-13,505,3,120.64,70.0,50.64,72.34285714285714
2025-11-07,448,2,10.51,38.0,27.490000000000002,72.34210526315789
2025-11-06,454,0,708.31,411.0,297.30999999999995,72.33819951338198
2026-07-22,449,0,174.06,101.0,73.06,72.33663366336633
2026-02-05,494,2,25.85,15.0,10.850000000000001,72.33333333333334
2026-03-08,509,1,8.3,30.0,21.7,72.33333333333333
2025-11-06,470,1,603.15,350.0,253.14999999999998,72.32857142857142
2025-08-16,332,1,782.25,454.0,328.25,72.30176211453745
2026-02-20,397,4,103.38,60.0,43.379999999999995,72.3
2025-10-24,482,0,151.62,88.0,63.620000000000005,72.29545454545455
2025-10-26,385,5,1178.49,684.0,494.49,72.29385964912281
2025-10-06,282,1,149.89,87.0,62.889999999999986,72.28735632183907
2026-03-05,419,4,9.7,35.0,25.3,72.28571428571429
2026-05-25,362,1,24.12,14.0,10.120000000000001,72.28571428571429
2025-11-03,405,2,12.06,7.0,5.0600000000000005,72.28571428571429
2026-02-19,388,6,31.01,18.0,13.010000000000002,72.27777777777779
2026-06-09,523,0,31.01,18.0,13.010000000000002,72.27777777777779
2025-12-12,427,2,49.96,29.0,20.96,72.27586206896552
2026-05-30,392,1,198.11,115.0,83.11000000000001,72.26956521739132
2026-03-04,289,2,10.54,38.0,27.46,72.26315789473684
2026-05-02,384,1,86.13,50.0,36.129999999999995,72.25999999999999
2025-09-06,486,0,133.16,480.0,346.84000000000003,72.25833333333334
2026-02-02,476,0,217.04,126.0,91.03999999999999,72.25396825396825
2026-03-21,413,2,415.13,241.0,174.13,72.25311203319502
2026-05-15,448,2,6.89,4.0,2.8899999999999997,72.24999999999999
2025-08-26,334,3,161.91,94.0,67.91,72.24468085106382
2026-03-07,479,2,15.5,9.0,6.5,72.22222222222221
2026-06-05,481,2,46.5,27.0,19.5,72.22222222222221
2026-01-19,291,3,320.31,186.0,134.31,72.20967741935485
2026-01-27,455,0,330.64,192.0,138.64,72.20833333333333
2026-03-04,320,8,105.62,380.0,274.38,72.20526315789473
2026-07-16,534,1,1.39,5.0,3.6100000000000003,72.2
2025-10-22,480,3,206.64,120.0,86.63999999999999,72.19999999999999
2026-03-26,336,7,91.26,53.0,38.260000000000005,72.18867924528303
2025-11-10,389,0,203.18,118.0,85.18,72.18644067796612
2026-03-24,428,1,84.37,49.0,35.370000000000005,72.18367346938777
2025-10-25,331,5,110.19,64.0,46.19,72.171875
2026-07-22,449,1,173.88,101.0,72.88,72.15841584158416
2025-07-26,446,1,359.8,209.0,150.8,72.1531100478469
2026-03-04,332,3,139.44,81.0,58.44,72.14814814814815
2025-11-05,427,2,16.99,61.0,44.010000000000005,72.14754098360656
2025-08-28,441,1,315.03,183.0,132.02999999999997,72.14754098360655
2026-05-15,273,1,132.55,77.0,55.55000000000001,72.14285714285715
2026-03-04,374,1,134.27,78.0,56.27000000000001,72.14102564102566
2025-10-26,308,1,330.51,192.0,138.51,72.14062499999999
2025-08-28,382,2,240.99,140.0,100.99000000000001,72.13571428571429
2025-10-29,463,0,268.5,156.0,112.5,72.11538461538461
2026-05-17,448,2,12.27,44.0,31.73,72.11363636363637
2025-08-30,444,1,271.93,158.0,113.93,72.10759493670886
2025-10-18,404,1,5.58,20.0,14.42,72.1
2026-07-08,391,0,250.57,898.0,647.4300000000001,72.09688195991092
2025-10-26,348,6,836.35,486.0,350.35,72.08847736625515
2025-10-08,361,3,344.17,200.0,144.17000000000002,72.08500000000001
2025-10-05,336,2,180.68,105.0,75.68,72.07619047619048
2025-10-24,489,1,196.16,114.0,82.16,72.07017543859648
2026-06-15,319,6,161.74,94.0,67.74000000000001,72.06382978723406
2025-12-29,435,0,404.35,235.0,169.35000000000002,72.06382978723406
2025-08-07,423,1,207.31,742.0,534.69,72.06064690026956
2026-02-09,482,1,68.82,40.0,28.819999999999993,72.04999999999998
2025-09-06,486,1,134.28,480.0,345.72,72.025
2026-05-04,503,2,125.57,73.0,52.56999999999999,72.01369863013699
2026-01-31,435,1,271.78,158.0,113.77999999999997,72.01265822784808
2026-02-02,325,1,163.41,95.0,68.41,72.01052631578946
2025-07-31,315,3,5.16,3.0,2.16,72.00000000000001
2026-07-21,340,2,30.96,18.0,12.96,72.00000000000001
2025-11-10,374,3,8.6,5.0,3.5999999999999996,72.0
2026-04-04,396,4,0.28,1.0,0.72,72.0
2026-07-17,273,6,0.28,1.0,0.72,72.0
2025-10-24,281,2,218.44,127.0,91.44,72.0
2025-11-06,465,0,189.2,110.0,79.19999999999999,71.99999999999999
2026-04-25,341,1,555.56,323.0,232.55999999999995,71.99999999999999
2025-08-07,423,0,207.98,742.0,534.02,71.97035040431267
2025-12-17,317,4,42.89,153.0,110.11,71.9673202614379
2025-12-29,480,1,242.47,141.0,101.47,71.9645390070922
2026-03-03,482,2,10.38,37.0,26.619999999999997,71.94594594594594
2026-07-03,320,4,142.71,83.0,59.71000000000001,71.9397590361446
2026-02-19,372,1,196.01,114.0,82.00999999999999,71.93859649122805
2026-03-19,510,3,128.54,458.0,329.46000000000004,71.93449781659389
2025-11-06,380,2,306.04,178.0,128.04000000000002,71.93258426966294
2026-04-30,513,1,3.65,13.0,9.35,71.92307692307692
2026-04-20,519,0,110.03,64.0,46.03,71.921875
2026-07-10,472,0,311.17,181.0,130.17000000000002,71.91712707182322
2026-03-19,510,0,1578.78,5621.0,4042.2200000000003,71.91282689912826
2026-07-04,328,0,1136.33,661.0,475.3299999999999,71.91074130105899
2026-05-31,372,4,388.51,226.0,162.51,71.90707964601769
2026-04-04,510,1,434.91,253.0,181.91000000000003,71.901185770751
2025-11-06,322,0,967.79,563.0,404.78999999999996,71.898756660746
2026-01-17,413,0,483.03,281.0,202.02999999999997,71.8967971530249
2026-04-25,513,1,7.59,27.0,19.41,71.88888888888889
2026-02-07,513,2,330.02,192.0,138.01999999999998,71.88541666666666
2026-03-19,273,5,4.22,15.0,10.780000000000001,71.86666666666667
2026-01-02,410,0,106.55,62.0,44.55,71.85483870967741
2026-07-03,272,2,1020.81,594.0,426.80999999999995,71.85353535353535
2025-12-01,280,1,45.04,160.0,114.96000000000001,71.85000000000001
2026-02-02,476,1,216.52,126.0,90.52000000000001,71.84126984126985
2026-01-03,435,1,396.95,231.0,165.95,71.83982683982684
2025-09-04,447,0,192.46,112.0,80.46000000000001,71.83928571428572
2026-07-08,320,5,61.4,218.0,156.6,71.8348623853211
2026-01-05,416,0,352.26,205.0,147.26,71.83414634146341
2026-02-16,405,2,10.31,6.0,4.3100000000000005,71.83333333333334
2026-04-22,482,2,10.31,6.0,4.3100000000000005,71.83333333333334
2026-03-18,482,0,82.48,48.0,34.480000000000004,71.83333333333334
2025-12-17,317,0,260.96,926.0,665.04,71.81857451403887
2025-10-06,432,0,536.06,312.0,224.05999999999995,71.81410256410254
2026-07-03,510,1,223.35,130.0,93.35,71.8076923076923
2025-08-22,401,0,250.83,146.0,104.83000000000001,71.8013698630137
2025-08-13,330,3,206.16,120.0,86.16,71.8
2025-08-21,289,3,188.98,110.0,78.97999999999999,71.79999999999998
2026-01-14,372,2,450.08,262.0,188.07999999999998,71.78625954198473
2026-07-09,442,2,3.95,14.0,10.05,71.78571428571429
2026-06-10,291,4,68.71,40.0,28.709999999999994,71.77499999999999
2026-02-02,423,0,383.03,223.0,160.02999999999997,71.762331838565
2026-01-27,336,0,714.53,416.0,298.53,71.76201923076923
2026-06-18,317,1,302.3,176.0,126.30000000000001,71.76136363636364
2026-06-16,353,1,6.87,4.0,2.87,71.75
2026-01-17,400,3,26.56,94.0,67.44,71.74468085106382
2026-07-19,346,1,194.07,113.0,81.07,71.7433628318584
2025-10-21,336,7,28.26,100.0,71.74,71.74
2026-02-05,510,1,329.74,192.0,137.74,71.73958333333333
2026-05-23,296,2,53.13,188.0,134.87,71.73936170212765
2026-03-04,444,2,88.75,314.0,225.25,71.73566878980891
2026-03-16,390,0,489.43,285.0,204.43,71.7298245614035
2026-01-05,291,5,336.59,196.0,140.58999999999997,71.72959183673468
2026-07-17,412,1,26.01,92.0,65.99,71.7282608695652
2025-08-14,289,2,56.67,33.0,23.67,71.72727272727273
2026-04-15,403,3,132.23,77.0,55.22999999999999,71.72727272727272
2025-11-01,318,1,393.24,229.0,164.24,71.72052401746726
2026-03-19,507,3,74.1,262.0,187.9,71.7175572519084
2025-08-15,386,3,140.8,82.0,58.80000000000001,71.70731707317076
2026-04-15,403,4,128.78,75.0,53.78,71.70666666666666
2025-09-12,404,1,4.81,17.0,12.190000000000001,71.70588235294119
2026-06-05,521,1,7.64,27.0,19.36,71.70370370370371
2025-08-26,482,1,34.34,20.0,14.340000000000003,71.70000000000002
2025-08-22,480,2,22.32,13.0,9.32,71.6923076923077
2026-01-07,510,0,59.45,210.0,150.55,71.69047619047619
2026-05-28,513,1,12.74,45.0,32.26,71.68888888888888
2026-03-04,509,1,4.53,16.0,11.469999999999999,71.6875
2025-10-21,442,0,207.84,734.0,526.16,71.68392370572207
2026-06-18,281,2,231.77,135.0,96.77000000000001,71.68148148148148
2026-06-15,410,1,53.22,31.0,22.22,71.6774193548387
2026-05-23,522,1,49.0,173.0,124.0,71.67630057803468
2025-08-16,279,3,535.61,312.0,223.61,71.6698717948718
2026-06-10,273,7,0.85,3.0,2.15,71.66666666666667
2025-09-09,409,2,0.85,3.0,2.15,71.66666666666667
2026-07-06,404,1,2.55,9.0,6.45,71.66666666666667
2026-07-04,472,0,575.06,335.0,240.05999999999995,71.6597014925373
2026-01-05,416,1,351.9,205.0,146.89999999999998,71.65853658536584
2025-10-13,482,0,137.32,80.0,57.31999999999999,71.64999999999999
2025-12-27,334,2,4.82,17.0,12.18,71.6470588235294
2026-03-04,409,0,111.57,65.0,46.56999999999999,71.64615384615384
2025-09-04,447,1,192.24,112.0,80.24000000000001,71.64285714285715
2026-04-17,409,2,23.83,84.0,60.17,71.63095238095238
2025-08-31,344,1,293.48,171.0,122.48000000000002,71.62573099415206
2025-08-16,278,0,822.03,479.0,343.03,71.61377870563673
2026-01-27,341,2,302.04,176.0,126.04000000000002,71.61363636363637
2025-11-06,406,2,61.78,36.0,25.78,71.61111111111111
2026-03-23,345,2,70.36,41.0,29.36,71.60975609756098
2025-11-06,465,1,188.77,110.0,78.77000000000001,71.60909090909092
2025-09-20,475,2,18.74,66.0,47.260000000000005,71.60606060606062
2026-02-21,320,6,125.27,73.0,52.269999999999996,71.60273972602738
2026-07-07,490,0,482.16,281.0,201.16000000000003,71.58718861209965
2025-10-03,484,0,296.83,173.0,123.82999999999998,71.57803468208091
2025-08-30,460,1,701.74,409.0,292.74,71.57457212713936
2025-08-30,460,0,701.72,409.0,292.72,71.56968215158925
2025-10-09,319,5,54.9,32.0,22.9,71.5625
2026-07-11,404,1,15.44,9.0,6.4399999999999995,71.55555555555554
2026-01-27,398,3,250.47,146.0,104.47,71.55479452054794
2026-02-02,385,3,317.35,185.0,132.35000000000002,71.54054054054055
2026-06-22,482,2,22.3,13.0,9.3,71.53846153846153
2025-10-08,317,2,271.02,158.0,113.01999999999998,71.53164556962024
2026-06-30,315,0,914.2,533.0,381.20000000000005,71.51969981238275
2026-04-09,320,8,138.93,81.0,57.93000000000001,71.51851851851852
2025-12-26,437,0,445.92,260.0,185.92000000000002,71.50769230769231
2025-11-24,410,0,44.59,26.0,18.590000000000003,71.50000000000001
2025-10-15,397,4,78.89,46.0,32.89,71.5
2025-12-07,348,7,1.71,6.0,4.29,71.5
2026-07-06,509,6,10.29,6.0,4.289999999999999,71.49999999999999
2025-08-28,385,5,272.67,159.0,113.67000000000002,71.49056603773586
2025-08-09,296,1,982.64,573.0,409.64,71.49040139616055
2026-02-02,469,0,168.05,98.0,70.05000000000001,71.4795918367347
2026-06-29,390,2,306.93,179.0,127.93,71.46927374301676
2025-10-24,383,2,157.75,92.0,65.75,71.46739130434783
2025-10-10,357,5,51.44,30.0,21.439999999999998,71.46666666666665
2025-09-26,360,2,48.01,28.0,20.009999999999998,71.46428571428571
2026-02-09,383,2,37.72,22.0,15.719999999999999,71.45454545454545
2026-03-27,314,3,241.75,141.0,100.75,71.45390070921985
2025-10-18,357,4,312.03,182.0,130.02999999999997,71.44505494505493
2025-10-28,319,7,15.43,9.0,6.43,71.44444444444444
2026-04-27,352,2,246.88,144.0,102.88,71.44444444444444
2026-07-03,384,1,39.43,23.0,16.43,71.43478260869564
2026-07-08,357,4,72.85,255.0,182.15,71.43137254901961
2026-05-22,501,1,40.0,140.0,100.0,71.42857142857143
2026-07-07,325,2,419.99,245.0,174.99,71.42448979591836
2026-05-11,404,0,38.58,135.0,96.42,71.42222222222222
2025-10-21,397,4,70.63,247.0,176.37,71.40485829959515
2025-08-31,482,2,15.73,55.0,39.269999999999996,71.39999999999999
2026-07-20,404,2,25.17,88.0,62.83,71.39772727272728
2025-10-27,493,0,166.25,97.0,69.25,71.3917525773196
2025-11-17,383,2,30.85,18.0,12.850000000000001,71.3888888888889
2025-10-26,351,1,735.25,429.0,306.25,71.38694638694638
2025-08-23,374,3,6.01,21.0,14.99,71.38095238095238
2026-07-17,412,0,26.33,92.0,65.67,71.38043478260869
2025-12-26,330,3,323.87,189.0,134.87,71.35978835978837
2026-07-15,353,0,11.17,39.0,27.83,71.35897435897436
2025-07-24,348,5,349.55,204.0,145.55,71.34803921568627
2026-05-11,404,2,37.83,132.0,94.17,71.3409090909091
2026-04-28,482,2,10.28,6.0,4.279999999999999,71.33333333333333
2026-05-13,318,3,66.82,39.0,27.819999999999993,71.33333333333331
2025-11-06,490,0,359.79,210.0,149.79000000000002,71.32857142857144
2026-01-18,507,4,136.5,476.0,339.5,71.32352941176471
2025-08-28,441,0,313.52,183.0,130.51999999999998,71.3224043715847
2026-04-17,481,1,152.47,89.0,63.47,71.31460674157303
2026-04-26,398,0,878.83,513.0,365.83000000000004,71.31189083820664
2025-08-06,315,0,145.45,507.0,361.55,71.31163708086785
2025-08-10,320,6,481.38,281.0,200.38,71.30960854092527
2025-10-24,374,2,17.13,10.0,7.129999999999999,71.29999999999998
2026-06-02,509,7,159.3,93.0,66.30000000000001,71.29032258064517
2025-10-04,304,2,1241.83,725.0,516.8299999999999,71.28689655172413
2026-03-05,516,0,272.26,948.0,675.74,71.28059071729957
2026-01-27,301,2,220.95,129.0,91.94999999999999,71.27906976744185
2026-02-17,364,1,186.69,109.0,77.69,71.27522935779817
2025-09-25,327,2,178.12,104.0,74.12,71.26923076923077
2025-10-13,501,0,604.54,353.0,251.53999999999996,71.25779036827194
2026-06-26,463,1,125.33,436.0,310.67,71.2545871559633
2025-08-24,315,3,2.3,8.0,5.7,71.25
2025-12-22,325,1,164.39,96.0,68.38999999999999,71.23958333333333
2025-09-28,333,0,3089.13,1804.0,1285.13,71.23780487804878
2025-09-11,463,0,318.5,186.0,132.5,71.23655913978494
2026-06-20,505,2,37.11,129.0,91.89,71.23255813953489
2026-07-09,477,1,3.74,13.0,9.26,71.23076923076923
2026-04-24,302,1,56.39,196.0,139.61,71.2295918367347
2026-03-05,470,0,462.3,270.0,192.3,71.22222222222223
2026-06-05,521,0,7.77,27.0,19.23,71.22222222222221
2025-08-16,318,0,3282.29,1917.0,1365.29,71.22013562858633
2025-10-22,339,2,124.62,433.0,308.38,71.21939953810623
2026-02-15,413,2,301.33,176.0,125.32999999999998,71.21022727272727
2025-10-21,384,2,75.33,44.0,31.33,71.20454545454545
2025-10-20,330,0,1169.32,683.0,486.31999999999994,71.203513909224
2025-11-06,320,5,210.58,123.0,87.58000000000001,71.20325203252034
2026-05-23,522,0,49.82,173.0,123.18,71.20231213872833
2025-10-15,501,1,128.4,75.0,53.400000000000006,71.2
2025-10-20,403,4,80.46,47.0,33.459999999999994,71.19148936170211
2025-08-28,365,0,1263.38,738.0,525.3800000000001,71.18970189701899
2025-10-09,333,3,145.51,85.0,60.50999999999999,71.18823529411765
2025-11-05,412,1,27.95,97.0,69.05,71.18556701030928
2025-11-29,474,0,212.27,124.0,88.27000000000001,71.18548387096774
2026-01-27,419,2,46.22,27.0,19.22,71.18518518518519
2026-04-09,345,3,54.77,190.0,135.23,71.17368421052632
2026-02-27,320,6,61.62,36.0,25.619999999999997,71.16666666666666
2026-07-07,490,1,480.96,281.0,199.95999999999998,71.16014234875443
2025-08-21,348,5,232.77,136.0,96.77000000000001,71.1544117647059
2025-10-25,429,1,1083.36,633.0,450.3599999999999,71.14691943127961
2025-08-21,346,4,150.6,88.0,62.599999999999994,71.13636363636363
2026-07-07,404,1,4.33,15.0,10.67,71.13333333333334
2026-06-29,480,4,41.07,24.0,17.07,71.125
2026-03-19,510,4,223.8,775.0,551.2,71.12258064516129
2026-06-29,272,5,586.94,343.0,243.94000000000005,71.11953352769682
2026-01-18,484,1,422.66,247.0,175.66000000000003,71.1174089068826
2026-07-08,320,8,46.79,162.0,115.21000000000001,71.11728395061729
2025-09-01,445,1,59.89,35.0,24.89,71.11428571428571
2025-10-29,436,1,217.31,127.0,90.31,71.11023622047244
2026-01-03,435,0,395.26,231.0,164.26,71.10822510822511
2025-10-24,317,2,193.35,113.0,80.35,71.10619469026548
2026-07-11,288,5,140.3,82.0,58.30000000000001,71.09756097560978
2026-05-31,291,2,148.85,87.0,61.849999999999994,71.0919540229885
2026-03-20,439,0,451.68,264.0,187.68,71.0909090909091
2026-04-19,501,1,114.63,67.0,47.629999999999995,71.08955223880596
2025-12-17,410,0,58.17,34.0,24.17,71.08823529411765
2025-08-18,371,2,6.65,23.0,16.35,71.08695652173914
2025-10-20,382,0,417.8,1445.0,1027.2,71.08650519031143
2025-09-01,445,0,59.88,35.0,24.880000000000003,71.0857142857143
2026-07-21,476,0,160.82,94.0,66.82,71.08510638297871
2025-08-18,407,0,631.3,369.0,262.29999999999995,71.08401084010839
2025-08-17,473,0,532.06,311.0,221.05999999999995,71.08038585209002
2025-09-01,474,0,22.56,78.0,55.44,71.07692307692307
2025-11-06,482,1,92.38,54.0,38.379999999999995,71.07407407407406
2025-09-01,474,1,22.57,78.0,55.43,71.06410256410255
2026-03-21,502,1,1075.94,629.0,446.94000000000005,71.0556438791733
2026-06-01,511,0,622.63,364.0,258.63,71.05219780219781
2026-07-02,400,3,34.21,20.0,14.21,71.05
2025-11-06,490,1,359.2,210.0,149.2,71.04761904761904
2026-05-18,482,0,78.68,46.0,32.68000000000001,71.04347826086958
2026-05-31,289,4,59.86,35.0,24.86,71.02857142857142
2026-03-05,507,1,133.4,78.0,55.400000000000006,71.02564102564102
2026-06-06,339,2,815.79,477.0,338.78999999999996,71.0251572327044
2025-12-25,448,0,182.03,628.0,445.97,71.01433121019109
2025-11-05,412,0,28.12,97.0,68.88,71.01030927835052
2025-11-29,474,1,212.05,124.0,88.05000000000001,71.00806451612904
2026-03-05,516,5,3.77,13.0,9.23,71.00000000000001
2026-05-30,334,2,17.1,10.0,7.100000000000001,71.00000000000001
2026-02-25,509,1,8.55,5.0,3.5500000000000007,71.00000000000001
2026-03-05,516,12,4.06,14.0,9.940000000000001,71.00000000000001
2026-07-14,348,7,0.58,2.0,1.42,71.0
2025-09-03,448,2,1.16,4.0,2.84,71.0
2025-11-24,363,0,1730.45,1012.0,718.45,70.99308300395258
2025-10-27,413,2,193.22,113.0,80.22,70.99115044247787
2026-07-01,528,1,131.65,77.0,54.650000000000006,70.97402597402598
2025-12-30,308,1,140.78,485.0,344.22,70.97319587628867
2025-09-06,473,1,176.1,103.0,73.1,70.97087378640776
2026-03-04,466,0,114.55,67.0,47.55,70.97014925373134
2026-03-04,316,3,148.74,87.0,61.74000000000001,70.96551724137932
2026-04-23,336,4,90.61,53.0,37.61,70.9622641509434
2026-07-22,456,0,119.67,70.0,49.67,70.95714285714287
2026-01-19,374,4,37.61,22.0,15.61,70.95454545454545
2026-06-17,509,3,11.91,41.0,29.09,70.95121951219512
2026-02-02,469,1,167.53,98.0,69.53,70.94897959183673
2025-08-28,346,1,56.41,33.0,23.409999999999997,70.93939393939392
2025-08-16,294,2,668.35,391.0,277.35,70.93350383631714
2026-01-17,288,5,85.46,50.0,35.459999999999994,70.91999999999999
2026-05-16,509,4,20.51,12.0,8.510000000000002,70.91666666666669
2025-08-28,331,0,2110.72,1235.0,875.7199999999998,70.9085020242915
2025-10-10,361,5,64.94,38.0,26.939999999999998,70.89473684210526
2025-08-23,288,6,20.96,72.0,51.04,70.88888888888889
2026-05-28,482,1,99.11,58.0,41.11,70.87931034482759
2026-01-05,388,7,169.17,99.0,70.16999999999999,70.87878787878786
2025-09-11,334,2,13.67,8.0,5.67,70.875
2026-06-21,363,1,377.63,221.0,156.63,70.87330316742081
2026-06-21,513,1,211.17,725.0,513.83,70.87310344827587
2025-10-10,279,1,64.93,38.0,26.930000000000007,70.86842105263159
2025-10-10,283,2,268.24,157.0,111.24000000000001,70.85350318471339
2026-07-22,456,1,119.59,70.0,49.59,70.84285714285716
2025-08-30,383,1,32.46,19.0,13.46,70.84210526315789
2026-07-09,361,4,9.04,31.0,21.96,70.83870967741936
2025-12-28,348,3,1001.11,586.0,415.11,70.83788395904436
2026-04-02,509,3,10.25,6.0,4.25,70.83333333333334
2025-10-26,325,2,919.08,538.0,381.08000000000004,70.83271375464685
2025-10-21,336,2,13.42,46.0,32.58,70.82608695652173
2025-10-23,301,1,522.72,306.0,216.72000000000003,70.82352941176472
2025-10-31,355,4,158.16,542.0,383.84000000000003,70.81918819188192
2026-05-11,409,2,44.41,26.0,18.409999999999997,70.80769230769229
2025-08-18,407,1,630.26,369.0,261.26,70.80216802168022
2026-06-12,456,0,141.76,83.0,58.75999999999999,70.79518072289156
2026-01-19,320,5,191.29,112.0,79.28999999999999,70.79464285714285
2026-06-23,318,2,107.6,63.0,44.599999999999994,70.79365079365078
2026-04-03,467,0,99.62,341.0,241.38,70.78592375366568
2025-10-30,392,2,235.67,138.0,97.66999999999999,70.77536231884058
2026-02-19,362,3,232.25,136.0,96.25,70.77205882352942
2026-01-06,332,5,157.11,92.0,65.11000000000001,70.7717391304348
2025-10-23,317,2,245.91,144.0,101.91,70.77083333333333
2025-07-25,359,0,240.77,141.0,99.77000000000001,70.75886524822695
2025-11-19,319,6,104.16,61.0,43.16,70.75409836065573
2025-09-11,409,2,1.17,4.0,2.83,70.75
2025-10-26,398,3,525.9,308.0,217.89999999999998,70.74675324675323
2025-08-15,288,6,138.3,81.0,57.30000000000001,70.74074074074076
2025-08-05,412,0,58.05,34.0,24.049999999999997,70.73529411764706
2025-09-19,419,0,109.27,64.0,45.269999999999996,70.734375
2026-04-03,467,1,99.8,341.0,241.2,70.73313782991202
2026-04-04,384,2,88.78,52.0,36.78,70.73076923076923
2026-03-17,338,2,75.12,44.0,31.120000000000005,70.72727272727273
2026-07-10,441,0,2.05,7.0,4.95,70.71428571428572
2026-03-08,448,2,6.15,21.0,14.85,70.71428571428571
2025-08-09,369,1,944.03,553.0,391.03,70.71066907775769
2026-04-07,505,3,29.02,17.0,12.02,70.70588235294117
2026-07-21,476,1,160.46,94.0,66.46000000000001,70.70212765957447
2025-10-24,361,4,97.3,57.0,40.3,70.7017543859649
2026-07-04,335,0,1181.25,692.0,489.25,70.70086705202311
2026-05-12,339,3,95.59,56.0,39.59,70.69642857142858
2026-06-27,510,6,855.16,501.0,354.15999999999997,70.69061876247504
2025-08-16,282,5,213.36,125.0,88.36000000000001,70.688
2026-04-16,333,0,923.41,541.0,382.40999999999997,70.68576709796672
2026-02-24,386,2,32.43,19.0,13.43,70.68421052631578
2025-10-29,475,2,98.99,58.0,40.989999999999995,70.67241379310344
2025-10-08,403,3,129.71,76.0,53.71000000000001,70.67105263157896
2026-05-16,272,5,194.17,662.0,467.83000000000004,70.66918429003022
2026-02-05,480,6,66.56,39.0,27.560000000000002,70.66666666666667
2025-11-10,409,2,0.88,3.0,2.12,70.66666666666667
2026-02-05,315,3,0.88,3.0,2.12,70.66666666666667
2026-04-17,341,2,317.43,186.0,131.43,70.66129032258065
2025-09-06,373,5,211.62,124.0,87.62,70.66129032258065
2026-07-02,520,4,22.89,78.0,55.11,70.65384615384616
2026-01-17,509,0,1158.67,679.0,479.6700000000001,70.64359351988219
2026-06-28,414,1,465.83,273.0,192.82999999999998,70.63369963369964
2025-12-23,362,1,13.65,8.0,5.65,70.625
2025-10-21,373,0,2939.73,1723.0,1216.73,70.6169471851422
2026-06-08,320,5,235.45,138.0,97.44999999999999,70.6159420289855
2025-10-21,502,1,537.44,315.0,222.44000000000005,70.61587301587304
2026-07-13,336,6,134.78,79.0,55.78,70.60759493670886
2026-07-10,429,1,187.05,636.0,448.95,70.58962264150944
2025-07-25,359,1,240.53,141.0,99.53,70.58865248226951
2025-09-07,330,2,945.06,554.0,391.05999999999995,70.5884476534296
2025-10-06,389,1,329.23,193.0,136.23000000000002,70.58549222797929
2025-12-19,339,4,85.29,50.0,35.290000000000006,70.58000000000001
2025-08-28,411,0,194.46,114.0,80.46000000000001,70.57894736842107
2026-01-10,405,1,21.48,73.0,51.519999999999996,70.57534246575342
2026-03-30,509,3,6.18,21.0,14.82,70.57142857142857
2026-05-15,480,6,47.76,28.0,19.759999999999998,70.57142857142857
2025-10-20,492,0,126.22,74.0,52.22,70.56756756756756
2026-01-18,484,0,421.28,247.0,174.27999999999997,70.5587044534413
2026-06-24,509,4,19.14,65.0,45.86,70.55384615384615
2026-01-30,398,4,165.43,97.0,68.43,70.54639175257734
2025-08-07,347,1,692.4,406.0,286.4,70.54187192118226
2026-05-16,276,1,327.41,192.0,135.41000000000003,70.52604166666669
2025-10-04,442,2,0.59,2.0,1.4100000000000001,70.5
2026-06-02,404,1,2.36,8.0,5.640000000000001,70.5
2025-09-07,374,1,255.74,150.0,105.74000000000001,70.49333333333334
2026-02-09,336,5,167.08,98.0,69.08000000000001,70.48979591836736
2026-06-15,386,2,46.03,27.0,19.03,70.4814814814815
2025-10-20,316,0,1387.71,814.0,573.71,70.48034398034399
2026-01-06,413,2,150.01,88.0,62.00999999999999,70.46590909090908
2025-10-04,282,2,56.25,33.0,23.25,70.45454545454545
2026-05-07,383,2,34.09,20.0,14.090000000000003,70.45000000000002
2025-08-17,419,3,29.85,101.0,71.15,70.44554455445545
2025-08-18,331,0,1712.93,1005.0,707.9300000000001,70.4407960199005
2026-04-16,282,3,42.61,25.0,17.61,70.44
2025-11-26,353,1,124.42,73.0,51.42,70.43835616438356
2026-01-11,481,1,288.04,169.0,119.04000000000002,70.43786982248523
2026-06-28,398,1,105.67,62.0,43.67,70.43548387096774
2025-10-06,281,4,400.51,235.0,165.51,70.42978723404255
2026-05-27,362,2,2.07,7.0,4.93,70.42857142857143
2025-08-09,383,2,76.61,259.0,182.39,70.42084942084942
2025-10-08,429,1,107.97,365.0,257.03,70.41917808219176
2026-02-12,406,2,49.42,29.0,20.42,70.41379310344828
2025-10-27,493,1,165.3,97.0,68.30000000000001,70.41237113402063
2025-10-28,501,1,36.4,123.0,86.6,70.40650406504064
2025-12-25,455,1,255.72,864.0,608.28,70.40277777777777
2026-05-29,467,1,884.34,519.0,365.34000000000003,70.39306358381504
2025-10-20,384,2,43.54,147.0,103.46000000000001,70.3809523809524
2025-09-16,291,4,59.63,35.0,24.630000000000003,70.37142857142857
2026-04-13,501,1,44.15,149.0,104.85,70.36912751677852
2026-05-29,383,1,18.74,11.0,7.739999999999998,70.36363636363635
2025-10-03,484,1,294.72,173.0,121.72000000000003,70.35838150289018
2025-09-06,397,4,228.28,134.0,94.28,70.35820895522387
2026-03-09,389,0,100.51,59.0,41.510000000000005,70.35593220338984
2025-11-22,363,1,186.17,628.0,441.83000000000004,70.35509554140128
2025-08-13,475,1,194.2,114.0,80.19999999999999,70.35087719298244
2025-11-15,470,0,838.12,492.0,346.12,70.34959349593495
2025-11-06,318,1,301.5,177.0,124.5,70.33898305084746
2025-11-23,362,1,45.99,27.0,18.990000000000002,70.33333333333334
2026-07-12,526,1,20.44,12.0,8.440000000000001,70.33333333333334
2025-10-06,480,0,655.76,385.0,270.76,70.32727272727273
2026-06-29,505,3,24.04,81.0,56.96,70.32098765432099
2026-04-07,516,1,27.25,16.0,11.25,70.3125
2025-12-02,320,4,146.46,86.0,60.46000000000001,70.30232558139535
2026-01-18,463,1,391.69,230.0,161.69,70.3
2025-12-25,455,0,256.61,864.0,607.39,70.29976851851852
2025-10-20,331,5,52.87,178.0,125.13,70.29775280898876
2025-08-29,472,0,148.23,499.0,350.77,70.29458917835672
2025-07-31,405,2,11.92,7.0,4.92,70.28571428571428
2025-08-30,382,1,507.43,298.0,209.43,70.2785234899329
2025-10-20,404,1,3.27,11.0,7.73,70.27272727272728
2025-09-06,289,1,126.0,74.0,52.0,70.27027027027027
2025-08-01,279,2,35.68,120.0,84.32,70.26666666666667
2026-03-03,302,1,134.51,79.0,55.50999999999999,70.26582278481011
2026-01-01,485,2,59.59,35.0,24.590000000000003,70.25714285714287
2026-04-26,520,5,1.19,4.0,2.81,70.25
2025-11-03,317,4,88.53,52.0,36.53,70.25
2025-10-06,338,2,88.53,52.0,36.53,70.25
2026-03-05,458,0,93.42,314.0,220.57999999999998,70.24840764331209
2026-03-04,374,0,187.27,110.0,77.27000000000001,70.24545454545455
2025-10-24,356,3,168.54,99.0,69.53999999999999,70.24242424242424
2026-04-06,427,2,56.18,33.0,23.18,70.24242424242424
2025-07-27,316,0,3413.22,2005.0,1408.2199999999998,70.23541147132168
2025-10-06,321,3,204.28,120.0,84.28,70.23333333333333
2025-11-24,410,1,44.26,26.0,18.259999999999998,70.23076923076921
2026-02-02,459,2,149.8,88.0,61.80000000000001,70.22727272727273
2025-11-06,315,1,379.6,223.0,156.60000000000002,70.22421524663677
2026-05-23,448,2,5.36,18.0,12.64,70.22222222222223
2025-08-28,413,1,180.43,106.0,74.43,70.21698113207547
2026-03-05,336,7,32.34,19.0,13.340000000000003,70.2105263157895
2025-12-06,386,2,64.68,38.0,26.680000000000007,70.2105263157895
2026-06-29,321,2,331.91,195.0,136.91000000000003,70.21025641025642
2026-07-20,282,3,51.06,30.0,21.060000000000002,70.2
2026-03-25,519,1,13.71,46.0,32.29,70.19565217391303
2026-03-04,466,1,114.03,67.0,47.03,70.19402985074628
2026-04-09,404,1,4.77,16.0,11.23,70.1875
2026-07-15,283,1,246.77,145.0,101.77000000000001,70.18620689655172
2025-10-24,429,1,117.18,393.0,275.82,70.18320610687022
2026-07-22,405,2,3.28,11.0,7.720000000000001,70.18181818181819
2026-06-29,364,1,318.22,187.0,131.22000000000003,70.17112299465242
2026-01-27,455,1,326.72,192.0,134.72000000000003,70.16666666666667
2026-05-11,362,1,20.42,12.0,8.420000000000002,70.16666666666667
2025-11-06,454,1,699.36,411.0,288.36,70.16058394160585
2025-10-21,502,0,536.0,315.0,221.0,70.15873015873015
2026-04-29,303,2,19.4,65.0,45.6,70.15384615384616
2026-02-21,372,3,137.82,81.0,56.81999999999999,70.14814814814814
2025-10-23,338,0,590.41,347.0,243.40999999999997,70.14697406340056
2026-06-26,479,2,11.91,7.0,4.91,70.14285714285714
2025-12-30,398,2,37.43,22.0,15.43,70.13636363636363
2025-11-04,482,1,52.74,31.0,21.740000000000002,70.12903225806453
2026-07-09,472,2,35.85,120.0,84.15,70.125
2025-10-20,492,1,125.89,74.0,51.89,70.12162162162163
2026-01-27,484,0,182.03,107.0,75.03,70.1214953271028
2026-06-29,370,2,256.88,151.0,105.88,70.11920529801324
2025-11-24,282,3,44.23,26.0,18.229999999999997,70.1153846153846
2026-05-17,327,1,598.8,352.0,246.79999999999995,70.11363636363636
2025-08-24,329,1,142.89,84.0,58.889999999999986,70.10714285714285
2026-07-02,318,1,372.53,219.0,153.52999999999997,70.1050228310502
2026-03-23,357,1,386.13,227.0,159.13,70.1013215859031
2025-10-05,399,1,500.09,294.0,206.08999999999997,70.0986394557823
2025-12-02,480,4,35.72,21.0,14.719999999999999,70.09523809523809
2026-06-15,332,3,227.92,134.0,93.91999999999999,70.08955223880596
2026-01-02,410,1,105.45,62.0,43.45,70.08064516129032
2026-01-02,480,1,282.33,166.0,116.32999999999998,70.07831325301204
2026-02-04,289,2,11.97,40.0,28.03,70.075
2025-08-23,318,3,56.12,33.0,23.119999999999997,70.06060606060606
2026-01-13,419,2,28.91,17.0,11.91,70.05882352941177
2025-11-28,319,8,93.72,313.0,219.28,70.05750798722045
2026-02-21,447,0,219.37,129.0,90.37,70.05426356589147
2025-10-21,288,4,80.0,267.0,187.0,70.0374531835206
2026-07-01,471,0,409.78,241.0,168.77999999999997,70.03319502074687
2025-10-07,398,1,59.51,35.0,24.509999999999998,70.02857142857141
2025-11-06,419,0,120.72,71.0,49.72,70.02816901408451
2026-06-01,511,1,618.9,364.0,254.89999999999998,70.02747252747253
2025-09-24,357,5,11.99,40.0,28.009999999999998,70.02499999999999
2026-06-26,509,1,27.29,91.0,63.71,70.01098901098901
2025-10-22,480,0,775.25,456.0,319.25,70.0109649122807
2025-12-03,480,2,13.6,8.0,5.6,70.0
2026-03-17,348,7,1.7,1.0,0.7,70.0
2025-09-01,348,7,0.6,2.0,1.4,70.0
2025-10-20,374,2,11.9,7.0,4.9,70.0
2026-01-02,374,2,2.7,9.0,6.3,70.0
2025-11-24,362,2,0.3,1.0,0.7,70.0
2026-02-24,404,1,1.5,5.0,3.5,70.0
2025-11-12,362,1,30.6,18.0,12.600000000000001,70.0
2025-09-19,374,2,3.0,10.0,7.0,70.0
2026-05-11,482,0,81.6,48.0,33.599999999999994,69.99999999999999
2026-02-21,503,2,270.29,159.0,111.29000000000002,69.9937106918239
2025-11-11,493,0,193.79,114.0,79.78999999999999,69.99122807017542
2025-10-03,440,0,516.74,304.0,212.74,69.98026315789474
2026-03-07,463,2,126.69,422.0,295.31,69.97867298578198
2026-01-10,281,5,188.67,111.0,77.66999999999999,69.97297297297295
2025-09-19,419,4,44.19,26.0,18.189999999999998,69.96153846153845
2026-07-03,503,1,63.69,212.0,148.31,69.95754716981132
2026-03-10,374,4,35.69,21.0,14.689999999999998,69.95238095238095
2026-03-05,458,1,94.36,314.0,219.64,69.94904458598725
2025-11-06,289,1,118.96,70.0,48.959999999999994,69.94285714285712
2026-03-16,510,5,112.16,66.0,46.16,69.93939393939394
2026-05-16,374,3,4.81,16.0,11.190000000000001,69.93750000000001
2026-04-29,501,2,209.02,123.0,86.02000000000001,69.93495934959351
2026-04-16,304,2,706.91,416.0,290.90999999999997,69.93028846153845
2025-12-25,345,3,112.15,66.0,46.150000000000006,69.92424242424244
2026-06-29,337,3,207.3,122.0,85.30000000000001,69.91803278688525
2026-04-11,414,0,257.52,856.0,598.48,69.9158878504673
2025-09-12,336,7,18.69,11.0,7.690000000000001,69.90909090909092
2026-01-05,484,1,234.47,138.0,96.47,69.90579710144928
2025-09-03,460,0,88.78,295.0,206.22,69.90508474576271
2025-08-30,339,5,423.06,249.0,174.06,69.90361445783134
2025-08-30,362,1,47.57,28.0,19.57,69.89285714285714
2026-06-30,455,0,411.13,242.0,169.13,69.88842975206612
2025-09-01,435,1,159.69,94.0,65.69,69.88297872340425
2025-09-16,347,3,124.01,73.0,51.010000000000005,69.87671232876713
2025-10-18,319,4,13.59,8.0,5.59,69.875
2026-05-13,424,0,13.59,8.0,5.59,69.875
2025-09-06,473,0,174.97,103.0,71.97,69.87378640776699
2026-01-27,412,0,79.84,47.0,32.84,69.87234042553192
2025-11-05,337,0,11.45,38.0,26.55,69.86842105263158
2026-05-17,435,0,120.83,401.0,280.17,69.86783042394016
2025-12-26,471,0,548.67,323.0,225.66999999999996,69.86687306501547
2025-10-08,429,0,110.02,365.0,254.98000000000002,69.85753424657534
2025-08-18,318,5,290.45,171.0,119.44999999999999,69.85380116959064
2026-01-05,484,0,234.39,138.0,96.38999999999999,69.84782608695652
2026-05-17,516,12,17.79,59.0,41.21,69.84745762711864
2026-01-27,484,1,181.73,107.0,74.72999999999999,69.8411214953271
2025-12-26,501,1,95.11,56.0,39.11,69.83928571428571
2025-12-26,288,4,516.3,304.0,212.29999999999995,69.83552631578945
2025-10-26,452,1,236.07,139.0,97.07,69.83453237410072
2025-09-01,281,3,297.21,175.0,122.20999999999998,69.8342857142857
2026-03-28,485,2,44.96,149.0,104.03999999999999,69.82550335570468
2025-12-17,410,1,57.74,34.0,23.740000000000002,69.82352941176471
2025-09-07,290,3,159.63,94.0,65.63,69.81914893617021
2026-02-20,289,1,54.34,32.0,22.340000000000003,69.81250000000001
2026-04-07,507,4,280.18,165.0,115.18,69.80606060606061
2026-06-17,509,1,13.89,46.0,32.11,69.80434782608695
2026-07-21,483,1,580.71,342.0,238.71000000000004,69.79824561403511
2026-04-11,414,1,258.59,856.0,597.4100000000001,69.7908878504673
2026-04-20,282,0,441.45,260.0,181.45,69.78846153846153
2026-01-05,289,5,101.87,60.0,41.870000000000005,69.78333333333335
2025-09-15,460,1,303.91,179.0,124.91000000000003,69.78212290502795
2026-06-03,340,4,774.2,456.0,318.20000000000005,69.78070175438597
2025-10-24,325,3,349.74,206.0,143.74,69.77669902912622
2026-07-01,471,1,409.14,241.0,168.14,69.76763485477177
2025-08-30,374,3,20.88,69.0,48.120000000000005,69.73913043478261
2025-10-26,292,3,437.91,258.0,179.91000000000003,69.73255813953489
2025-09-03,460,1,89.29,295.0,205.70999999999998,69.7322033898305
2026-05-08,479,2,7.87,26.0,18.13,69.73076923076923
2026-07-20,336,6,125.6,74.0,51.599999999999994,69.72972972972971
2026-07-22,509,4,18.67,11.0,7.670000000000002,69.72727272727273
2025-09-25,288,3,98.44,58.0,40.44,69.72413793103448
2026-06-28,414,0,463.32,273.0,190.32,69.71428571428571
2026-01-16,385,1,432.76,255.0,177.76,69.70980392156862
2025-10-21,492,1,102.42,338.0,235.57999999999998,69.69822485207101
2026-07-21,483,0,580.36,342.0,238.36,69.69590643274854
2026-03-04,320,9,232.14,766.0,533.86,69.69451697127937
2025-10-15,382,1,35.46,117.0,81.53999999999999,69.6923076923077
2025-10-21,348,2,130.66,77.0,53.66,69.68831168831169
2026-04-13,403,5,27.15,16.0,11.149999999999999,69.68749999999999
2025-07-26,303,2,81.56,269.0,187.44,69.68029739776952
2025-10-05,399,0,498.86,294.0,204.86,69.68027210884354
2025-11-06,293,2,354.63,209.0,145.63,69.67942583732058
2026-02-23,387,2,16.68,55.0,38.32,69.67272727272727
2025-10-08,291,5,266.38,157.0,109.38,69.6687898089172
2025-12-08,419,4,40.72,24.0,16.72,69.66666666666667
2025-11-02,315,3,0.91,3.0,2.09,69.66666666666667
2026-05-29,309,3,1364.12,804.0,560.1199999999999,69.66666666666666
2025-10-21,492,0,102.59,338.0,235.41,69.64792899408285
2025-08-11,279,1,105.18,62.0,43.18000000000001,69.64516129032259
2025-11-14,448,2,32.48,107.0,74.52000000000001,69.64485981308412
2026-01-07,419,0,156.07,92.0,64.07,69.64130434782608
2025-09-18,388,1,117.05,69.0,48.05,69.63768115942028
2025-10-03,410,0,132.31,78.0,54.31,69.62820512820514
2026-04-16,433,0,269.7,159.0,110.69999999999999,69.62264150943396
2025-12-26,374,4,76.33,45.0,31.33,69.62222222222222
2025-10-21,355,5,81.42,268.0,186.57999999999998,69.61940298507461
2025-08-05,412,1,57.67,34.0,23.67,69.61764705882354
2025-12-10,479,2,3.95,13.0,9.05,69.61538461538463
2026-06-09,523,1,30.53,18.0,12.530000000000001,69.61111111111111
2026-07-08,283,2,30.39,100.0,69.61,69.61
2026-03-06,324,4,210.49,692.0,481.51,69.58236994219654
2026-05-17,435,1,122.03,401.0,278.97,69.56857855361596
2026-03-04,444,0,181.98,598.0,416.02,69.5685618729097
2025-08-21,319,5,50.87,30.0,20.869999999999997,69.56666666666665
2025-11-13,348,4,78.0,46.0,32.0,69.56521739130434
2025-10-23,419,2,66.13,39.0,27.129999999999995,69.56410256410254
2025-08-21,291,6,93.26,55.0,38.260000000000005,69.56363636363638
2025-09-18,426,0,233.99,138.0,95.99000000000001,69.55797101449276
2026-06-23,362,1,15.26,9.0,6.26,69.55555555555554
2026-05-20,296,2,31.06,102.0,70.94,69.54901960784314
2025-09-20,319,7,9.14,30.0,20.86,69.53333333333333
2026-07-10,272,3,366.19,216.0,150.19,69.5324074074074
2026-06-30,455,1,410.26,242.0,168.26,69.52892561983471
2025-10-24,418,2,237.34,140.0,97.34,69.52857142857142
2026-05-30,501,2,145.79,86.0,59.78999999999999,69.52325581395348
2026-04-01,360,2,22.25,73.0,50.75,69.52054794520548
2026-01-26,363,1,118.6,389.0,270.4,69.5115681233933
2025-09-17,409,2,0.61,2.0,1.3900000000000001,69.5
2025-12-26,277,2,3.39,2.0,1.3900000000000001,69.5
2025-08-28,411,1,193.23,114.0,79.22999999999999,69.5
2025-12-02,404,1,3.05,10.0,6.95,69.5
2026-06-12,456,1,140.68,83.0,57.68000000000001,69.49397590361447
2026-02-26,380,1,120.34,71.0,49.34,69.49295774647888
2025-11-05,336,3,75.36,247.0,171.64,69.48987854251013
2026-03-16,508,0,52.54,31.0,21.54,69.48387096774194
2026-01-14,459,1,9.46,31.0,21.54,69.48387096774194
2025-11-17,388,6,42.37,25.0,17.369999999999997,69.47999999999999
2026-06-30,274,3,115.24,68.0,47.239999999999995,69.4705882352941
2026-07-22,291,3,308.43,182.0,126.43,69.46703296703298
2026-07-09,477,0,3.97,13.0,9.03,69.46153846153845
2026-02-26,509,2,93.2,55.0,38.2,69.45454545454545
2025-11-11,289,4,18.64,11.0,7.640000000000001,69.45454545454545
2025-08-28,308,2,145.73,86.0,59.72999999999999,69.453488372093
2026-05-25,340,2,86.42,51.0,35.42,69.45098039215686
2026-06-19,427,0,82.52,270.0,187.48000000000002,69.43703703703704
2025-08-13,315,3,11.86,7.0,4.859999999999999,69.42857142857142
2026-07-10,523,0,32.19,19.0,13.189999999999998,69.42105263157895
2025-10-21,361,6,143.12,468.0,324.88,69.41880341880342
2026-02-23,355,6,89.79,53.0,36.790000000000006,69.41509433962266
2026-07-10,429,0,194.52,636.0,441.48,69.41509433962264
2025-11-04,482,0,69.46,41.0,28.459999999999994,69.41463414634144
2026-07-06,364,1,203.29,120.0,83.28999999999999,69.40833333333333
2025-08-12,494,0,104.04,340.0,235.95999999999998,69.39999999999999
2026-01-27,490,0,310.0,183.0,127.0,69.39890710382514
2026-02-16,320,4,140.6,83.0,57.599999999999994,69.39759036144576
2025-11-11,493,1,193.11,114.0,79.11000000000001,69.39473684210527
2025-08-25,320,3,77.92,46.0,31.92,69.3913043478261
2026-06-08,404,1,5.51,18.0,12.49,69.38888888888889
2026-03-04,334,3,152.45,90.0,62.44999999999999,69.38888888888887
2025-07-27,334,2,42.34,25.0,17.340000000000003,69.36000000000001
2026-02-02,389,0,193.07,114.0,79.07,69.35964912280701
2025-10-29,347,3,110.08,65.0,45.08,69.35384615384615
2025-08-14,282,3,59.27,35.0,24.270000000000003,69.34285714285716
2026-06-06,374,2,11.65,38.0,26.35,69.34210526315789
2026-05-03,321,4,164.26,97.0,67.25999999999999,69.340206185567
2026-02-26,317,2,132.08,78.0,54.08000000000001,69.33333333333334
2026-01-27,371,3,60.96,36.0,24.96,69.33333333333334
2026-04-10,352,2,191.34,113.0,78.34,69.32743362831859
2025-10-05,414,1,480.87,284.0,196.87,69.32042253521126
2025-09-06,334,2,27.09,16.0,11.09,69.3125
2025-08-30,413,1,206.56,122.0,84.56,69.31147540983606
2025-10-29,427,0,98.2,58.0,40.2,69.3103448275862
2026-02-26,291,5,235.34,139.0,96.34,69.30935251798562
2026-02-05,476,0,177.76,105.0,72.75999999999999,69.29523809523809
2026-03-05,516,3,106.86,348.0,241.14,69.29310344827586
2025-09-01,279,1,54.17,32.0,22.17,69.28125
2026-04-01,438,0,362.21,214.0,148.20999999999998,69.25700934579439
2026-03-05,470,1,456.99,270.0,186.99,69.25555555555556
2026-07-12,501,2,140.48,83.0,57.47999999999999,69.25301204819276
2025-09-17,274,6,84.62,50.0,34.620000000000005,69.24000000000001
2026-01-02,382,0,663.39,392.0,271.39,69.23214285714285
2025-11-15,470,1,832.6,492.0,340.6,69.22764227642277
2026-01-27,459,0,169.22,100.0,69.22,69.22
2026-01-25,400,2,67.72,220.0,152.28,69.21818181818182
2025-08-29,290,2,106.6,63.0,43.599999999999994,69.20634920634919
2025-12-07,327,4,412.86,244.0,168.86,69.20491803278689
2025-08-27,388,3,45.58,148.0,102.42,69.2027027027027
2026-04-05,282,2,48.67,158.0,109.33,69.19620253164557
2026-01-31,463,2,338.37,200.0,138.37,69.185
2026-01-29,405,0,37.22,22.0,15.219999999999999,69.18181818181817
2026-03-02,442,2,3.39,11.0,7.609999999999999,69.18181818181817
2025-10-06,318,3,86.28,51.0,35.28,69.17647058823529
2025-11-07,428,0,101.5,60.0,41.5,69.16666666666667
2026-02-19,415,0,140.4,83.0,57.400000000000006,69.1566265060241
2025-10-03,386,3,23.68,14.0,9.68,69.14285714285714
2026-04-24,509,4,11.84,7.0,4.84,69.14285714285714
2026-07-23,425,2,248.64,147.0,101.63999999999999,69.14285714285712
2025-10-10,309,2,302.73,179.0,123.73000000000002,69.12290502793297
2026-03-19,480,1,145.76,472.0,326.24,69.11864406779661
2025-10-28,288,6,42.0,136.0,94.0,69.11764705882352
2025-12-25,374,2,28.75,17.0,11.75,69.11764705882352
2025-08-28,456,0,167.42,99.0,68.41999999999999,69.1111111111111
2026-06-29,344,3,595.24,352.0,243.24,69.10227272727273
2026-06-07,509,4,12.36,40.0,27.64,69.10000000000001
2025-09-01,296,1,257.03,152.0,105.02999999999997,69.0986842105263
2026-05-22,398,3,201.22,119.0,82.22,69.09243697478992
2026-01-16,398,1,93.0,55.0,38.0,69.0909090909091
2025-12-06,503,0,537.68,318.0,219.67999999999995,69.08176100628928
2025-10-04,333,0,1656.99,980.0,676.99,69.08061224489796
2026-03-23,516,7,43.96,26.0,17.96,69.07692307692308
2026-01-18,388,0,2187.84,1294.0,893.8400000000001,69.0757341576507
2026-01-27,403,2,47.34,28.0,19.340000000000003,69.07142857142858
2026-01-05,319,8,148.78,88.0,60.78,69.06818181818181
2026-01-14,282,1,201.19,119.0,82.19,69.0672268907563
2025-10-30,419,2,27.05,16.0,11.05,69.0625
2025-12-05,383,1,9.9,32.0,22.1,69.0625
2026-02-21,392,1,165.68,98.0,67.68,69.06122448979592
2026-05-29,483,0,835.14,494.0,341.14,69.05668016194332
2026-05-08,272,5,143.58,464.0,320.41999999999996,69.0560344827586
2025-12-25,427,2,100.89,326.0,225.11,69.0521472392638
2026-01-14,386,3,37.19,22.0,15.189999999999998,69.04545454545453
2026-04-20,514,0,419.23,248.0,171.23000000000002,69.0443548387097
2026-04-16,433,1,268.78,159.0,109.77999999999997,69.0440251572327
2025-10-25,386,3,50.71,30.0,20.71,69.03333333333333
2025-08-28,352,0,1835.7,1086.0,749.7,69.03314917127072
2026-01-31,435,0,267.07,158.0,109.07,69.03164556962025
2026-01-24,403,2,26.02,84.0,57.980000000000004,69.02380952380953
2025-12-29,427,1,141.98,84.0,57.97999999999999,69.0238095238095
2026-04-01,438,1,361.69,214.0,147.69,69.01401869158879
2026-04-02,421,1,270.42,160.0,110.42000000000002,69.01250000000002
2025-08-30,335,1,162.25,96.0,66.25,69.01041666666666
2025-09-04,449,0,202.81,120.0,82.81,69.00833333333334
2025-10-22,277,2,1.86,6.0,4.14,69.0
2025-12-29,435,1,397.15,235.0,162.14999999999998,69.0
2026-03-10,516,8,10.14,6.0,4.140000000000001,69.0
2025-08-11,409,2,0.93,3.0,2.07,69.0
2026-02-13,374,2,6.76,4.0,2.76,69.0
2026-04-04,509,4,21.97,13.0,8.969999999999999,69.0
2026-04-10,334,2,11.83,7.0,4.83,69.0
2026-07-15,526,2,8.45,5.0,3.4499999999999993,68.99999999999999
2025-08-26,418,0,163.91,97.0,66.91,68.97938144329898
2025-08-16,361,3,920.91,545.0,375.90999999999997,68.97431192660551
2026-03-26,398,1,57.45,34.0,23.450000000000003,68.97058823529413
2026-02-03,346,4,116.58,69.0,47.58,68.95652173913042
2026-06-29,363,4,321.0,190.0,131.0,68.94736842105263
2025-12-04,320,4,123.33,73.0,50.33,68.94520547945206
2026-07-02,440,0,383.5,227.0,156.5,68.94273127753304
2025-11-24,435,0,172.32,102.0,70.32,68.94117647058823
2026-06-09,320,4,141.91,84.0,57.91,68.94047619047619
2026-01-28,419,3,25.34,15.0,10.34,68.93333333333334
2025-08-05,419,1,4.66,15.0,10.34,68.93333333333334
2025-08-28,291,1,251.71,149.0,102.71000000000001,68.93288590604027
2025-12-25,448,2,22.99,74.0,51.010000000000005,68.93243243243245
2025-10-21,363,4,359.82,213.0,146.82,68.92957746478872
2025-08-28,343,2,569.29,337.0,232.28999999999996,68.9287833827893
2025-10-20,327,5,199.33,118.0,81.33000000000001,68.92372881355934
2025-10-10,301,2,87.84,52.0,35.84,68.92307692307693
2026-05-17,282,3,37.3,120.0,82.7,68.91666666666667
2026-05-30,509,1,20.27,12.0,8.27,68.91666666666666
2026-01-02,493,0,449.29,266.0,183.29000000000002,68.90601503759399
2025-08-18,333,3,141.88,84.0,57.879999999999995,68.9047619047619
2025-10-26,452,0,234.77,139.0,95.77000000000001,68.89928057553958
2026-07-03,320,2,295.57,175.0,120.57,68.89714285714285
2026-02-23,289,2,15.2,9.0,6.199999999999999,68.88888888888887
2025-11-01,392,3,246.57,146.0,100.57,68.8835616438356
2026-02-15,339,4,118.21,70.0,48.209999999999994,68.87142857142857
2025-09-18,426,1,233.04,138.0,95.03999999999999,68.8695652173913
2026-01-16,324,1,209.39,124.0,85.38999999999999,68.86290322580643
2026-01-16,301,3,501.48,297.0,204.48000000000002,68.84848484848486
2026-07-03,532,2,12.15,39.0,26.85,68.84615384615384
2026-02-28,282,1,177.28,105.0,72.28,68.83809523809525
2025-11-10,383,1,10.13,6.0,4.130000000000001,68.83333333333334
2026-07-13,433,1,249.87,148.0,101.87,68.83108108108108
2025-09-15,460,0,302.2,179.0,123.19999999999999,68.8268156424581
2025-09-04,449,1,202.59,120.0,82.59,68.825
2025-09-06,345,2,150.25,89.0,61.25,68.82022471910112
2025-11-21,485,2,34.31,110.0,75.69,68.80909090909091
2026-03-25,519,0,14.35,46.0,31.65,68.80434782608695
2026-03-05,361,4,28.7,92.0,63.3,68.80434782608695
2026-06-28,520,1,60.22,193.0,132.78,68.79792746113989
2025-08-18,453,1,421.99,250.0,171.99,68.796
2026-02-19,415,1,140.1,83.0,57.099999999999994,68.79518072289156
2025-10-06,363,2,492.87,292.0,200.87,68.79109589041096
2026-02-13,372,1,117.06,375.0,257.94,68.784
2026-03-04,330,1,396.64,235.0,161.64,68.78297872340426
2026-04-20,519,1,108.02,64.0,44.019999999999996,68.78125
2026-05-19,509,3,15.19,9.0,6.1899999999999995,68.77777777777777
2025-11-03,355,1,43.88,26.0,17.880000000000003,68.76923076923079
2025-12-20,355,1,77.63,46.0,31.629999999999995,68.76086956521739
2025-10-01,315,3,6.75,4.0,2.75,68.75
2025-08-17,473,1,524.69,311.0,213.69000000000005,68.7106109324759
2025-08-05,427,2,52.3,31.0,21.299999999999997,68.70967741935483
2026-05-16,513,1,6.26,20.0,13.74,68.7
2026-06-16,336,2,60.73,36.0,24.729999999999997,68.69444444444443
2026-06-29,337,0,1941.56,1151.0,790.56,68.68462206776715
2026-01-27,319,8,165.31,98.0,67.31,68.68367346938776
2026-01-10,338,2,81.11,259.0,177.89,68.68339768339767
2026-02-12,383,2,12.84,41.0,28.16,68.6829268292683
2026-02-05,476,1,177.11,105.0,72.11000000000001,68.67619047619048
2025-12-26,427,1,253.0,150.0,103.0,68.66666666666667
2026-06-04,404,1,0.94,3.0,2.06,68.66666666666667
2026-01-02,340,4,50.6,30.0,20.6,68.66666666666667
2026-06-26,526,2,10.12,6.0,4.119999999999999,68.66666666666666
2025-10-20,332,6,155.17,92.0,63.16999999999999,68.66304347826086
2026-03-27,314,1,644.28,382.0,262.28,68.65968586387434
2026-03-20,372,4,291.77,173.0,118.76999999999998,68.65317919075143
2026-04-06,273,3,38.79,23.0,15.79,68.65217391304348
2025-10-27,385,4,300.2,178.0,122.19999999999999,68.65168539325842
2026-03-20,439,1,445.23,264.0,181.23000000000002,68.64772727272728
2025-08-28,389,0,278.26,165.0,113.25999999999999,68.64242424242424
2025-12-26,452,1,254.65,151.0,103.65,68.64238410596026
2026-04-17,480,2,168.64,100.0,68.63999999999999,68.63999999999999
2026-04-18,282,3,55.65,33.0,22.65,68.63636363636363
2026-07-02,448,1,261.36,155.0,106.36000000000001,68.61935483870968
2026-06-30,469,0,153.44,91.0,62.44,68.61538461538461
2025-12-12,507,3,46.45,148.0,101.55,68.61486486486487
2025-10-26,302,1,428.28,254.0,174.27999999999997,68.61417322834644
2025-10-24,279,3,244.49,145.0,99.49000000000001,68.61379310344829
2026-03-09,389,1,99.48,59.0,40.480000000000004,68.61016949152543
2025-12-16,419,3,22.29,71.0,48.71,68.6056338028169
2026-06-25,294,3,1080.75,641.0,439.75,68.60374414976599
2026-06-01,362,1,16.86,10.0,6.859999999999999,68.6
2026-02-26,383,1,16.86,10.0,6.859999999999999,68.6
2025-12-05,400,1,261.32,155.0,106.32,68.59354838709677
2026-02-15,427,1,214.11,127.0,87.11000000000001,68.59055118110237
2026-03-20,513,2,247.81,147.0,100.81,68.57823129251702
2026-04-16,297,1,262.98,156.0,106.98000000000002,68.5769230769231
2025-09-01,435,0,158.46,94.0,64.46000000000001,68.57446808510639
2025-11-22,459,1,14.77,47.0,32.230000000000004,68.57446808510639
2026-01-24,405,2,9.43,30.0,20.57,68.56666666666666
2025-09-12,296,2,2.83,9.0,6.17,68.55555555555556
2025-08-26,321,6,60.68,36.0,24.68,68.55555555555556
2026-04-25,315,2,209.0,124.0,85.0,68.54838709677419
2025-11-02,319,4,4.09,13.0,8.91,68.53846153846153
2025-11-06,405,1,43.82,26.0,17.82,68.53846153846153
2026-03-08,459,1,4.72,15.0,10.280000000000001,68.53333333333335
2026-03-30,507,2,89.32,53.0,36.31999999999999,68.52830188679245
2025-08-16,425,0,861.12,511.0,350.12,68.51663405088063
2026-06-17,510,0,1784.56,1059.0,725.56,68.51369216241737
2025-10-28,280,5,142.32,452.0,309.68,68.51327433628319
2025-10-20,282,5,65.72,39.0,26.72,68.51282051282051
2026-02-02,389,1,192.1,114.0,78.1,68.50877192982455
2026-03-05,513,2,153.34,91.0,62.34,68.50549450549451
2025-10-22,409,2,0.63,2.0,1.37,68.5
2025-09-06,351,3,217.36,129.0,88.36000000000001,68.49612403100777
2025-10-04,282,0,584.68,347.0,237.67999999999995,68.49567723342938
2026-07-13,433,0,249.37,148.0,101.37,68.49324324324326
2025-12-22,404,1,11.03,35.0,23.97,68.48571428571428
2025-10-26,385,3,1002.49,595.0,407.49,68.48571428571428
2025-08-22,334,3,259.46,154.0,105.45999999999998,68.48051948051946
2025-10-06,291,4,74.13,44.0,30.129999999999995,68.47727272727272
2026-04-07,361,1,32.01,19.0,13.009999999999998,68.47368421052632
2026-01-31,479,2,8.2,26.0,17.8,68.46153846153847
2025-11-02,386,3,40.43,24.0,16.43,68.45833333333333
2026-01-27,308,3,148.24,88.0,60.24000000000001,68.45454545454547
2026-02-01,348,4,185.3,110.0,75.30000000000001,68.45454545454547
2026-04-01,351,3,101.07,60.0,41.06999999999999,68.44999999999999
2026-06-17,272,0,4989.47,2962.0,2027.4700000000003,68.44935854152601
2026-05-13,480,1,165.08,98.0,67.08000000000001,68.44897959183675
2026-03-30,404,1,2.84,9.0,6.16,68.44444444444444
2026-07-02,440,1,382.35,227.0,155.35000000000002,68.43612334801763
2026-03-22,386,3,38.74,23.0,15.740000000000002,68.43478260869567
2025-11-07,472,2,203.8,121.0,82.80000000000001,68.42975206611571
2026-05-11,289,4,23.58,14.0,9.579999999999998,68.42857142857142
2026-07-08,320,3,42.94,136.0,93.06,68.4264705882353
2026-03-24,356,3,178.53,106.0,72.53,68.4245283018868
2026-04-10,513,1,7.58,24.0,16.42,68.41666666666667
2025-10-15,485,2,20.21,12.0,8.21,68.41666666666667
2025-11-10,289,2,37.05,22.0,15.049999999999997,68.40909090909089
2025-08-30,382,0,789.82,469.0,320.82000000000005,68.40511727078894
2026-06-03,404,1,1.58,5.0,3.42,68.39999999999999
2026-04-02,374,2,8.42,5.0,3.42,68.39999999999999
2026-04-17,509,1,8.42,5.0,3.42,68.39999999999999
2025-09-18,396,3,328.37,195.0,133.37,68.39487179487179
2026-03-03,357,0,971.6,577.0,394.6,68.38821490467937
2025-09-12,315,2,136.39,81.0,55.389999999999986,68.3827160493827
2025-10-06,480,6,116.18,69.0,47.18000000000001,68.37681159420292
2025-08-18,331,6,390.62,232.0,158.62,68.37068965517241
2025-11-01,282,4,69.03,41.0,28.03,68.3658536585366
2025-12-26,279,5,117.85,70.0,47.849999999999994,68.35714285714285
2026-01-27,490,1,308.08,183.0,125.07999999999998,68.34972677595627
2025-11-15,383,1,8.23,26.0,17.77,68.34615384615384
2025-10-25,472,2,430.96,256.0,174.95999999999998,68.34374999999999
2026-01-05,405,2,10.1,6.0,4.1,68.33333333333333
2025-12-20,362,2,5.05,3.0,2.05,68.33333333333333
2026-05-22,405,1,10.1,6.0,4.1,68.33333333333333
2025-11-16,339,3,101.0,60.0,41.0,68.33333333333333
2026-01-05,472,2,265.96,158.0,107.95999999999998,68.32911392405062
2026-01-06,474,0,175.06,104.0,71.06,68.32692307692308
2026-05-29,316,2,341.7,203.0,138.7,68.32512315270935
2026-02-16,510,4,348.43,207.0,141.43,68.32367149758454
2026-03-31,448,2,9.82,31.0,21.18,68.3225806451613
2026-01-20,480,4,42.08,25.0,17.08,68.32
2026-01-27,480,1,176.73,105.0,71.72999999999999,68.3142857142857
2025-10-26,469,1,321.48,191.0,130.48000000000002,68.31413612565446
2025-10-21,382,2,279.4,166.0,113.39999999999998,68.31325301204818
2025-10-03,410,1,131.28,78.0,53.28,68.30769230769232
2025-10-07,409,2,4.12,13.0,8.879999999999999,68.3076923076923
2026-06-09,516,1,43.76,26.0,17.759999999999998,68.3076923076923
2025-08-11,421,1,247.41,147.0,100.41,68.3061224489796
2025-08-24,339,2,377.0,224.0,153.0,68.30357142857143
2026-02-08,480,2,94.46,298.0,203.54000000000002,68.3020134228188
2025-09-20,462,1,212.05,126.0,86.05000000000001,68.29365079365081
2026-06-15,427,1,39.95,126.0,86.05,68.2936507936508
2025-08-28,389,1,277.68,165.0,112.68,68.2909090909091
2025-10-15,272,0,23.56,14.0,9.559999999999999,68.28571428571428
2026-01-08,404,0,98.95,312.0,213.05,68.28525641025641
2026-04-06,282,2,48.8,29.0,19.799999999999997,68.27586206896551
2026-07-15,534,3,9.52,30.0,20.48,68.26666666666667
2026-04-07,297,2,53.84,32.0,21.840000000000003,68.25000000000001
2026-02-12,334,2,6.73,4.0,2.7300000000000004,68.25000000000001
2026-06-29,435,0,274.21,163.0,111.20999999999998,68.22699386503066
2026-01-02,427,0,248.97,148.0,100.97,68.22297297297297
2025-09-23,309,0,3778.27,2246.0,1532.27,68.22217275155833
2026-07-08,320,2,83.61,263.0,179.39,68.20912547528518
2025-09-12,279,3,139.61,83.0,56.610000000000014,68.20481927710846
2026-01-16,319,4,8.41,5.0,3.41,68.2
2025-08-18,346,5,524.77,312.0,212.76999999999998,68.19551282051282
2025-09-15,336,6,112.69,67.0,45.69,68.19402985074626
2025-09-13,340,4,43.26,136.0,92.74000000000001,68.19117647058825
2025-10-27,384,1,37.0,22.0,15.0,68.18181818181817
2026-06-25,404,2,159.77,95.0,64.77000000000001,68.17894736842106
2025-08-09,421,0,1189.02,707.0,482.02,68.17821782178217
2026-04-16,301,2,75.68,45.0,30.680000000000007,68.17777777777779
2026-01-26,371,2,243.84,145.0,98.84,68.16551724137932
2026-03-03,396,3,102.58,61.0,41.58,68.1639344262295
2025-11-10,317,4,94.17,56.0,38.17,68.16071428571429
2026-05-06,340,1,675.99,402.0,273.99,68.15671641791045
2025-09-08,384,1,68.94,41.0,27.939999999999998,68.14634146341463
2025-12-16,405,0,11.15,35.0,23.85,68.14285714285715
2025-08-28,456,1,166.46,99.0,67.46000000000001,68.14141414141415
2025-09-10,427,0,25.49,80.0,54.510000000000005,68.1375
2025-08-29,401,1,221.94,132.0,89.94,68.13636363636364
2025-10-03,439,0,511.13,304.0,207.13,68.13486842105263
2026-02-05,405,2,5.1,16.0,10.9,68.125
2026-07-16,388,7,134.5,80.0,54.5,68.125
2026-01-08,404,2,96.6,303.0,206.4,68.11881188118812
2025-11-07,428,1,100.87,60.0,40.870000000000005,68.11666666666667
2025-12-29,427,0,203.42,121.0,82.41999999999999,68.11570247933884
2025-12-26,437,1,437.1,260.0,177.10000000000002,68.11538461538463
2026-01-25,345,3,73.97,44.0,29.97,68.11363636363636
2026-06-20,482,0,208.46,124.0,84.46000000000001,68.11290322580645
2025-11-27,363,1,30.26,18.0,12.260000000000002,68.11111111111113
2026-05-12,516,12,11.48,36.0,24.52,68.11111111111111
2025-08-25,364,2,171.47,102.0,69.47,68.1078431372549
2026-07-01,337,2,339.57,202.0,137.57,68.1039603960396
2025-08-18,453,0,420.24,250.0,170.24,68.096
2026-04-26,321,6,164.73,98.0,66.72999999999999,68.09183673469387
2026-05-01,374,3,18.49,11.0,7.489999999999998,68.09090909090908
2025-09-07,361,4,134.47,80.0,54.47,68.0875
2026-03-28,519,1,34.79,109.0,74.21000000000001,68.08256880733946
2026-04-05,329,1,62.19,37.0,25.189999999999998,68.08108108108108
2026-06-08,516,7,68.91,41.0,27.909999999999997,68.07317073170731
2026-04-24,405,2,4.47,14.0,9.530000000000001,68.07142857142858
2025-08-22,383,1,23.53,14.0,9.530000000000001,68.07142857142858
2025-10-26,335,2,1186.54,706.0,480.53999999999996,68.06515580736543
2025-11-04,448,2,9.9,31.0,21.1,68.06451612903226
2026-07-08,320,4,40.24,126.0,85.75999999999999,68.06349206349206
2026-01-26,340,4,90.75,54.0,36.75,68.05555555555556
2026-01-02,494,1,257.1,153.0,104.10000000000002,68.03921568627452
2026-05-15,469,0,152.91,91.0,61.91,68.03296703296702
2026-04-29,291,4,53.77,32.0,21.770000000000003,68.03125000000001
2026-06-06,288,6,347.82,207.0,140.82,68.02898550724638
2026-02-02,388,6,58.81,35.0,23.810000000000002,68.02857142857144
2025-11-12,383,2,33.6,20.0,13.600000000000001,68.0
2025-11-23,409,2,1.68,1.0,0.6799999999999999,68.0
2026-02-21,396,4,0.64,2.0,1.3599999999999999,68.0
2026-01-23,374,3,5.04,3.0,2.04,68.0
2025-08-03,380,1,739.2,440.0,299.20000000000005,68.0
2026-03-19,404,1,5.04,3.0,2.04,68.0
2026-03-30,281,5,5.76,18.0,12.24,68.0
2025-07-25,405,2,8.64,27.0,18.36,68.0
2025-08-30,409,2,3.84,12.0,8.16,68.0
2025-10-26,385,6,1053.29,627.0,426.28999999999996,67.98883572567782
2025-12-02,445,0,94.07,56.0,38.06999999999999,67.98214285714285
2025-10-06,331,3,344.35,205.0,139.35000000000002,67.97560975609758
2026-01-14,442,2,13.13,41.0,27.869999999999997,67.97560975609755
2026-04-29,333,2,188.13,112.0,76.13,67.97321428571428
2025-10-25,463,1,330.89,197.0,133.89,67.96446700507613
2025-12-26,452,0,253.6,151.0,102.6,67.94701986754966
2025-10-24,429,0,125.97,393.0,267.03,67.94656488549617
2025-11-07,320,2,218.33,130.0,88.33000000000001,67.94615384615386
2026-07-13,280,4,1372.1,817.0,555.0999999999999,67.94369645042838
2026-07-20,463,2,45.52,142.0,96.47999999999999,67.94366197183098
2026-07-08,362,1,11.22,35.0,23.78,67.94285714285715
2026-02-08,512,2,80.79,252.0,171.20999999999998,67.94047619047619
2025-10-19,404,0,132.67,79.0,53.66999999999999,67.93670886075948
2025-09-05,382,2,136.6,426.0,289.4,67.93427230046947
2025-08-21,480,1,122.59,73.0,49.59,67.93150684931507
2025-08-18,363,3,171.29,102.0,69.28999999999999,67.9313725490196
2025-10-07,318,2,223.34,133.0,90.34,67.92481203007519
2025-12-26,355,2,238.44,142.0,96.44,67.91549295774648
2026-02-11,280,1,38.62,23.0,15.619999999999997,67.91304347826086
2025-08-11,356,2,290.48,173.0,117.48000000000002,67.90751445086707
2026-06-25,304,0,1739.51,1036.0,703.51,67.90637065637065
2026-01-19,480,2,31.9,19.0,12.899999999999999,67.89473684210525
2026-02-23,398,1,43.65,26.0,17.65,67.88461538461537
2025-10-14,405,1,42.72,133.0,90.28,67.8796992481203
2025-12-25,357,5,236.71,141.0,95.71000000000001,67.87943262411348
2025-12-05,404,1,5.14,16.0,10.86,67.875
2026-05-31,511,1,1230.51,733.0,497.51,67.87312414733971
2025-09-02,274,7,7.39,23.0,15.61,67.8695652173913
2025-08-18,292,1,461.62,275.0,186.62,67.86181818181818
2026-01-15,442,2,23.5,14.0,9.5,67.85714285714286
2026-01-02,388,7,288.71,172.0,116.70999999999998,67.85465116279069
2026-01-27,412,1,78.89,47.0,31.89,67.85106382978724
2026-01-31,507,0,272.64,848.0,575.36,67.84905660377359
2026-03-27,427,2,63.78,38.0,25.78,67.84210526315789
2026-06-29,435,1,273.58,163.0,110.57999999999998,67.84049079754601
2025-08-18,318,0,1005.35,599.0,406.35,67.83806343906511
2026-05-18,338,2,62.1,37.0,25.1,67.83783783783784
2026-02-12,318,0,857.64,511.0,346.64,67.83561643835615
2025-08-22,405,2,30.21,18.0,12.21,67.83333333333333
2025-08-16,426,0,810.61,483.0,327.61,67.82815734989647
2026-02-02,426,0,382.64,228.0,154.64,67.82456140350877
2026-02-02,423,1,374.24,223.0,151.24,67.8206278026906
2026-04-01,320,4,120.83,72.0,48.83,67.81944444444444
2026-04-17,480,1,203.06,121.0,82.06,67.81818181818183
2026-05-16,276,0,322.21,192.0,130.20999999999998,67.81770833333333
2025-10-21,369,2,219.6,682.0,462.4,67.80058651026393
2025-11-05,319,4,1.61,5.0,3.3899999999999997,67.8
2025-10-08,305,1,1144.39,682.0,462.3900000000001,67.79912023460412
2026-03-24,355,6,72.15,43.0,29.150000000000006,67.79069767441862
2025-10-05,467,0,1568.84,935.0,633.8399999999999,67.7903743315508
2026-05-10,448,2,12.24,38.0,25.759999999999998,67.78947368421052
2026-07-21,509,1,14.5,45.0,30.5,67.77777777777779
2025-10-12,405,2,36.91,22.0,14.909999999999997,67.77272727272727
2026-07-19,303,1,72.14,43.0,29.14,67.76744186046511
2026-03-04,392,4,51.25,159.0,107.75,67.76729559748428
2026-04-07,320,6,55.36,33.0,22.36,67.75757575757576
2025-08-21,319,2,62.07,37.0,25.07,67.75675675675676
2026-02-28,438,0,430.82,1336.0,905.1800000000001,67.75299401197606
2026-01-27,385,4,291.89,174.0,117.88999999999999,67.75287356321839
2026-02-10,374,3,6.71,4.0,2.71,67.75
2026-04-08,345,2,29.35,91.0,61.65,67.74725274725274
2026-03-16,508,1,52.0,31.0,21.0,67.74193548387096
2026-06-01,319,5,55.35,33.0,22.35,67.72727272727273
2025-10-04,357,6,597.1,356.0,241.10000000000002,67.7247191011236
2025-10-16,448,2,30.34,94.0,63.66,67.72340425531914
2025-10-20,368,3,575.29,343.0,232.28999999999996,67.72303206997083
2025-11-02,282,4,80.7,250.0,169.3,67.72
2026-05-06,405,1,11.74,7.0,4.74,67.71428571428572
2026-05-28,419,4,28.51,17.0,11.510000000000002,67.70588235294119
2026-02-03,480,3,225.09,697.0,471.90999999999997,67.70588235294117
2025-08-08,487,2,95.28,295.0,199.72,67.70169491525424
2025-10-24,459,0,273.35,163.0,110.35000000000002,67.69938650306749
2026-07-20,337,6,155.96,93.0,62.96000000000001,67.69892473118281
2025-07-30,332,7,115.71,69.0,46.709999999999994,67.69565217391303
2026-02-28,438,1,431.59,1336.0,904.4100000000001,67.69535928143713
2026-06-29,469,0,218.0,130.0,88.0,67.6923076923077
2025-09-05,486,0,50.76,157.0,106.24000000000001,67.66878980891721
2025-09-21,396,4,0.97,3.0,2.0300000000000002,67.66666666666667
2025-10-13,336,4,55.33,33.0,22.33,67.66666666666666
2025-08-10,320,8,725.97,433.0,292.97,67.66050808314088
2025-10-26,320,7,860.09,513.0,347.09000000000003,67.6588693957115
2025-09-12,308,2,127.42,76.0,51.42,67.65789473684211
2026-01-05,341,1,335.31,200.0,135.31,67.655
2026-05-10,509,1,18.44,57.0,38.56,67.64912280701755
2026-01-06,474,1,174.35,104.0,70.35,67.64423076923076
2025-12-04,426,0,236.37,141.0,95.37,67.63829787234043
2026-05-24,448,2,15.21,47.0,31.79,67.63829787234043
2025-08-22,295,0,447.57,267.0,180.57,67.62921348314606
2026-05-03,459,1,2.59,8.0,5.41,67.625
2025-10-08,460,0,549.76,328.0,221.76,67.60975609756098
2025-10-09,305,3,175.99,105.0,70.99000000000001,67.60952380952382
2025-11-06,320,4,204.48,122.0,82.47999999999999,67.60655737704917
2025-08-28,343,0,1577.15,941.0,636.1500000000001,67.60361317747079
2026-06-11,516,3,251.39,150.0,101.38999999999999,67.59333333333333
2025-11-12,288,4,127.37,76.0,51.370000000000005,67.5921052631579
2025-10-27,308,5,291.61,174.0,117.61000000000001,67.5919540229885
2025-09-05,486,1,50.89,157.0,106.11,67.5859872611465
2026-02-07,315,3,3.89,12.0,8.11,67.58333333333333
2025-10-04,333,3,393.82,235.0,158.82,67.58297872340425
2025-12-03,339,3,47.98,148.0,100.02000000000001,67.58108108108108
2026-06-02,321,6,67.03,40.0,27.03,67.575
2026-07-08,272,4,11.73,7.0,4.73,67.57142857142858
2025-10-03,308,2,211.14,126.0,85.13999999999999,67.57142857142856
2025-10-27,383,2,77.07,46.0,31.069999999999993,67.54347826086955
2025-08-16,351,1,762.31,455.0,307.30999999999995,67.54065934065933
2026-06-01,454,0,981.78,586.0,395.78,67.53924914675767
2026-06-11,510,3,214.45,128.0,86.44999999999999,67.53906249999999
2026-04-08,479,2,9.09,28.0,18.91,67.53571428571429
2026-01-27,423,0,388.67,232.0,156.67000000000002,67.53017241379311
2026-01-12,308,9,257.99,154.0,103.99000000000001,67.52597402597404
2026-01-05,460,1,393.68,235.0,158.68,67.52340425531915
2026-06-27,386,3,48.58,29.0,19.58,67.51724137931035
2026-04-10,438,0,356.81,213.0,143.81,67.51643192488262
2026-04-15,331,5,58.63,35.0,23.630000000000003,67.51428571428573
2025-12-26,327,4,244.57,146.0,98.57,67.51369863013699
2026-01-05,502,1,531.01,317.0,214.01,67.51104100946372
2025-08-23,410,0,81.56,251.0,169.44,67.50597609561753
2026-03-30,320,8,142.38,85.0,57.379999999999995,67.50588235294117
2025-12-30,494,2,46.15,142.0,95.85,67.5
2026-03-02,509,6,3.35,2.0,1.35,67.5
2025-08-29,315,3,1.3,4.0,2.7,67.5
2026-05-29,496,0,1050.21,627.0,423.21000000000004,67.4976076555024
2025-10-21,289,5,47.13,145.0,97.87,67.49655172413793
2025-10-03,334,1,718.55,429.0,289.54999999999995,67.49417249417249
2026-07-01,385,3,413.7,247.0,166.7,67.48987854251011
2026-01-13,351,1,153.78,473.0,319.22,67.48837209302326
2025-08-29,401,0,221.08,132.0,89.08000000000001,67.4848484848485
2025-12-11,482,2,10.08,31.0,20.92,67.48387096774195
2025-12-25,348,1,539.04,1657.0,1117.96,67.46891973445986
2025-08-20,338,2,105.5,63.0,42.5,67.46031746031747
2025-09-01,296,0,267.93,160.0,107.93,67.45625000000001
2025-10-05,414,0,475.56,284.0,191.56,67.45070422535211
2025-10-06,418,1,60.28,36.0,24.28,67.44444444444446
2025-12-27,405,0,97.02,298.0,200.98000000000002,67.44295302013424
2026-05-29,445,0,87.07,52.0,35.06999999999999,67.44230769230768
2025-10-30,483,0,447.07,267.0,180.07,67.44194756554307
2026-02-19,419,3,26.79,16.0,10.79,67.4375
2025-12-24,463,1,681.46,407.0,274.46000000000004,67.43488943488944
2026-06-04,472,1,269.57,161.0,108.57,67.43478260869564
2026-04-06,419,0,77.02,46.0,31.019999999999996,67.43478260869564
2026-02-17,509,4,4.56,14.0,9.440000000000001,67.42857142857144
2026-07-13,535,1,2.28,7.0,4.720000000000001,67.42857142857144
2026-03-04,374,4,35.16,21.0,14.159999999999997,67.42857142857142
2025-10-02,480,4,90.41,54.0,36.41,67.42592592592592
2026-03-28,510,5,242.76,145.0,97.75999999999999,67.42068965517241
2025-10-03,418,2,277.9,166.0,111.89999999999998,67.40963855421685
2026-07-02,449,0,423.54,253.0,170.54000000000002,67.40711462450594
2026-07-18,291,2,107.56,330.0,222.44,67.4060606060606
2025-09-20,462,0,210.93,126.0,84.93,67.40476190476191
2025-08-28,324,0,1394.46,833.0,561.46,67.40216086434575
2026-03-09,320,5,125.55,75.0,50.55,67.39999999999999
2026-03-11,435,0,127.22,76.0,51.22,67.39473684210526
2026-03-05,361,7,166.29,510.0,343.71000000000004,67.39411764705882
2026-07-09,455,0,294.61,176.0,118.61000000000001,67.39204545454545
2025-07-29,361,4,329.74,197.0,132.74,67.38071065989848
2025-08-25,322,1,133.9,80.0,53.900000000000006,67.375
2026-06-04,419,2,18.41,11.0,7.41,67.36363636363637
2026-02-17,482,2,7.18,22.0,14.82,67.36363636363637
2026-05-29,316,1,706.26,422.0,284.26,67.36018957345972
2025-10-08,318,3,75.31,45.0,30.310000000000002,67.35555555555555
2026-05-07,405,2,5.55,17.0,11.45,67.35294117647058
2025-08-29,374,3,8.49,26.0,17.509999999999998,67.34615384615384
2026-04-10,387,2,78.65,47.0,31.650000000000006,67.3404255319149
2026-03-28,519,0,35.6,109.0,73.4,67.33944954128441
2026-02-16,510,2,480.26,287.0,193.26,67.33797909407664
2026-04-09,374,3,10.04,6.0,4.039999999999999,67.33333333333333
2026-05-22,520,5,0.98,3.0,2.02,67.33333333333333
2026-04-10,438,1,356.41,213.0,143.41000000000003,67.32863849765259
2025-10-23,317,4,224.22,134.0,90.22,67.32835820895522
2025-10-21,361,2,223.49,684.0,460.51,67.32602339181287
2025-11-13,317,2,113.78,68.0,45.78,67.32352941176471
2026-02-13,510,1,364.76,218.0,146.76,67.32110091743118
2025-11-09,383,2,105.41,63.0,42.41,67.3174603174603
2025-09-21,482,2,22.23,68.0,45.769999999999996,67.30882352941175
2025-10-26,331,1,1069.08,639.0,430.0799999999999,67.30516431924882
2025-11-06,361,1,61.9,37.0,24.9,67.29729729729729
2026-04-01,273,4,1025.47,613.0,412.47,67.28711256117455
2026-06-03,516,12,11.71,7.0,4.710000000000001,67.28571428571429
2025-11-01,288,6,96.2,294.0,197.8,67.27891156462586
2025-09-26,482,1,55.2,33.0,22.200000000000003,67.27272727272728
2026-02-02,494,2,80.29,48.0,32.290000000000006,67.27083333333334
2026-06-30,469,1,152.21,91.0,61.21000000000001,67.26373626373628
2026-01-15,338,2,77.92,238.0,160.07999999999998,67.26050420168067
2026-01-20,508,0,51.85,31.0,20.85,67.25806451612904
2025-10-20,282,4,58.54,35.0,23.54,67.25714285714287
2025-10-03,343,4,225.78,135.0,90.78,67.24444444444444
2025-10-18,289,4,35.12,21.0,14.119999999999997,67.23809523809523
2026-02-02,403,5,35.12,21.0,14.119999999999997,67.23809523809523
2026-01-13,507,3,82.57,252.0,169.43,67.23412698412699
2026-02-23,346,4,110.37,66.0,44.370000000000005,67.22727272727273
2026-06-26,509,3,24.91,76.0,51.09,67.22368421052633
2026-02-10,431,0,133.77,80.0,53.77000000000001,67.2125
2025-08-26,412,0,55.18,33.0,22.18,67.21212121212122
2025-10-26,469,0,319.37,191.0,128.37,67.20942408376963
2025-09-04,281,5,86.58,264.0,177.42000000000002,67.20454545454547
2026-07-01,452,0,107.01,64.0,43.010000000000005,67.20312500000001
2025-11-17,318,2,125.4,75.0,50.400000000000006,67.2
2026-05-15,469,1,152.14,91.0,61.139999999999986,67.18681318681318
2025-08-09,490,0,911.15,545.0,366.15,67.18348623853211
2026-01-19,427,2,36.78,22.0,14.780000000000001,67.18181818181819
2026-07-16,289,2,18.39,11.0,7.390000000000001,67.18181818181819
2026-03-12,318,3,55.17,33.0,22.17,67.18181818181819
2025-08-23,410,1,82.39,251.0,168.61,67.17529880478088
2025-12-01,389,0,137.08,82.0,55.08000000000001,67.17073170731709
2026-04-10,405,0,30.09,18.0,12.09,67.16666666666666
2026-03-27,388,4,100.3,60.0,40.3,67.16666666666666
2025-12-16,345,3,60.18,36.0,24.18,67.16666666666666
2026-07-02,536,1,10.03,6.0,4.029999999999999,67.16666666666666
2026-05-12,383,0,50.15,30.0,20.15,67.16666666666666
2026-02-19,372,0,683.7,409.0,274.70000000000005,67.16381418092911
2025-10-21,332,3,123.14,375.0,251.86,67.16266666666667
2026-06-07,509,1,10.51,32.0,21.490000000000002,67.15625
2025-12-04,426,1,235.69,141.0,94.69,67.15602836879432
2026-01-29,475,0,44.67,136.0,91.33,67.15441176470588
2026-06-08,291,4,78.56,47.0,31.560000000000002,67.14893617021276
2025-09-01,416,1,217.29,130.0,87.28999999999999,67.14615384615385
2026-06-09,374,2,11.7,7.0,4.699999999999999,67.14285714285714
2026-01-23,451,1,42.06,128.0,85.94,67.140625
2026-01-02,505,3,7.23,22.0,14.77,67.13636363636364
2025-12-02,445,1,93.59,56.0,37.59,67.125
2025-09-09,398,2,13.37,8.0,5.369999999999999,67.12499999999999
2026-03-21,482,2,43.45,26.0,17.450000000000003,67.11538461538463
2025-08-31,348,1,362.64,217.0,145.64,67.11520737327189
2026-07-01,510,3,163.77,98.0,65.77000000000001,67.1122448979592
2026-02-02,463,2,259.01,155.0,104.00999999999999,67.1032258064516
2026-06-06,481,1,135.35,81.0,54.349999999999994,67.09876543209876
2025-11-14,411,0,237.27,142.0,95.27000000000001,67.09154929577466
2025-11-24,435,1,170.42,102.0,68.41999999999999,67.078431372549
2025-08-18,320,5,228.89,137.0,91.88999999999999,67.07299270072991
2025-08-18,344,0,850.4,509.0,341.4,67.07269155206286
2026-07-19,405,2,23.38,71.0,47.620000000000005,67.07042253521126
2025-08-28,346,2,365.87,219.0,146.87,67.06392694063928
2026-04-20,424,1,25.7,78.0,52.3,67.05128205128204
2026-06-02,324,4,177.07,106.0,71.07,67.04716981132076
2025-11-21,479,2,8.24,25.0,16.759999999999998,67.03999999999999
2025-08-15,445,0,253.9,152.0,101.9,67.03947368421052
2026-01-23,451,0,42.19,128.0,85.81,67.0390625
2026-05-27,308,3,91.87,55.0,36.870000000000005,67.03636363636365
2026-07-09,455,1,293.98,176.0,117.98000000000002,67.03409090909092
2025-10-27,338,1,369.14,221.0,148.14,67.03167420814479
2025-07-25,456,0,106.9,64.0,42.900000000000006,67.03125000000001
2026-05-29,445,1,86.85,52.0,34.849999999999994,67.01923076923076
2026-07-08,475,1,93.67,284.0,190.32999999999998,67.01760563380282
2025-08-27,469,1,58.38,177.0,118.62,67.01694915254237
2025-10-21,355,3,234.2,710.0,475.8,67.01408450704226
2026-03-10,289,3,121.92,73.0,48.92,67.01369863013699
2026-04-30,351,3,121.92,73.0,48.92,67.01369863013699
2026-07-04,455,1,489.35,293.0,196.35000000000002,67.01365187713311
2025-10-21,334,1,412.45,1250.0,837.55,67.00399999999999
2026-03-04,448,2,1.67,1.0,0.6699999999999999,67.0
2025-12-15,362,2,0.33,1.0,0.6699999999999999,67.0
2026-03-22,405,1,41.75,25.0,16.75,67.0
2026-07-02,448,0,273.88,164.0,109.88,67.0
2026-07-08,374,3,4.62,14.0,9.379999999999999,67.0
2025-11-18,396,4,0.33,1.0,0.6699999999999999,67.0
2026-03-08,277,2,0.33,1.0,0.6699999999999999,67.0
2025-08-22,315,3,0.99,3.0,2.01,67.0
2025-09-10,371,2,11.55,35.0,23.45,67.0
2026-02-17,373,1,4.62,14.0,9.379999999999999,67.0
2025-09-09,374,3,19.48,59.0,39.519999999999996,66.98305084745762
2026-04-01,273,1,367.36,220.0,147.36,66.98181818181818
2026-03-27,315,2,148.61,89.0,59.610000000000014,66.97752808988766
2025-09-04,425,1,44.59,135.0,90.41,66.97037037037038
2025-09-16,421,0,190.34,114.0,76.34,66.96491228070175
2025-11-06,318,5,330.56,198.0,132.56,66.94949494949495
2025-12-04,280,1,55.09,33.0,22.090000000000003,66.93939393939395
2025-08-13,355,1,55.09,33.0,22.090000000000003,66.93939393939395
2025-09-21,441,1,353.91,212.0,141.91000000000003,66.93867924528303
2026-04-20,424,0,25.79,78.0,52.21,66.93589743589745
2025-10-21,355,4,92.25,279.0,186.75,66.93548387096774
2025-10-22,475,0,485.76,291.0,194.76,66.9278350515464
2026-04-15,507,0,642.67,385.0,257.66999999999996,66.92727272727271
2025-12-29,320,4,258.73,155.0,103.73000000000002,66.9225806451613
2026-01-27,463,0,428.99,257.0,171.99,66.92217898832685
2026-01-27,327,4,85.13,51.0,34.129999999999995,66.92156862745097
2025-08-27,469,0,58.55,177.0,118.45,66.92090395480226
2026-01-31,327,4,123.72,374.0,250.28,66.91978609625669
2025-07-24,476,1,17.87,54.0,36.129999999999995,66.9074074074074
2026-03-25,480,2,106.82,64.0,42.81999999999999,66.90624999999999
2025-08-16,425,1,155.21,93.0,62.21000000000001,66.89247311827958
2025-07-25,456,1,106.8,64.0,42.8,66.875
2026-05-21,400,3,13.35,8.0,5.35,66.875
2025-10-21,366,3,364.42,1100.0,735.5799999999999,66.87090909090908
2025-09-11,484,0,126.82,76.0,50.81999999999999,66.86842105263156
2025-07-26,398,4,225.27,135.0,90.27000000000001,66.86666666666667
2026-01-22,355,3,165.04,498.0,332.96000000000004,66.85943775100402
2026-01-13,507,2,77.22,233.0,155.78,66.85836909871244
2025-12-03,361,1,56.73,34.0,22.729999999999997,66.85294117647058
2026-06-30,315,1,615.65,369.0,246.64999999999998,66.84281842818429
2026-01-20,508,1,51.72,31.0,20.72,66.83870967741935
2026-01-27,274,5,61.73,37.0,24.729999999999997,66.83783783783784
2026-02-10,431,1,133.47,80.0,53.47,66.83749999999999
2025-10-31,307,0,1323.02,793.0,530.02,66.8373266078184
2025-08-19,391,3,105.09,63.0,42.09,66.80952380952382
2026-02-22,346,1,70.06,42.0,28.060000000000002,66.80952380952382
2026-07-19,405,0,132.78,400.0,267.22,66.805
2026-05-23,273,1,161.8,97.0,64.80000000000001,66.80412371134021
2025-12-12,374,3,8.34,5.0,3.34,66.8
2026-05-11,516,5,16.68,10.0,6.68,66.8
2026-04-20,514,1,413.65,248.0,165.64999999999998,66.79435483870967
2025-11-12,319,5,40.03,24.0,16.03,66.79166666666667
2026-01-10,336,2,52.14,157.0,104.86,66.78980891719746
2026-01-02,417,1,221.83,133.0,88.83000000000001,66.78947368421053
2026-07-09,273,2,418.64,251.0,167.64,66.78884462151395
2026-01-15,345,1,1736.23,1041.0,695.23,66.7848222862632
2025-10-03,400,3,38.36,23.0,15.36,66.78260869565217
2026-03-03,451,0,53.37,32.0,21.369999999999997,66.78124999999999
2025-11-13,382,2,118.41,71.0,47.41,66.77464788732394
2026-02-07,371,1,173.44,104.0,69.44,66.76923076923077
2025-11-13,356,3,240.14,144.0,96.13999999999999,66.76388888888887
2025-09-15,308,4,315.17,189.0,126.17000000000002,66.75661375661377
2026-05-21,404,1,1.33,4.0,2.67,66.75
2025-12-25,288,4,420.34,1264.0,843.6600000000001,66.74525316455697
2026-07-04,308,7,390.18,234.0,156.18,66.74358974358975
2025-10-08,290,3,98.37,59.0,39.370000000000005,66.72881355932205
2026-01-29,475,1,31.61,95.0,63.39,66.72631578947369
2026-01-27,374,0,211.74,127.0,84.74000000000001,66.7244094488189
2026-07-19,405,1,109.48,329.0,219.51999999999998,66.72340425531914
2026-05-07,512,1,310.1,186.0,124.10000000000002,66.7204301075269
2026-03-11,435,1,126.7,76.0,50.7,66.71052631578948
2026-02-09,282,3,45.01,27.0,18.009999999999998,66.7037037037037
2026-07-22,353,3,3.33,10.0,6.67,66.7
2026-04-27,278,0,266.71,160.0,106.70999999999998,66.69374999999998
2026-06-07,366,3,1235.18,741.0,494.18000000000006,66.69095816464238
2026-02-19,452,1,44.97,135.0,90.03,66.68888888888888
2026-06-22,516,9,31.67,19.0,12.670000000000002,66.6842105263158
2026-04-14,390,1,281.28,844.0,562.72,66.67298578199052
2026-05-15,374,3,5.0,3.0,2.0,66.66666666666666
2026-02-18,362,1,35.0,21.0,14.0,66.66666666666666
2025-10-05,480,5,700.0,420.0,280.0,66.66666666666666
2026-05-06,281,5,2.0,6.0,4.0,66.66666666666666
2025-10-07,480,3,139.99,84.0,55.99000000000001,66.65476190476191
2026-01-05,331,3,316.64,190.0,126.63999999999999,66.65263157894736
2026-06-10,445,1,28.02,84.0,55.980000000000004,66.64285714285715
2026-01-27,405,0,46.66,28.0,18.659999999999997,66.64285714285712
2025-10-06,480,2,23.33,14.0,9.329999999999998,66.64285714285712
2025-08-21,405,2,13.01,39.0,25.990000000000002,66.64102564102564
2026-04-24,516,5,8.34,25.0,16.66,66.64
2026-07-04,455,0,488.22,293.0,195.22000000000003,66.62798634812287
2025-10-23,321,4,98.31,59.0,39.31,66.62711864406779
2026-03-21,372,4,309.91,186.0,123.91000000000003,66.6182795698925
2025-12-09,280,1,31.38,94.0,62.620000000000005,66.61702127659575
2026-02-12,383,0,20.7,62.0,41.3,66.61290322580645
2026-01-24,335,1,171.6,103.0,68.6,66.60194174757281
2025-08-23,315,3,1.67,5.0,3.33,66.60000000000001
2026-02-19,452,0,45.1,135.0,89.9,66.5925925925926
2026-05-29,316,3,253.22,152.0,101.22,66.59210526315789
2025-10-20,382,2,164.71,493.0,328.28999999999996,66.59026369168356
2025-12-21,355,1,65.49,196.0,130.51,66.58673469387755
2025-12-27,405,1,57.14,171.0,113.86,66.58479532163743
2025-10-26,385,4,776.28,466.0,310.28,66.58369098712446
2026-03-05,516,10,18.38,55.0,36.620000000000005,66.58181818181819
2025-10-28,280,7,20.72,62.0,41.28,66.58064516129032
2026-07-13,502,0,104.61,313.0,208.39,66.57827476038338
2026-07-13,413,1,149.92,90.0,59.91999999999999,66.57777777777777
2026-02-12,509,1,8.69,26.0,17.310000000000002,66.5769230769231
2026-07-13,272,1,476.4,286.0,190.39999999999998,66.57342657342656
2026-04-23,412,0,46.64,28.0,18.64,66.57142857142857
2026-01-18,435,0,764.46,459.0,305.46000000000004,66.54901960784314
2025-12-26,440,0,671.19,403.0,268.19000000000005,66.5483870967742
2025-11-05,482,0,46.84,140.0,93.16,66.54285714285713
2026-05-13,273,5,203.18,122.0,81.18,66.54098360655738
2026-04-04,330,1,852.68,512.0,340.67999999999995,66.53906249999999
2026-05-17,282,2,44.51,133.0,88.49000000000001,66.53383458646617
2026-06-29,449,0,383.02,230.0,153.01999999999998,66.53043478260868
2026-06-14,509,4,28.31,17.0,11.309999999999999,66.52941176470587
2026-05-20,509,4,11.38,34.0,22.619999999999997,66.52941176470587
2025-11-14,411,1,236.47,142.0,94.47,66.5281690140845
2025-09-19,361,1,59.95,36.0,23.950000000000003,66.52777777777779
2026-03-22,421,1,207.61,620.0,412.39,66.51451612903226
2025-09-11,492,0,143.2,86.0,57.19999999999999,66.51162790697673
2025-11-22,362,2,0.67,2.0,1.33,66.5
2025-08-25,303,2,23.45,70.0,46.55,66.49999999999999
2026-01-16,425,2,211.45,127.0,84.44999999999999,66.49606299212597
2026-01-05,472,0,514.46,309.0,205.46000000000004,66.49190938511327
2026-04-03,355,2,74.4,222.0,147.6,66.48648648648648
2026-07-18,442,2,11.06,33.0,21.939999999999998,66.48484848484848
2025-09-12,398,1,54.94,33.0,21.939999999999998,66.48484848484848
2026-07-13,364,3,899.01,540.0,359.01,66.48333333333333
2025-08-29,319,7,9.72,29.0,19.28,66.48275862068967
2026-07-02,449,1,421.2,253.0,168.2,66.48221343873517
2025-08-01,330,3,316.3,190.0,126.30000000000001,66.47368421052632
2025-09-08,336,7,18.44,55.0,36.56,66.47272727272727
2025-11-06,459,2,228.06,137.0,91.06,66.46715328467153
2026-06-29,344,1,146.48,88.0,58.47999999999999,66.45454545454544
2025-10-21,334,0,491.78,1466.0,974.22,66.45429740791269
2025-08-18,330,3,194.75,117.0,77.75,66.45299145299145
2026-06-29,396,2,284.62,171.0,113.62,66.44444444444446
2025-09-15,319,7,14.98,9.0,5.98,66.44444444444446
2026-07-16,526,0,26.63,16.0,10.629999999999999,66.4375
2026-06-17,510,5,179.74,108.0,71.74000000000001,66.42592592592594
2026-06-29,416,0,262.95,158.0,104.94999999999999,66.42405063291137
2026-04-16,333,3,196.37,118.0,78.37,66.41525423728814
2025-11-25,400,3,36.61,22.0,14.61,66.4090909090909
2025-10-28,371,2,88.19,53.0,35.19,66.39622641509433
2025-12-26,471,1,537.45,323.0,214.45000000000005,66.39318885448918
2026-02-02,418,1,64.89,39.0,25.89,66.38461538461539
2026-07-20,336,2,43.26,26.0,17.259999999999998,66.38461538461537
2025-08-15,480,2,136.43,82.0,54.43000000000001,66.3780487804878
2026-03-11,404,1,2.69,8.0,5.3100000000000005,66.375
2026-04-01,468,0,121.45,73.0,48.45,66.36986301369863
2026-07-10,523,1,31.61,19.0,12.61,66.36842105263158
2025-08-15,445,1,252.88,152.0,100.88,66.36842105263158
2026-01-19,463,1,176.35,106.0,70.35,66.36792452830188
2026-04-15,386,3,23.29,14.0,9.29,66.35714285714285
2025-09-06,334,3,312.75,188.0,124.75,66.3563829787234
2026-03-19,273,1,11.44,34.0,22.560000000000002,66.3529411764706
2026-05-28,516,8,11.44,34.0,22.560000000000002,66.3529411764706
2025-07-30,445,0,66.54,40.0,26.540000000000006,66.35000000000002
2025-12-03,348,1,149.71,90.0,59.71000000000001,66.34444444444445
2026-04-15,322,1,153.03,92.0,61.03,66.33695652173913
2025-09-27,319,4,9.98,6.0,3.9800000000000004,66.33333333333334
2026-04-22,509,6,6.06,18.0,11.940000000000001,66.33333333333334
2026-04-01,371,3,54.89,33.0,21.89,66.33333333333333
2026-04-23,459,1,1.01,3.0,1.99,66.33333333333333
2025-08-16,318,4,1057.87,636.0,421.8699999999999,66.3317610062893
2026-02-04,355,1,19.53,58.0,38.47,66.32758620689656
2026-02-03,512,2,33.0,98.0,65.0,66.3265306122449
2026-01-13,293,1,1064.47,640.0,424.47,66.32343750000001
2025-10-16,442,2,9.43,28.0,18.57,66.32142857142857
2026-03-04,319,3,36.59,22.0,14.590000000000003,66.31818181818183
2026-04-18,409,2,41.43,123.0,81.57,66.3170731707317
2026-04-06,482,0,89.81,54.0,35.81,66.31481481481481
2026-01-27,319,6,182.92,110.0,72.91999999999999,66.29090909090908
2026-05-12,522,0,11.64,7.0,4.640000000000001,66.28571428571429
2026-04-23,412,1,46.56,28.0,18.560000000000002,66.28571428571429
2025-11-06,318,4,367.49,221.0,146.49,66.28506787330318
2026-01-05,442,2,17.2,51.0,33.8,66.27450980392156
2025-10-31,476,0,81.62,242.0,160.38,66.27272727272727
2025-08-16,419,4,60.38,179.0,118.62,66.26815642458101
2025-10-29,292,4,219.46,132.0,87.46000000000001,66.25757575757576
2026-06-29,449,1,382.39,230.0,152.39,66.25652173913042
2025-10-24,416,0,324.19,195.0,129.19,66.25128205128205
2025-08-23,374,2,1.35,4.0,2.65,66.25
2025-09-01,416,0,216.12,130.0,86.12,66.24615384615386
2025-11-26,505,2,76.96,228.0,151.04000000000002,66.24561403508773
2026-03-30,516,10,48.21,29.0,19.21,66.24137931034483
2025-12-14,331,5,166.24,100.0,66.24000000000001,66.24000000000001
2026-01-18,435,1,763.0,459.0,304.0,66.23093681917211
2026-01-31,509,4,21.61,13.0,8.61,66.23076923076923
2026-07-23,479,2,6.08,18.0,11.92,66.22222222222223
2025-07-28,293,0,1110.36,668.0,442.3599999999999,66.22155688622753
2025-10-04,304,3,1126.96,678.0,448.96000000000004,66.21828908554572
2025-11-29,403,2,61.5,37.0,24.5,66.21621621621621
2026-04-02,413,1,131.31,79.0,52.31,66.21518987341773
2025-10-31,476,1,81.76,242.0,160.24,66.21487603305786
2025-08-16,337,0,935.78,563.0,372.78,66.21314387211366
2026-05-20,509,3,8.11,24.0,15.89,66.20833333333334
2026-04-27,278,1,265.93,160.0,105.93,66.20625
2026-04-10,419,4,29.74,88.0,58.260000000000005,66.20454545454547
2026-01-04,374,2,5.07,15.0,9.93,66.2
2026-07-15,516,4,91.41,55.0,36.41,66.19999999999999
2026-05-02,370,3,806.05,485.0,321.04999999999995,66.19587628865979
2025-10-21,484,0,239.32,144.0,95.32,66.19444444444444
2026-05-08,389,0,191.12,115.0,76.12,66.19130434782609
2025-07-28,477,0,162.86,98.0,64.86000000000001,66.18367346938777
2025-08-26,412,1,54.84,33.0,21.840000000000003,66.1818181818182
2025-12-25,431,1,603.23,363.0,240.23000000000002,66.17906336088156
2025-10-21,472,2,168.77,499.0,330.23,66.17835671342685
2025-08-29,362,3,121.31,73.0,48.31,66.17808219178083
2026-05-30,472,2,493.53,297.0,196.52999999999997,66.17171717171716
2025-09-19,410,0,58.16,35.0,23.159999999999997,66.17142857142856
2026-05-14,334,2,9.97,6.0,3.9700000000000006,66.16666666666667
2026-02-10,509,6,2.03,6.0,3.97,66.16666666666667
2026-04-02,509,1,9.97,6.0,3.9700000000000006,66.16666666666667
2025-08-26,334,2,19.94,12.0,7.940000000000001,66.16666666666667
2025-11-17,404,1,2.03,6.0,3.97,66.16666666666667
2026-06-01,391,1,284.14,171.0,113.13999999999999,66.16374269005847
2026-05-29,483,1,820.83,494.0,326.83000000000004,66.15991902834008
2025-09-22,343,4,146.22,88.0,58.22,66.1590909090909
2025-10-13,317,4,171.14,103.0,68.13999999999999,66.15533980582524
2025-10-01,336,7,8.8,26.0,17.2,66.15384615384615
2025-10-06,279,4,117.96,71.0,46.959999999999994,66.14084507042253
2025-09-10,318,3,24.92,15.0,9.920000000000002,66.13333333333334
2025-09-11,484,1,126.26,76.0,50.260000000000005,66.13157894736842
2025-11-04,319,7,10.5,31.0,20.5,66.12903225806451
2025-11-13,448,2,13.89,41.0,27.11,66.1219512195122
2025-09-14,336,1,109.64,66.0,43.64,66.12121212121212
2025-11-27,489,0,111.3,67.0,44.3,66.11940298507463
2025-09-21,441,0,352.17,212.0,140.17000000000002,66.1179245283019
2025-09-18,385,6,330.57,199.0,131.57,66.11557788944722
2025-10-23,341,2,320.6,193.0,127.60000000000002,66.11398963730572
2025-08-28,429,0,466.78,281.0,185.77999999999997,66.11387900355871
2026-03-07,417,1,224.25,135.0,89.25,66.11111111111111
2026-03-28,306,1,214.28,129.0,85.28,66.10852713178295
2026-01-02,493,1,441.84,266.0,175.83999999999997,66.10526315789473
2025-08-13,475,2,22.71,67.0,44.29,66.1044776119403
2026-06-30,336,2,48.17,29.0,19.17,66.10344827586208
2026-05-04,319,1,34.88,21.0,13.880000000000003,66.0952380952381
2026-01-14,485,2,25.09,74.0,48.91,66.0945945945946
2026-03-04,512,1,227.54,137.0,90.53999999999999,66.08759124087591
2025-10-03,472,1,385.32,232.0,153.32,66.08620689655173
2026-04-09,289,5,58.13,35.0,23.130000000000003,66.08571428571429
2026-06-10,445,0,28.49,84.0,55.510000000000005,66.08333333333334
2025-11-07,280,7,39.69,117.0,77.31,66.07692307692308
2025-08-30,288,1,205.93,124.0,81.93,66.0725806451613
2025-08-09,290,0,893.43,538.0,355.42999999999995,66.06505576208177
2026-04-25,396,1,85.18,251.0,165.82,66.06374501992032
2025-09-06,370,2,343.74,207.0,136.74,66.05797101449275
2025-08-21,337,3,49.23,145.0,95.77000000000001,66.04827586206898
2026-04-02,419,4,34.87,21.0,13.869999999999997,66.04761904761904
2026-02-07,279,1,111.25,67.0,44.25,66.04477611940298
2025-09-06,470,0,801.99,483.0,318.99,66.04347826086958
2025-10-07,410,1,36.34,107.0,70.66,66.03738317757009
2026-07-01,452,1,106.26,64.0,42.260000000000005,66.03125000000001
2026-07-13,419,3,11.21,33.0,21.79,66.03030303030303
2026-02-17,509,7,111.24,67.0,44.239999999999995,66.02985074626865
2026-06-24,516,6,58.11,35.0,23.11,66.02857142857142
2025-08-28,382,0,592.67,357.0,235.66999999999996,66.01400560224089
2025-10-21,418,2,114.54,337.0,222.45999999999998,66.01186943620178
2025-07-28,477,1,162.69,98.0,64.69,66.01020408163265
2025-11-10,386,2,36.52,22.0,14.520000000000003,66.00000000000001
2026-01-28,334,2,4.98,3.0,1.9800000000000004,66.00000000000001
2026-04-14,459,1,8.3,5.0,3.3000000000000007,66.00000000000001
2026-01-05,289,4,19.92,12.0,7.920000000000002,66.00000000000001
2026-04-27,428,0,94.62,57.0,37.620000000000005,66.0
2026-04-19,516,11,48.28,142.0,93.72,66.0
2026-07-10,353,0,4.76,14.0,9.24,66.0
2026-01-31,404,1,3.74,11.0,7.26,66.0
2025-10-20,330,1,539.5,325.0,214.5,66.0
2026-04-04,345,3,71.38,43.0,28.379999999999995,65.99999999999999
2026-01-21,509,4,23.24,14.0,9.239999999999998,65.99999999999999
2025-09-12,409,2,1.36,4.0,2.6399999999999997,65.99999999999999
2026-02-15,405,1,53.12,32.0,21.119999999999997,65.99999999999999
2026-05-17,272,5,574.63,1690.0,1115.37,65.99822485207099
2026-04-15,512,0,494.63,298.0,196.63,65.98322147651007
2026-03-09,324,0,1001.52,2944.0,1942.48,65.98097826086956
2025-09-04,319,6,58.09,35.0,23.090000000000003,65.97142857142858
2025-10-08,460,1,544.37,328.0,216.37,65.96646341463415
2026-05-09,441,1,297.07,179.0,118.07,65.9608938547486
2026-06-16,427,0,73.19,215.0,141.81,65.95813953488371
2025-11-05,383,1,7.83,23.0,15.17,65.95652173913044
2026-02-18,366,1,721.88,435.0,286.88,65.94942528735632
2026-06-29,416,1,262.2,158.0,104.19999999999999,65.94936708860759
2025-09-18,385,1,250.58,151.0,99.58000000000001,65.94701986754967
2025-10-31,334,3,114.5,69.0,45.5,65.94202898550725
2025-11-29,452,1,204.1,123.0,81.1,65.9349593495935
2026-04-17,407,0,836.3,504.0,332.29999999999995,65.93253968253967
2026-01-06,405,2,4.77,14.0,9.23,65.92857142857143
2025-08-09,421,1,695.24,419.0,276.24,65.92840095465394
2025-08-31,289,2,32.03,94.0,61.97,65.92553191489363
2025-08-14,336,7,27.26,80.0,52.739999999999995,65.92499999999998
2026-05-12,427,1,82.96,50.0,32.959999999999994,65.91999999999999
2025-10-29,463,1,114.48,69.0,45.480000000000004,65.91304347826087
2026-06-27,398,1,22.84,67.0,44.16,65.91044776119402
2026-03-23,336,2,51.43,31.0,20.43,65.90322580645162
2026-07-13,502,1,106.73,313.0,206.26999999999998,65.90095846645366
2025-10-03,440,1,504.33,304.0,200.32999999999998,65.89802631578947
2025-12-25,431,0,602.18,363.0,239.17999999999995,65.88980716253442
2025-11-19,427,0,185.79,112.0,73.78999999999999,65.88392857142857
2025-12-12,427,0,169.2,102.0,67.19999999999999,65.88235294117646
2025-12-18,364,2,223.94,135.0,88.94,65.88148148148149
2025-11-19,319,2,82.94,50.0,32.94,65.88
2026-01-15,318,5,519.2,313.0,206.20000000000005,65.8785942492013
2025-10-08,333,2,212.32,128.0,84.32,65.875
2026-01-14,405,2,13.27,8.0,5.27,65.875
2025-09-11,492,1,142.65,86.0,56.650000000000006,65.87209302325581
2025-12-11,448,2,13.31,39.0,25.689999999999998,65.87179487179486
2025-10-24,416,1,323.45,195.0,128.45,65.87179487179486
2025-10-18,403,1,308.51,186.0,122.50999999999999,65.86559139784946
2025-09-06,373,3,585.5,353.0,232.5,65.86402266288952
2025-08-26,319,7,11.61,7.0,4.609999999999999,65.85714285714285
2026-06-20,509,4,21.51,63.0,41.489999999999995,65.85714285714285
2026-05-17,513,1,16.39,48.0,31.61,65.85416666666667
2025-10-27,413,1,162.53,98.0,64.53,65.8469387755102
2025-11-01,331,5,39.96,117.0,77.03999999999999,65.84615384615384
2025-08-16,344,0,2605.43,1571.0,1034.4299999999998,65.8453214513049
2025-10-06,384,4,267.01,161.0,106.00999999999999,65.84472049689441
2026-06-30,339,5,159.21,96.0,63.21000000000001,65.84375000000001
2025-09-21,334,3,113.08,331.0,217.92000000000002,65.83685800604229
2026-04-22,519,1,65.6,192.0,126.4,65.83333333333333
2025-08-20,391,1,155.88,94.0,61.879999999999995,65.82978723404254
2026-02-21,489,1,164.17,99.0,65.16999999999999,65.82828282828281
2025-10-21,484,1,238.79,144.0,94.78999999999999,65.82638888888889
2026-01-06,318,3,76.28,46.0,30.28,65.82608695652175
2025-10-13,480,1,132.66,80.0,52.66,65.825
2026-03-29,339,3,144.62,423.0,278.38,65.81087470449172
2026-05-09,306,0,84.46,247.0,162.54000000000002,65.80566801619435
2025-12-11,380,1,119.38,72.0,47.379999999999995,65.80555555555556
2026-02-04,480,2,17.1,50.0,32.9,65.8
2026-01-22,303,2,33.16,20.0,13.159999999999997,65.79999999999998
2025-08-14,362,3,218.85,132.0,86.85,65.79545454545455
2025-12-26,279,1,215.53,130.0,85.53,65.79230769230769
2026-01-05,341,0,668.14,403.0,265.14,65.79156327543424
2026-01-18,382,2,570.32,344.0,226.32000000000005,65.79069767441862
2026-02-15,288,2,228.79,138.0,90.78999999999999,65.78985507246377
2025-10-02,357,4,432.71,261.0,171.70999999999998,65.78927203065133
2025-11-01,373,5,243.71,147.0,96.71000000000001,65.78911564625851
2025-10-22,448,2,23.21,14.0,9.21,65.78571428571429
2025-09-04,491,0,278.52,168.0,110.51999999999998,65.78571428571426
2026-06-08,516,10,81.23,49.0,32.230000000000004,65.77551020408164
2026-01-05,336,3,210.52,127.0,83.52000000000001,65.76377952755907
2026-01-25,400,3,80.81,236.0,155.19,65.75847457627118
2026-06-09,366,2,924.91,558.0,366.90999999999997,65.75448028673834
2026-05-09,441,0,296.7,179.0,117.69999999999999,65.75418994413407
2026-02-17,450,0,222.11,134.0,88.11000000000001,65.75373134328359
2026-04-08,336,2,26.52,16.0,10.52,65.75
2026-01-27,423,1,384.53,232.0,152.52999999999997,65.7456896551724
2026-06-30,331,4,497.23,300.0,197.23000000000002,65.74333333333334
2025-11-29,452,0,203.85,123.0,80.85,65.73170731707316
2025-08-06,404,1,3.77,11.0,7.23,65.72727272727273
2025-07-24,476,0,18.51,54.0,35.489999999999995,65.72222222222221
2026-02-01,374,2,7.2,21.0,13.8,65.71428571428571
2025-09-01,482,1,46.4,28.0,18.4,65.71428571428571
2025-11-25,505,3,24.69,72.0,47.31,65.70833333333333
2026-04-22,519,0,65.85,192.0,126.15,65.703125
2025-09-22,320,7,172.33,104.0,68.33000000000001,65.70192307692308
2026-03-17,479,2,6.86,20.0,13.14,65.7
2026-02-23,485,2,38.08,111.0,72.92,65.6936936936937
2026-02-25,340,4,21.54,13.0,8.54,65.69230769230768
2026-07-15,480,1,225.34,136.0,89.34,65.69117647058825
2026-07-21,534,5,5.49,16.0,10.51,65.6875
2026-05-12,513,1,5.49,16.0,10.51,65.6875
2025-09-06,348,0,1877.19,1133.0,744.19,65.68314210061783
2025-08-18,339,3,41.42,25.0,16.42,65.68
2026-07-01,344,0,921.11,556.0,365.11,65.66726618705036
2026-04-09,281,5,10.3,30.0,19.7,65.66666666666666
2025-08-02,277,2,1.03,3.0,1.97,65.66666666666666
2026-06-19,362,2,2.06,6.0,3.94,65.66666666666666
2026-06-22,516,4,107.68,65.0,42.68000000000001,65.66153846153847
2026-04-01,468,1,120.93,73.0,47.93000000000001,65.65753424657535
2025-12-08,503,2,115.96,70.0,45.959999999999994,65.65714285714284
2026-02-15,301,4,636.11,384.0,252.11,65.65364583333334
2026-01-27,332,1,271.67,164.0,107.67000000000002,65.65243902439025
2025-07-30,445,1,66.26,40.0,26.260000000000005,65.65
2025-08-28,391,2,155.71,94.0,61.71000000000001,65.64893617021278
2026-01-16,472,0,485.35,293.0,192.35000000000002,65.64846416382252
2025-08-11,471,0,271.66,164.0,107.66000000000003,65.64634146341464
2026-05-15,384,1,51.35,31.0,20.35,65.64516129032259
2026-03-05,279,2,34.7,101.0,66.3,65.64356435643563
2026-07-05,537,1,58.75,171.0,112.25,65.64327485380117
2026-01-16,397,4,137.48,83.0,54.47999999999999,65.63855421686746
2025-12-28,348,6,369.42,1075.0,705.5799999999999,65.63534883720929
2025-10-29,427,1,62.94,38.0,24.939999999999998,65.63157894736842
2025-09-07,391,2,334.57,202.0,132.57,65.62871287128712
2026-05-13,424,1,13.25,8.0,5.25,65.625
2026-07-11,425,1,154.03,93.0,61.03,65.6236559139785
2025-12-29,320,7,529.99,320.0,209.99,65.621875
2025-08-18,291,4,69.56,42.0,27.560000000000002,65.61904761904762
2026-05-26,281,5,33.01,96.0,62.99,65.61458333333333
2026-04-18,405,2,6.19,18.0,11.809999999999999,65.61111111111111
2025-12-17,472,2,152.36,92.0,60.360000000000014,65.60869565217394
2026-03-04,332,0,1087.99,657.0,430.99,65.59969558599695
2026-05-30,512,2,150.69,91.0,59.69,65.59340659340658
2025-10-05,347,2,813.02,491.0,322.02,65.58452138492872
2025-09-06,280,1,24.78,72.0,47.22,65.58333333333333
2026-06-17,356,1,854.41,516.0,338.40999999999997,65.58333333333333
2026-01-02,320,7,367.57,222.0,145.57,65.57207207207207
2025-08-18,480,0,758.32,458.0,300.32000000000005,65.57205240174675
2025-09-19,410,1,57.95,35.0,22.950000000000003,65.57142857142858
2025-08-18,482,0,57.95,35.0,22.950000000000003,65.57142857142858
2025-09-03,480,1,81.13,49.0,32.129999999999995,65.57142857142856
2026-01-18,503,1,187.08,113.0,74.08000000000001,65.55752212389382
2026-02-22,479,2,6.2,18.0,11.8,65.55555555555556
2026-03-28,306,0,213.56,129.0,84.56,65.55038759689923
2025-10-17,337,3,153.96,93.0,60.96000000000001,65.54838709677419
2026-04-04,343,4,398.97,241.0,157.97000000000003,65.54771784232366
2026-06-11,320,5,215.21,130.0,85.21000000000001,65.54615384615386
2025-08-22,303,2,15.85,46.0,30.15,65.54347826086956
2026-03-09,364,2,135.74,82.0,53.74000000000001,65.53658536585367
2025-08-17,340,4,96.01,58.0,38.010000000000005,65.5344827586207
2026-05-02,370,0,1762.9,1065.0,697.9000000000001,65.5305164319249
2026-05-09,306,1,85.14,247.0,161.86,65.53036437246963
2026-02-17,450,1,221.81,134.0,87.81,65.52985074626866
2025-10-25,346,4,388.98,235.0,153.98000000000002,65.52340425531916
2026-03-19,382,2,129.29,375.0,245.71,65.52266666666668
2025-08-17,290,0,817.68,494.0,323.67999999999995,65.52226720647772
2026-06-29,289,2,38.07,23.0,15.07,65.52173913043478
2026-07-02,403,4,144.0,87.0,57.0,65.51724137931035
2026-05-15,279,4,105.92,64.0,41.92,65.5
2025-10-31,380,1,162.19,98.0,64.19,65.5
2026-04-04,404,1,1.38,4.0,2.62,65.5
2025-09-30,409,2,3.31,2.0,1.31,65.5
2026-07-06,482,1,76.13,46.0,30.129999999999995,65.49999999999999
2026-02-26,374,2,9.93,6.0,3.9299999999999997,65.49999999999999
2025-09-14,485,1,116.62,338.0,221.38,65.49704142011834
2025-08-28,429,1,465.04,281.0,184.04000000000002,65.4946619217082
2026-02-02,426,1,377.32,228.0,149.32,65.49122807017544
2026-07-23,320,1,352.49,213.0,139.49,65.48826291079813
2026-06-30,531,0,41.37,25.0,16.369999999999997,65.47999999999999
2025-09-04,491,1,277.99,168.0,109.99000000000001,65.4702380952381
2025-11-28,319,9,109.81,318.0,208.19,65.46855345911949
2025-10-20,372,3,92.23,267.0,174.76999999999998,65.4569288389513
2025-09-22,319,7,18.2,11.0,7.199999999999999,65.45454545454544
2026-01-31,320,4,229.98,139.0,90.97999999999999,65.45323741007194
2025-08-18,382,2,226.67,137.0,89.66999999999999,65.45255474452554
2025-09-05,291,4,59.77,173.0,113.22999999999999,65.45086705202311
2026-05-18,280,1,44.67,27.0,17.67,65.44444444444444
2026-07-02,514,0,567.46,343.0,224.46000000000004,65.44023323615161
2025-09-18,334,3,49.43,143.0,93.57,65.43356643356643
2026-04-18,459,1,2.42,7.0,4.58,65.42857142857143
2026-01-18,347,2,674.9,408.0,266.9,65.41666666666666
2026-04-16,294,1,350.68,212.0,138.68,65.41509433962264
2025-11-05,362,1,15.91,46.0,30.09,65.41304347826087
2026-04-11,445,0,158.79,96.0,62.78999999999999,65.40624999999999
2025-11-27,489,1,110.82,67.0,43.81999999999999,65.40298507462686
2025-09-29,336,7,6.92,20.0,13.08,65.4
2025-12-01,374,2,8.27,5.0,3.2699999999999996,65.39999999999999
2026-04-11,445,1,158.78,96.0,62.78,65.39583333333333
2026-06-30,530,0,97.58,59.0,38.58,65.38983050847457
2025-12-11,494,2,94.27,57.0,37.269999999999996,65.3859649122807
2026-06-19,404,1,4.5,13.0,8.5,65.38461538461539
2026-06-29,531,1,4.5,13.0,8.5,65.38461538461539
2026-03-21,419,0,148.84,90.0,58.84,65.37777777777778
2026-05-12,340,4,49.61,30.0,19.61,65.36666666666666
2025-10-08,400,2,56.22,34.0,22.22,65.35294117647058
2025-07-31,494,0,127.32,77.0,50.31999999999999,65.35064935064933
2026-02-09,319,3,77.71,47.0,30.709999999999994,65.34042553191487
2025-10-11,289,4,29.76,18.0,11.760000000000002,65.33333333333334
2025-09-16,404,1,4.96,3.0,1.96,65.33333333333333
2025-07-28,296,2,1.04,3.0,1.96,65.33333333333333
2025-10-21,493,1,115.11,332.0,216.89,65.32831325301206
2025-12-22,320,8,228.15,138.0,90.15,65.32608695652175
2026-02-05,425,1,12.14,35.0,22.86,65.31428571428572
2026-02-21,489,0,163.66,99.0,64.66,65.31313131313131
2026-03-03,451,1,52.9,32.0,20.9,65.3125
2026-04-03,442,2,10.06,29.0,18.939999999999998,65.31034482758619
2025-11-23,347,3,338.88,205.0,133.88,65.30731707317074
2025-10-20,380,1,175.22,106.0,69.22,65.30188679245283
2025-11-21,289,4,16.53,10.0,6.530000000000001,65.30000000000001
2026-03-14,281,5,10.41,30.0,19.59,65.3
2025-11-04,404,1,2.43,7.0,4.57,65.28571428571429
2025-10-04,333,1,745.43,451.0,294.42999999999995,65.28381374722836
2026-07-08,391,1,138.87,400.0,261.13,65.2825
2025-10-08,352,2,353.7,214.0,139.7,65.28037383177569
2026-03-22,334,3,38.55,111.0,72.45,65.27027027027027
2025-10-22,339,5,236.56,681.0,444.44,65.26284875183553
2026-01-05,502,0,523.88,317.0,206.88,65.26182965299684
2025-11-06,332,1,269.37,163.0,106.37,65.25766871165645
2026-03-14,294,3,1465.79,887.0,578.79,65.25253664036076
2025-08-28,365,2,733.71,444.0,289.71000000000004,65.25000000000001
2025-12-08,362,1,13.22,8.0,5.220000000000001,65.25000000000001
2026-01-11,409,2,1.39,4.0,2.6100000000000003,65.25000000000001
2026-03-05,398,4,112.37,68.0,44.370000000000005,65.25000000000001
2025-10-20,498,0,199.95,121.0,78.94999999999999,65.24793388429751
2026-04-04,392,1,173.51,105.0,68.50999999999999,65.24761904761904
2025-08-11,471,1,271.0,164.0,107.0,65.2439024390244
2026-07-05,537,0,59.44,171.0,111.56,65.23976608187134
2025-08-28,292,1,461.01,279.0,182.01,65.23655913978494
2025-10-07,410,0,37.2,107.0,69.8,65.23364485981308
2025-11-17,504,0,538.65,326.0,212.64999999999998,65.23006134969324
2025-10-13,463,1,155.31,94.0,61.31,65.22340425531915
2025-10-20,357,1,505.57,306.0,199.57,65.21895424836602
2026-03-04,320,1,267.49,769.0,501.51,65.21586475942782
2025-11-05,386,2,22.97,66.0,43.03,65.1969696969697
2025-08-12,319,5,95.81,58.0,37.81,65.1896551724138
2025-10-25,437,1,505.48,306.0,199.48000000000002,65.18954248366013
2025-10-03,412,0,140.41,85.0,55.41,65.18823529411765
2025-10-23,388,4,142.06,86.0,56.06,65.18604651162791
2025-12-26,280,7,242.82,147.0,95.82,65.18367346938774
2026-01-03,348,3,407.97,247.0,160.97000000000003,65.17004048582997
2026-06-08,509,7,127.18,77.0,50.18000000000001,65.16883116883118
2026-01-19,412,0,79.28,48.0,31.28,65.16666666666667
2026-05-31,301,4,625.98,379.0,246.98000000000002,65.16622691292876
2025-10-24,459,2,247.74,150.0,97.74000000000001,65.16000000000001
2026-02-20,510,1,180.02,109.0,71.02000000000001,65.15596330275231
2026-03-05,301,3,118.82,341.0,222.18,65.15542521994135
2026-01-12,418,1,54.5,33.0,21.5,65.15151515151516
2026-03-25,309,3,368.28,223.0,145.27999999999997,65.14798206278026
2026-04-14,472,1,161.72,464.0,302.28,65.14655172413792
2025-12-30,338,2,150.28,91.0,59.28,65.14285714285715
2025-12-23,392,3,196.52,119.0,77.52000000000001,65.14285714285715
2025-09-10,448,2,2.44,7.0,4.5600000000000005,65.14285714285715
2025-09-22,427,1,18.13,52.0,33.870000000000005,65.13461538461539
2026-05-18,459,1,24.77,15.0,9.77,65.13333333333333
2026-05-22,522,1,36.61,105.0,68.39,65.13333333333333
2026-06-29,292,3,175.04,106.0,69.03999999999999,65.1320754716981
2026-01-02,416,0,625.85,379.0,246.85000000000002,65.13192612137205
2025-12-31,486,1,99.73,286.0,186.26999999999998,65.12937062937063
2026-02-02,475,1,153.57,93.0,60.56999999999999,65.12903225806451
2026-07-08,320,1,151.7,435.0,283.3,65.1264367816092
2026-03-02,344,1,105.68,64.0,41.68000000000001,65.12500000000001
2026-07-04,532,2,30.35,87.0,56.65,65.11494252873563
2026-01-24,357,2,310.41,188.0,122.41000000000003,65.11170212765958
2025-10-06,321,0,1012.11,613.0,399.11,65.10766721044045
2025-08-09,357,6,581.15,352.0,229.14999999999998,65.09943181818181
2026-05-08,389,1,189.86,115.0,74.86000000000001,65.09565217391305
2026-06-25,398,1,18.16,11.0,7.16,65.0909090909091
2026-06-08,419,2,23.04,66.0,42.96,65.0909090909091
2026-07-03,383,0,90.8,55.0,35.8,65.0909090909091
2025-11-17,504,1,538.19,326.0,212.19000000000005,65.08895705521473
2026-03-03,294,2,212.96,129.0,83.96000000000001,65.08527131782947
2025-09-06,318,4,453.98,275.0,178.98000000000002,65.08363636363637
2025-10-23,418,0,427.56,259.0,168.56,65.08108108108108
2026-01-01,494,1,242.36,694.0,451.64,65.07780979827089
2026-02-02,319,3,112.25,68.0,44.25,65.07352941176471
2025-10-21,493,0,115.97,332.0,216.03,65.06927710843374
2025-11-06,446,0,302.07,183.0,119.07,65.0655737704918
2025-08-06,315,1,110.05,315.0,204.95,65.06349206349206
2026-02-26,338,2,59.42,36.0,23.42,65.05555555555556
2026-02-21,319,4,7.69,22.0,14.309999999999999,65.04545454545453
2026-07-14,337,2,372.99,226.0,146.99,65.03982300884957
2025-09-24,371,2,39.51,113.0,73.49000000000001,65.0353982300885
2026-04-27,428,1,94.07,57.0,37.06999999999999,65.03508771929823
2025-08-01,289,1,118.82,72.0,46.81999999999999,65.02777777777777
2026-01-01,463,1,315.81,903.0,587.19,65.02657807308971
2025-10-21,361,1,40.92,117.0,76.08,65.02564102564102
2025-08-28,407,0,729.4,442.0,287.4,65.02262443438913
2025-11-06,446,1,301.99,183.0,118.99000000000001,65.02185792349728
2026-06-30,516,2,77.56,47.0,30.560000000000002,65.02127659574468
2025-10-21,289,0,267.6,765.0,497.4,65.01960784313725
2025-10-06,382,2,260.72,158.0,102.72000000000003,65.01265822784812
2025-12-31,486,0,100.07,286.0,185.93,65.0104895104895
2026-02-04,459,1,4.95,3.0,1.9500000000000002,65.0
2025-09-02,277,2,1.75,5.0,3.25,65.0
2025-12-03,315,3,1.05,3.0,1.95,65.0
2026-07-09,319,4,8.25,5.0,3.25,65.0
2026-06-23,526,1,7.0,20.0,13.0,65.0
2026-05-11,442,2,0.35,1.0,0.65,65.0
2025-09-23,319,4,3.3,2.0,1.2999999999999998,64.99999999999999
2026-01-02,479,2,1.65,1.0,0.6499999999999999,64.99999999999999
2025-11-10,277,2,1.65,1.0,0.6499999999999999,64.99999999999999
2026-04-15,280,3,1004.79,609.0,395.78999999999996,64.99014778325123
2025-11-03,480,6,59.39,36.0,23.39,64.97222222222221
2026-05-29,496,1,1034.37,627.0,407.3699999999999,64.9712918660287
2026-07-20,404,0,31.88,91.0,59.120000000000005,64.96703296703296
2026-04-13,481,1,106.15,303.0,196.85,64.96699669966996
2025-08-18,480,5,239.2,145.0,94.19999999999999,64.9655172413793
2025-08-11,282,3,42.89,26.0,16.89,64.96153846153845
2025-09-26,288,6,9.11,26.0,16.89,64.96153846153845
2026-06-29,475,0,389.3,236.0,153.3,64.95762711864407
2025-11-05,336,7,44.87,128.0,83.13,64.9453125
2025-10-26,308,6,392.56,238.0,154.56,64.94117647058823
2025-10-06,282,5,82.47,50.0,32.47,64.94
2026-04-03,516,4,48.39,138.0,89.61,64.93478260869566
2025-11-28,320,2,218.83,624.0,405.16999999999996,64.93108974358974
2025-12-17,427,2,42.88,26.0,16.880000000000003,64.92307692307693
2025-09-18,480,2,21.44,13.0,8.440000000000001,64.92307692307693
2026-01-22,336,3,122.04,74.0,48.040000000000006,64.91891891891892
2025-09-23,427,2,19.79,12.0,7.789999999999999,64.91666666666666
2026-07-02,336,3,135.23,82.0,53.22999999999999,64.91463414634146
2025-11-06,282,3,37.93,23.0,14.93,64.91304347826087
2025-12-03,374,3,3.86,11.0,7.140000000000001,64.90909090909092
2026-04-21,516,10,51.12,31.0,20.119999999999997,64.9032258064516
2026-05-14,396,2,77.22,220.0,142.78,64.9
2026-06-30,318,4,489.73,297.0,192.73000000000002,64.8922558922559
2025-12-13,470,1,588.65,357.0,231.64999999999998,64.88795518207282
2026-01-24,486,0,115.89,330.0,214.11,64.88181818181819
2025-08-17,484,0,361.09,219.0,142.08999999999997,64.88127853881277
2026-04-29,406,2,44.96,128.0,83.03999999999999,64.875
2025-07-31,272,3,209.38,127.0,82.38,64.86614173228345
2025-10-03,439,1,501.19,304.0,197.19,64.86513157894737
2026-03-05,427,1,93.97,57.0,36.97,64.85964912280701
2025-08-13,429,1,491.26,298.0,193.26,64.85234899328859
2025-11-06,343,4,206.06,125.0,81.06,64.848
2025-08-16,426,1,796.2,483.0,313.20000000000005,64.84472049689441
2025-10-25,437,0,504.42,306.0,198.42000000000002,64.84313725490196
2026-03-08,351,1,520.88,316.0,204.88,64.83544303797468
2025-12-26,360,2,140.11,85.0,55.110000000000014,64.83529411764708
2026-01-10,485,2,40.44,115.0,74.56,64.83478260869565
2026-03-07,448,2,9.89,6.0,3.8900000000000006,64.83333333333334
2025-08-19,289,4,9.89,6.0,3.8900000000000006,64.83333333333334
2025-09-06,348,6,356.03,216.0,140.02999999999997,64.8287037037037
2025-10-29,359,0,153.29,93.0,60.28999999999999,64.8279569892473
2026-01-19,354,1,580.16,352.0,228.15999999999997,64.81818181818181
2025-11-06,373,2,360.95,219.0,141.95,64.81735159817352
2025-08-07,398,1,117.02,71.0,46.019999999999996,64.8169014084507
2025-09-28,475,1,179.65,109.0,70.65,64.8165137614679
2025-12-12,274,2,62.63,38.0,24.630000000000003,64.81578947368422
2025-11-18,507,4,97.24,59.0,38.239999999999995,64.81355932203388
2025-11-24,419,3,26.37,16.0,10.370000000000001,64.8125
2025-08-22,447,1,210.96,128.0,82.96000000000001,64.8125
2025-11-06,318,0,1175.1,713.0,462.0999999999999,64.81065918653574
2026-05-27,282,3,34.61,21.0,13.61,64.80952380952381
2026-07-06,384,3,16.48,10.0,6.48,64.8
2026-03-17,339,3,24.72,15.0,9.719999999999999,64.8
2025-10-08,319,6,90.64,55.0,35.64,64.8
2025-11-02,289,4,17.6,50.0,32.4,64.8
2026-02-02,374,3,1.76,5.0,3.24,64.8
2026-04-01,380,1,163.15,99.0,64.15,64.79797979797979
2026-02-21,392,2,276.86,168.0,108.86000000000001,64.79761904761907
2026-06-26,463,0,313.35,890.0,576.65,64.79213483146067
2025-08-11,449,0,499.31,303.0,196.31,64.7887788778878
2025-08-18,319,0,705.28,428.0,277.28,64.78504672897195
2025-10-03,427,1,103.81,63.0,40.81,64.77777777777777
2026-04-29,406,0,45.09,128.0,82.91,64.7734375
2025-09-02,357,2,133.46,81.0,52.46000000000001,64.76543209876544
2025-08-24,448,2,14.8,42.0,27.2,64.76190476190476
2026-07-14,272,5,304.79,185.0,119.79000000000002,64.75135135135136
2025-10-03,404,1,2.82,8.0,5.18,64.75
2026-05-25,334,2,6.59,4.0,2.59,64.75
2025-07-24,444,1,204.29,124.0,80.28999999999999,64.75
2026-04-15,459,1,1.41,4.0,2.59,64.75
2025-11-02,433,0,734.77,446.0,288.77,64.74663677130044
2025-10-18,486,0,570.02,346.0,224.01999999999998,64.74566473988439
2026-06-19,404,2,153.01,434.0,280.99,64.74423963133641
2025-10-18,386,2,62.76,178.0,115.24000000000001,64.74157303370787
2026-04-03,509,2,67.7,192.0,124.3,64.73958333333333
2026-01-24,486,1,116.36,330.0,213.64,64.73939393939393
2025-10-25,475,1,255.34,155.0,100.34,64.73548387096774
2025-10-21,280,5,253.25,718.0,464.75,64.7284122562674
2025-11-28,320,5,118.17,335.0,216.82999999999998,64.72537313432835
2026-07-23,532,2,34.59,21.0,13.590000000000003,64.71428571428574
2026-03-31,319,4,11.53,7.0,4.529999999999999,64.71428571428571
2025-10-27,374,2,11.53,7.0,4.529999999999999,64.71428571428571
2025-11-27,442,2,28.0,17.0,11.0,64.70588235294117
2026-05-01,406,2,45.18,128.0,82.82,64.703125
2025-08-27,319,4,3.53,10.0,6.470000000000001,64.7
2025-11-14,384,1,32.94,20.0,12.939999999999998,64.69999999999999
2026-01-05,343,1,296.45,180.0,116.44999999999999,64.69444444444444
2025-12-05,374,4,42.82,26.0,16.82,64.6923076923077
2026-04-29,480,4,21.41,13.0,8.41,64.6923076923077
2025-11-22,289,1,154.81,94.0,60.81,64.69148936170212
2025-08-19,396,3,93.23,264.0,170.76999999999998,64.68560606060605
2025-08-09,490,1,897.52,545.0,352.52,64.68256880733945
2025-08-16,344,3,1473.9,895.0,578.9000000000001,64.68156424581007
2026-03-20,364,5,275.0,167.0,108.0,64.67065868263472
2025-10-22,382,0,522.0,317.0,205.0,64.66876971608832
2026-06-25,442,2,14.82,9.0,5.82,64.66666666666667
2025-10-13,363,3,217.36,132.0,85.36000000000001,64.66666666666667
2026-02-20,374,2,4.24,12.0,7.76,64.66666666666666
2026-05-10,516,5,13.78,39.0,25.22,64.66666666666666
2026-03-07,480,5,156.43,95.0,61.43000000000001,64.66315789473684
2025-08-31,371,2,9.19,26.0,16.810000000000002,64.65384615384616
2025-12-13,470,0,587.81,357.0,230.80999999999995,64.65266106442576
2025-10-28,380,0,543.35,330.0,213.35000000000002,64.65151515151516
2025-10-26,482,2,22.27,63.0,40.730000000000004,64.65079365079366
2026-04-15,427,2,51.04,31.0,20.04,64.64516129032258
2026-06-29,291,0,1567.42,952.0,615.4200000000001,64.64495798319328
2026-03-20,384,2,40.66,115.0,74.34,64.64347826086957
2026-04-17,273,3,22.63,64.0,41.370000000000005,64.640625
2025-10-24,388,3,59.27,36.0,23.270000000000003,64.6388888888889
2025-12-21,507,1,83.46,236.0,152.54000000000002,64.63559322033899
2026-03-25,472,0,127.33,360.0,232.67000000000002,64.63055555555556
2026-03-27,498,0,115.24,70.0,45.239999999999995,64.62857142857142
2026-01-31,361,1,65.85,40.0,25.849999999999994,64.62499999999999
2026-02-02,289,3,205.77,125.0,80.77000000000001,64.61600000000001
2025-09-07,448,2,4.6,13.0,8.4,64.61538461538461
2025-10-05,302,0,3134.21,1904.0,1230.21,64.61186974789916
2025-08-28,292,2,562.95,342.0,220.95000000000005,64.60526315789475
2026-01-20,482,2,5.31,15.0,9.690000000000001,64.60000000000001
2026-05-22,522,0,37.17,105.0,67.83,64.60000000000001
2026-02-03,448,2,5.31,15.0,9.690000000000001,64.60000000000001
2026-04-01,320,5,195.87,119.0,76.87,64.59663865546219
2026-05-16,345,2,130.03,79.0,51.03,64.59493670886076
2026-05-18,438,0,264.99,161.0,103.99000000000001,64.59006211180125
2026-02-02,274,7,39.5,24.0,15.5,64.58333333333334
2025-11-06,319,7,23.04,14.0,9.04,64.57142857142857
2026-03-20,281,5,11.52,7.0,4.52,64.57142857142857
2026-06-04,345,2,60.89,37.0,23.89,64.56756756756758
2025-08-16,397,4,416.35,253.0,163.35000000000002,64.56521739130436
2025-10-21,405,0,53.16,150.0,96.84,64.56
2026-02-02,487,1,276.46,168.0,108.45999999999998,64.5595238095238
2025-12-25,315,0,758.45,2140.0,1381.55,64.55841121495327
2026-06-17,516,8,14.81,9.0,5.8100000000000005,64.55555555555557
2025-09-10,403,2,32.91,20.0,12.909999999999997,64.54999999999998
2026-01-27,411,0,204.04,124.0,80.03999999999999,64.54838709677418
2026-06-17,516,4,97.08,59.0,38.08,64.54237288135593
2025-10-29,412,0,78.98,48.0,30.980000000000004,64.54166666666667
2026-05-26,405,0,21.63,61.0,39.370000000000005,64.54098360655739
2025-10-03,325,1,125.05,76.0,49.05,64.53947368421052
2026-07-18,289,2,42.78,26.0,16.78,64.53846153846155
2025-10-23,459,0,393.22,239.0,154.22000000000003,64.52719665271968
2026-02-26,516,6,37.84,23.0,14.840000000000003,64.5217391304348
2025-10-12,327,4,551.14,335.0,216.14,64.51940298507462
2025-08-13,429,0,490.24,298.0,192.24,64.51006711409396
2026-04-02,397,3,251.7,153.0,98.69999999999999,64.50980392156862
2026-03-16,324,1,253.34,154.0,99.34,64.50649350649351
2026-04-29,277,2,1.42,4.0,2.58,64.5
2026-03-02,319,4,2.84,8.0,5.16,64.5
2025-09-04,409,2,0.71,2.0,1.29,64.5
2026-03-11,282,3,11.36,32.0,20.64,64.5
2025-10-11,487,1,120.0,338.0,218.0,64.49704142011834
2025-12-26,501,0,570.8,347.0,223.79999999999995,64.49567723342938
2025-12-31,459,1,20.24,57.0,36.760000000000005,64.49122807017544
2026-01-12,385,4,235.22,143.0,92.22,64.4895104895105
2025-10-27,488,0,322.39,196.0,126.38999999999999,64.48469387755101
2025-08-22,447,0,210.54,128.0,82.53999999999999,64.484375
2025-08-20,353,3,371.73,226.0,145.73000000000002,64.48230088495576
2026-01-08,492,0,174.35,106.0,68.35,64.48113207547169
2026-06-16,442,2,6.75,19.0,12.25,64.47368421052632
2026-04-20,384,1,59.21,36.0,23.21,64.47222222222221
2026-04-01,355,1,27.96,17.0,10.96,64.47058823529413
2025-12-04,318,3,47.69,29.0,18.689999999999998,64.44827586206895
2026-03-20,319,1,30.22,85.0,54.78,64.44705882352942
2026-07-13,526,1,6.4,18.0,11.6,64.44444444444444
2025-08-22,485,2,67.42,41.0,26.42,64.4390243902439
2025-11-06,320,7,259.81,158.0,101.81,64.4367088607595
2026-02-11,340,4,31.24,19.0,12.239999999999998,64.42105263157893
2026-06-19,513,1,61.91,174.0,112.09,64.41954022988506
2026-03-10,334,3,103.58,63.0,40.58,64.4126984126984
2025-10-03,419,2,44.39,27.0,17.39,64.40740740740742
2026-06-22,482,0,97.0,59.0,38.0,64.40677966101694
2026-04-17,514,0,517.88,315.0,202.88,64.4063492063492
2025-12-01,389,1,134.81,82.0,52.81,64.40243902439025
2025-10-21,397,0,222.5,625.0,402.5,64.4
2025-11-19,384,2,41.1,25.0,16.1,64.4
2026-03-06,386,2,30.98,87.0,56.019999999999996,64.39080459770115
2026-04-26,442,2,9.26,26.0,16.740000000000002,64.3846153846154
2026-06-27,448,2,42.74,26.0,16.740000000000002,64.3846153846154
2025-11-20,463,0,399.43,243.0,156.43,64.37448559670781
2025-10-23,324,3,703.52,428.0,275.52,64.37383177570094
2025-12-29,487,1,300.8,183.0,117.80000000000001,64.37158469945355
2025-10-21,288,1,96.91,272.0,175.09,64.37132352941177
2026-04-27,410,0,41.09,25.0,16.090000000000003,64.36000000000001
2025-09-06,442,2,23.01,14.0,9.010000000000002,64.35714285714286
2026-06-30,383,1,23.01,14.0,9.010000000000002,64.35714285714286
2025-08-30,348,3,438.83,267.0,171.82999999999998,64.35580524344569
2026-06-20,404,1,11.05,31.0,19.95,64.35483870967742
2025-10-29,359,1,152.85,93.0,59.849999999999994,64.35483870967741
2026-06-15,272,2,1908.12,1161.0,747.1199999999999,64.35142118863048
2026-05-04,339,4,37.8,23.0,14.799999999999997,64.3478260869565
2026-07-14,364,3,627.8,382.0,245.79999999999995,64.34554973821989
2026-02-13,510,4,371.42,226.0,145.42000000000002,64.34513274336284
2025-10-27,488,1,322.11,196.0,126.11000000000001,64.34183673469389
2026-01-16,385,3,391.13,238.0,153.13,64.34033613445378
2025-11-16,463,0,1163.51,708.0,455.51,64.33757062146893
2026-01-22,404,1,1.07,3.0,1.93,64.33333333333333
2026-03-02,374,4,29.58,18.0,11.579999999999998,64.33333333333331
2026-05-26,282,3,18.55,52.0,33.45,64.32692307692308
2025-10-03,427,0,161.03,98.0,63.03,64.31632653061224
2026-02-09,303,2,21.36,13.0,8.36,64.30769230769229
2026-01-27,437,0,254.67,155.0,99.66999999999999,64.30322580645161
2026-05-16,272,3,213.13,597.0,383.87,64.2998324958124
2026-01-27,459,2,142.94,87.0,55.94,64.29885057471265
2026-04-18,410,0,54.99,154.0,99.00999999999999,64.29220779220779
2025-12-03,463,1,184.0,112.0,72.0,64.28571428571429
2025-08-17,484,1,359.75,219.0,140.75,64.26940639269407
2025-08-13,403,5,42.71,26.0,16.71,64.26923076923077
2025-07-25,473,1,5.36,15.0,9.64,64.26666666666667
2026-04-02,455,0,216.83,132.0,84.83000000000001,64.26515151515152
2025-10-24,343,4,489.5,298.0,191.5,64.26174496644296
2026-02-21,494,2,28.95,81.0,52.05,64.25925925925927
2025-07-26,475,1,177.4,108.0,69.4,64.25925925925927
2025-08-08,484,1,152.64,427.0,274.36,64.25292740046838
2026-04-04,320,9,474.69,289.0,185.69,64.25259515570934
2026-01-27,440,0,338.36,206.0,132.36,64.25242718446601
2026-07-17,534,2,6.57,4.0,2.5700000000000003,64.25
2026-05-18,480,4,26.28,16.0,10.280000000000001,64.25
2026-03-22,421,0,221.66,620.0,398.34000000000003,64.2483870967742
2025-11-14,291,2,79.39,222.0,142.61,64.23873873873875
2026-02-25,327,4,62.41,38.0,24.409999999999997,64.23684210526315
2025-10-18,346,1,118.25,72.0,46.25,64.23611111111111
2025-07-24,355,2,40.42,113.0,72.58,64.23008849557522
2026-04-27,511,0,295.6,180.0,115.60000000000002,64.22222222222224
2026-06-29,396,0,610.89,372.0,238.89,64.21774193548386
2026-01-19,412,1,78.82,48.0,30.819999999999993,64.20833333333333
2025-11-13,289,4,16.42,10.0,6.420000000000002,64.20000000000002
2025-09-02,448,2,1.79,5.0,3.21,64.2
2025-09-01,448,1,139.57,85.0,54.56999999999999,64.19999999999999
2026-02-09,324,4,151.06,92.0,59.06,64.19565217391305
2025-10-26,440,0,955.59,582.0,373.59000000000003,64.19072164948454
2025-10-29,412,1,78.81,48.0,30.810000000000002,64.18750000000001
2026-03-14,386,3,44.33,27.0,17.33,64.18518518518518
2026-06-01,454,1,962.1,586.0,376.1,64.18088737201366
2026-05-05,380,1,118.21,72.0,46.209999999999994,64.18055555555556
2026-05-14,428,0,91.94,56.0,35.94,64.17857142857143
2025-08-23,288,4,192.08,117.0,75.08000000000001,64.17094017094018
2025-10-02,336,7,43.01,120.0,76.99000000000001,64.15833333333335
2026-06-15,510,6,699.3,426.0,273.29999999999995,64.15492957746478
2026-07-10,516,1,85.36,52.0,33.36,64.15384615384615
2025-10-30,446,1,311.89,190.0,121.88999999999999,64.15263157894736
2026-01-30,485,2,16.49,46.0,29.51,64.15217391304348
2026-01-08,332,1,293.83,179.0,114.82999999999998,64.15083798882681
2026-03-23,449,0,239.66,146.0,93.66,64.15068493150685
2025-10-21,336,0,325.28,907.0,581.72,64.13671444321942
2026-06-15,346,3,914.23,557.0,357.23,64.13464991023339
2026-01-02,280,1,86.99,53.0,33.989999999999995,64.1320754716981
2026-02-25,460,0,187.11,114.0,73.11000000000001,64.13157894736842
2026-01-27,411,1,203.52,124.0,79.52000000000001,64.12903225806453
2026-05-18,321,1,116.53,71.0,45.53,64.12676056338029
2026-01-16,320,8,224.85,137.0,87.85,64.12408759124088
2026-05-30,320,6,185.45,113.0,72.44999999999999,64.1150442477876
2026-06-25,294,0,2652.04,1616.0,1036.04,64.11138613861385
2025-11-19,403,3,88.62,54.0,34.620000000000005,64.11111111111111
2026-03-02,405,1,14.77,9.0,5.77,64.11111111111111
2025-12-27,459,1,14.77,9.0,5.77,64.11111111111111
2026-02-12,384,0,710.57,433.0,277.57000000000005,64.1039260969977
2026-04-17,407,1,827.07,504.0,323.07000000000005,64.10119047619048
2026-03-20,273,3,10.77,30.0,19.23,64.1
2025-10-01,282,0,753.19,459.0,294.19000000000005,64.09368191721134
2026-07-17,274,3,96.81,59.0,37.81,64.08474576271188
2026-06-29,385,2,541.47,330.0,211.47000000000003,64.08181818181819
2026-06-03,272,5,799.07,487.0,312.07000000000005,64.08008213552363
2026-02-09,319,8,103.37,63.0,40.370000000000005,64.07936507936509
2025-10-25,501,2,585.76,357.0,228.76,64.07843137254902
2026-05-17,424,1,21.33,13.0,8.329999999999998,64.07692307692307
2025-07-31,383,0,90.24,55.0,35.239999999999995,64.07272727272726
2026-01-02,319,3,193.6,118.0,75.6,64.0677966101695
2025-10-14,405,0,59.29,165.0,105.71000000000001,64.06666666666668
2025-08-08,484,0,153.44,427.0,273.56,64.0655737704918
2026-01-16,505,2,50.86,31.0,19.86,64.06451612903226
2026-03-14,274,4,103.36,63.0,40.36,64.06349206349206
2026-07-04,520,3,131.17,365.0,233.83,64.06301369863014
2025-09-27,475,2,54.14,33.0,21.14,64.06060606060606
2026-04-04,383,0,118.12,72.0,46.120000000000005,64.05555555555557
2025-10-20,383,0,177.18,108.0,69.18,64.05555555555557
2025-10-25,373,1,442.94,270.0,172.94,64.05185185185185
2025-10-08,380,1,187.01,114.0,73.00999999999999,64.04385964912281
2026-04-16,448,2,8.27,23.0,14.73,64.04347826086956
2025-12-16,331,5,39.37,24.0,15.369999999999997,64.04166666666666
2025-10-26,456,1,336.28,205.0,131.27999999999997,64.0390243902439
2026-01-06,291,6,90.22,55.0,35.22,64.03636363636363
2025-08-28,407,1,725.03,442.0,283.03,64.0339366515837
2025-10-14,291,4,59.05,36.0,23.049999999999997,64.02777777777777
2026-01-26,348,4,188.14,523.0,334.86,64.02676864244742
2025-08-09,462,0,638.05,389.0,249.04999999999995,64.02313624678662
2026-06-17,334,3,67.28,187.0,119.72,64.02139037433156
2025-08-18,447,1,234.55,143.0,91.55000000000001,64.02097902097903
2026-01-02,416,1,621.63,379.0,242.63,64.01846965699208
2025-09-11,397,0,360.83,220.0,140.82999999999998,64.01363636363637
2025-08-28,480,0,587.16,358.0,229.15999999999997,64.01117318435753
2026-03-19,513,1,203.75,566.0,362.25,64.0017667844523
2026-04-15,455,0,234.52,143.0,91.52000000000001,64.00000000000001
2026-07-10,334,2,9.72,27.0,17.28,64.0
2026-02-19,277,2,0.72,2.0,1.28,64.0
2026-03-18,509,3,4.68,13.0,8.32,64.0
2025-11-02,277,2,1.08,3.0,1.92,64.0
2026-06-14,273,7,89.64,249.0,159.36,64.0
2026-04-16,424,0,31.16,19.0,12.16,64.0
2026-02-09,404,1,1.08,3.0,1.92,64.0
2026-07-18,448,2,12.96,36.0,23.04,64.0
2025-10-20,348,7,0.36,1.0,0.64,64.0
2025-10-25,417,1,255.84,156.0,99.84,64.0
2026-05-23,520,5,2.16,6.0,3.84,64.0
2025-12-06,334,3,306.68,187.0,119.68,64.0
2026-07-09,536,1,6.12,17.0,10.879999999999999,63.99999999999999
2026-03-23,404,1,3.28,2.0,1.2799999999999998,63.99999999999999
2025-10-23,290,2,3.28,2.0,1.2799999999999998,63.99999999999999
2026-01-01,320,7,715.02,436.0,279.02,63.99541284403669
2026-04-27,511,1,295.19,180.0,115.19,63.99444444444444
2026-01-08,492,1,173.83,106.0,67.83000000000001,63.99056603773586
2026-06-29,363,1,154.15,94.0,60.150000000000006,63.98936170212767
2025-08-27,470,0,229.04,636.0,406.96000000000004,63.9874213836478
2025-12-25,315,1,498.17,1383.0,884.8299999999999,63.979031091829356
2026-01-28,321,4,67.23,41.0,26.230000000000004,63.975609756097576
2026-07-16,411,1,57.65,160.0,102.35,63.96875
2025-07-29,426,0,172.16,105.0,67.16,63.961904761904755
2025-10-02,487,1,189.21,525.0,335.78999999999996,63.959999999999994
2026-03-04,289,5,26.67,74.0,47.33,63.95945945945945
2025-08-27,482,1,23.44,65.0,41.56,63.938461538461546
2025-08-02,374,2,5.41,15.0,9.59,63.93333333333333
2026-01-15,479,2,5.05,14.0,8.95,63.92857142857142
2025-11-28,320,6,67.83,188.0,120.17,63.92021276595745
2025-09-10,427,2,13.35,37.0,23.65,63.91891891891891
2025-08-23,501,1,98.35,60.0,38.349999999999994,63.91666666666666
2025-10-08,383,2,116.38,71.0,45.379999999999995,63.915492957746466
2026-05-18,438,1,263.9,161.0,102.89999999999998,63.91304347826085
2026-06-20,319,4,11.91,33.0,21.09,63.90909090909091
2025-08-15,383,1,122.93,75.0,47.93000000000001,63.90666666666668
2026-03-05,308,4,103.26,63.0,40.260000000000005,63.90476190476191
2025-08-11,476,0,283.55,173.0,110.55000000000001,63.90173410404625
2025-09-27,485,2,40.07,111.0,70.93,63.9009009009009
2025-10-03,383,0,98.34,60.0,38.34,63.9
2025-10-21,455,1,148.75,412.0,263.25,63.89563106796117
2025-10-08,321,2,296.65,181.0,115.64999999999998,63.89502762430938
2026-04-10,362,1,31.14,19.0,12.14,63.894736842105274
2025-11-05,374,2,6.86,19.0,12.14,63.894736842105274
2025-10-30,446,0,311.4,190.0,121.39999999999998,63.894736842105246
2026-01-30,448,2,13.36,37.0,23.64,63.891891891891895
2025-08-27,470,1,229.65,636.0,406.35,63.89150943396227
2025-10-26,449,1,570.34,348.0,222.34000000000003,63.890804597701155
2026-04-13,405,0,29.5,18.0,11.5,63.888888888888886
2025-10-03,338,0,630.94,385.0,245.94000000000005,63.880519480519496
2026-07-01,492,0,290.06,177.0,113.06,63.87570621468927
2025-10-10,361,1,39.33,24.0,15.329999999999998,63.87499999999999
2025-09-17,334,2,13.11,8.0,5.109999999999999,63.87499999999999
2026-06-06,397,4,221.23,135.0,86.22999999999999,63.87407407407407
2026-03-05,288,5,31.07,86.0,54.93,63.872093023255815
2026-04-18,410,1,55.64,154.0,98.36,63.870129870129865
2025-09-08,371,2,8.31,23.0,14.69,63.8695652173913
2026-02-25,460,1,186.81,114.0,72.81,63.86842105263158
2026-05-03,334,3,85.28,236.0,150.72,63.86440677966102
2026-07-10,419,4,30.72,85.0,54.28,63.858823529411765
2026-01-11,363,1,252.32,154.0,98.32,63.844155844155836
2025-11-06,482,0,103.22,63.0,40.22,63.84126984126984
2026-05-11,418,1,47.51,29.0,18.509999999999998,63.82758620689655
2026-07-03,272,6,484.92,296.0,188.92000000000002,63.82432432432433
2025-09-23,388,6,26.21,16.0,10.21,63.81250000000001
2025-09-01,281,4,386.58,236.0,150.57999999999998,63.805084745762706
2026-06-28,387,1,648.66,396.0,252.65999999999997,63.8030303030303
2026-07-22,509,6,3.62,10.0,6.38,63.800000000000004
2025-12-18,374,3,8.19,5.0,3.1899999999999995,63.79999999999999
2026-05-01,406,0,46.34,128.0,81.66,63.796875
2025-12-05,319,2,88.45,54.0,34.45,63.796296296296305
2025-10-21,282,2,29.69,82.0,52.31,63.79268292682927
2026-01-27,440,1,337.41,206.0,131.41000000000003,63.791262135922345
2025-08-20,325,1,76.98,47.0,29.980000000000004,63.787234042553195
2026-04-06,442,2,14.74,9.0,5.74,63.77777777777778
2026-01-21,509,1,14.74,9.0,5.74,63.77777777777778
2026-01-03,308,4,319.36,195.0,124.36000000000001,63.77435897435898
2025-09-29,449,0,214.53,131.0,83.53,63.76335877862596
2025-10-21,455,0,149.3,412.0,262.7,63.762135922330096
2026-01-05,325,2,440.52,269.0,171.51999999999998,63.762081784386616
2026-06-15,291,6,94.98,58.0,36.980000000000004,63.758620689655174
2025-11-02,433,1,730.34,446.0,284.34000000000003,63.753363228699556
2026-06-30,453,0,602.6,368.0,234.60000000000002,63.75000000000001
2026-04-15,455,1,234.16,143.0,91.16,63.74825174825175
2026-06-19,404,0,162.06,447.0,284.94,63.74496644295302
2025-12-05,435,0,150.64,92.0,58.639999999999986,63.739130434782595
2026-03-23,389,0,183.38,112.0,71.38,63.73214285714285
2025-10-21,319,5,50.05,138.0,87.95,63.73188405797101
2026-04-27,329,1,39.17,108.0,68.83,63.73148148148148
2026-06-28,404,0,140.8,86.0,54.80000000000001,63.720930232558146
2025-09-16,398,1,34.38,21.0,13.380000000000003,63.71428571428572
2025-11-06,327,1,309.42,189.0,120.42000000000002,63.71428571428572
2025-10-15,423,0,140.09,386.0,245.91,63.70725388601036
2026-04-28,516,5,7.26,20.0,12.74,63.7
2025-10-21,327,2,132.5,365.0,232.5,63.6986301369863
2025-08-31,372,2,874.14,534.0,340.14,63.69662921348315
2026-06-29,336,3,127.67,78.0,49.67,63.67948717948718
2026-01-11,289,4,19.25,53.0,33.75,63.67924528301887
2025-12-07,419,4,52.31,144.0,91.69,63.67361111111111
2026-01-16,494,1,139.12,85.0,54.120000000000005,63.670588235294126
2026-07-16,411,0,58.13,160.0,101.87,63.66875000000001
2026-04-06,364,5,196.4,120.0,76.4,63.66666666666667
2026-04-18,509,3,9.82,6.0,3.8200000000000003,63.66666666666667
2025-12-18,505,2,4.36,12.0,7.64,63.66666666666666
2025-10-28,424,1,11.63,32.0,20.369999999999997,63.65624999999999
2025-11-24,463,1,186.56,114.0,72.56,63.64912280701754
2025-08-27,385,4,93.79,258.0,164.20999999999998,63.64728682170542
2025-10-19,332,5,351.83,215.0,136.82999999999998,63.641860465116274
2026-04-15,320,7,173.46,106.0,67.46000000000001,63.64150943396227
2026-01-27,472,2,237.28,145.0,92.28,63.641379310344824
2025-10-27,388,0,571.1,349.0,222.10000000000002,63.63896848137537
2026-01-08,506,1,268.36,164.0,104.36000000000001,63.63414634146343
2026-05-18,479,2,13.09,8.0,5.09,63.625
2025-08-01,337,0,420.51,257.0,163.51,63.62256809338521
2025-10-29,301,2,132.53,81.0,51.53,63.617283950617285
2026-02-18,480,5,76.9,47.0,29.900000000000006,63.61702127659575
2025-11-10,291,3,292.87,179.0,113.87,63.6145251396648
2026-06-16,324,4,152.16,93.0,59.16,63.61290322580645
2025-08-20,274,2,50.72,31.0,19.72,63.61290322580645
2025-11-27,506,0,44.03,121.0,76.97,63.61157024793388
2025-11-23,506,1,103.36,284.0,180.64,63.6056338028169
2026-06-11,525,2,16.36,10.0,6.359999999999999,63.59999999999999
2026-06-25,303,1,16.36,10.0,6.359999999999999,63.59999999999999
2026-05-29,444,2,530.05,324.0,206.04999999999995,63.59567901234566
2026-01-17,442,2,15.29,42.0,26.71,63.595238095238095
2026-07-15,317,3,201.22,123.0,78.22,63.59349593495934
2026-04-03,405,0,19.66,54.0,34.34,63.5925925925926
2026-02-26,445,0,80.16,49.0,31.159999999999997,63.59183673469387
2025-11-27,506,1,44.06,121.0,76.94,63.586776859504134
2025-07-26,368,1,2241.12,1370.0,871.1199999999999,63.585401459854005
2026-02-07,415,0,238.83,146.0,92.83000000000001,63.58219178082193
2026-04-16,424,1,31.08,19.0,12.079999999999998,63.57894736842105
2026-06-22,482,1,75.24,46.0,29.239999999999995,63.565217391304344
2026-06-25,513,2,297.68,182.0,115.68,63.56043956043956
2025-10-06,302,1,279.67,171.0,108.67000000000002,63.54970760233919
2025-12-15,332,6,227.33,139.0,88.33000000000001,63.546762589928065
2026-03-27,498,1,114.48,70.0,44.480000000000004,63.542857142857144
2025-07-29,426,1,171.72,105.0,66.72,63.542857142857144
2025-09-01,413,2,142.28,87.0,55.28,63.54022988505748
2025-12-15,421,1,184.8,113.0,71.80000000000001,63.539823008849574
2026-05-27,472,0,498.78,305.0,193.77999999999997,63.53442622950819
2026-01-18,383,1,11.67,32.0,20.33,63.53124999999999
2025-10-26,501,1,135.73,83.0,52.72999999999999,63.530120481927696
2026-07-16,357,2,176.61,108.0,68.61000000000001,63.52777777777779
2025-08-30,319,6,148.81,91.0,57.81,63.527472527472526
2026-07-20,297,2,89.94,55.0,34.94,63.527272727272724
2026-04-17,514,1,515.11,315.0,200.11,63.52698412698413
2026-04-27,410,1,40.88,25.0,15.880000000000003,63.52000000000001
2025-10-27,429,0,636.07,389.0,247.07000000000005,63.514138817480735
2026-02-10,400,2,67.04,41.0,26.040000000000006,63.51219512195123
2026-07-04,308,9,660.58,404.0,256.58000000000004,63.50990099009902
2026-05-31,274,3,99.26,272.0,172.74,63.50735294117648
2026-07-03,283,1,268.59,736.0,467.41,63.50679347826087
2026-04-14,390,2,125.54,344.0,218.45999999999998,63.505813953488364
2026-04-06,482,2,19.62,12.0,7.620000000000001,63.500000000000014
2026-02-07,415,1,238.71,146.0,92.71000000000001,63.5
2026-04-29,405,2,2.92,8.0,5.08,63.5
2026-06-23,348,7,0.73,2.0,1.27,63.5
2026-06-06,384,2,71.94,44.0,27.939999999999998,63.49999999999999
2025-11-14,430,0,122.62,75.0,47.620000000000005,63.49333333333333
2026-06-04,388,6,53.95,33.0,20.950000000000003,63.48484848484849
2025-12-25,288,2,347.32,951.0,603.6800000000001,63.47844374342798
2025-12-13,507,1,16.07,44.0,27.93,63.47727272727273
2025-09-14,283,2,462.62,283.0,179.62,63.46996466431095
2026-05-19,282,5,80.1,49.0,31.099999999999994,63.46938775510203
2026-02-09,289,1,91.54,56.0,35.540000000000006,63.46428571428573
2026-01-14,320,7,249.91,684.0,434.09000000000003,63.46345029239766
2026-05-17,509,6,14.98,41.0,26.02,63.46341463414634
2025-12-05,289,2,21.25,13.0,8.25,63.46153846153846
2026-06-01,331,5,57.21,35.0,22.21,63.457142857142856
2025-08-16,440,0,1070.64,655.0,415.6400000000001,63.45648854961834
2026-05-25,404,1,4.02,11.0,6.98,63.45454545454546
2025-08-22,295,1,436.42,267.0,169.42000000000002,63.453183520599254
2026-02-16,419,4,26.15,16.0,10.149999999999999,63.43749999999999
2026-04-11,340,1,1093.37,669.0,424.3699999999999,63.433482810164406
2026-07-11,420,0,136.76,374.0,237.24,63.43315508021391
2026-07-14,535,1,7.68,21.0,13.32,63.42857142857143
2025-12-26,374,3,11.44,7.0,4.4399999999999995,63.42857142857142
2026-02-26,445,1,80.08,49.0,31.08,63.42857142857142
2025-08-22,282,3,39.22,24.0,15.219999999999999,63.416666666666664
2026-05-06,386,3,12.44,34.0,21.560000000000002,63.411764705882355
2026-07-14,537,0,63.73,39.0,24.729999999999997,63.4102564102564
2026-07-01,492,1,289.22,177.0,112.22000000000003,63.401129943502845
2026-06-24,362,1,10.25,28.0,17.75,63.39285714285714
2026-05-29,413,2,249.99,153.0,96.99000000000001,63.39215686274511
2025-10-21,397,3,138.42,378.0,239.58,63.38095238095238
2025-11-23,506,0,104.01,284.0,179.99,63.37676056338029
2025-08-21,374,3,2.93,8.0,5.07,63.375
2025-08-12,274,4,91.49,56.0,35.489999999999995,63.37499999999999
2026-07-04,503,0,669.83,410.0,259.83000000000004,63.373170731707326
2025-10-20,498,1,197.68,121.0,76.68,63.37190082644628
2025-08-22,319,3,57.18,35.0,22.18,63.37142857142857
2026-03-27,344,3,542.39,332.0,210.39,63.37048192771084
2026-06-06,442,2,16.85,46.0,29.15,63.3695652173913
2025-09-16,382,0,499.91,306.0,193.91000000000003,63.36928104575165
2025-08-13,364,1,227.07,139.0,88.07,63.35971223021583
2025-08-24,364,2,826.6,506.0,320.6,63.359683794466406
2025-10-23,459,2,361.01,221.0,140.01,63.35294117647059
2026-05-04,334,3,50.94,139.0,88.06,63.35251798561151
2026-03-12,388,2,37.57,23.0,14.57,63.34782608695653
2025-12-26,288,2,362.63,222.0,140.63,63.34684684684685
2026-01-16,385,2,499.82,306.0,193.82,63.33986928104574
2025-10-24,348,4,181.3,111.0,70.30000000000001,63.33333333333334
2026-02-26,404,1,3.3,9.0,5.7,63.33333333333333
2025-08-19,296,2,2.2,6.0,3.8,63.33333333333333
2026-06-23,481,1,64.91,177.0,112.09,63.32768361581921
2026-06-30,453,1,601.02,368.0,233.01999999999998,63.32065217391304
2025-10-20,384,4,220.09,600.0,379.90999999999997,63.318333333333335
2025-08-23,480,2,22.01,60.0,37.989999999999995,63.316666666666656
2025-08-25,451,1,63.83,174.0,110.17,63.316091954022994
2025-08-27,388,5,112.63,307.0,194.37,63.31270358306189
2025-08-09,357,1,1094.19,670.0,424.19000000000005,63.31194029850747
2026-06-29,418,1,38.89,106.0,67.11,63.31132075471698
2026-04-21,302,3,460.52,282.0,178.51999999999998,63.30496453900708
2025-11-21,459,1,7.34,20.0,12.66,63.3
2025-08-14,483,0,622.17,381.0,241.16999999999996,63.29921259842518
2025-10-10,302,2,375.58,230.0,145.57999999999998,63.29565217391304
2025-08-28,290,3,23.86,65.0,41.14,63.292307692307695
2026-02-14,476,1,241.67,148.0,93.66999999999999,63.29054054054053
2025-09-06,470,1,788.69,483.0,305.69000000000005,63.28985507246377
2026-06-30,520,6,2.57,7.0,4.43,63.28571428571428
2025-08-19,397,4,156.75,96.0,60.75,63.28125
2026-07-16,360,2,127.35,78.0,49.349999999999994,63.26923076923077
2025-09-21,475,2,68.69,187.0,118.31,63.26737967914438
2026-05-29,513,0,386.94,237.0,149.94,63.26582278481012
2026-07-15,274,5,80.0,49.0,31.0,63.26530612244898
2025-09-01,480,6,55.51,34.0,21.509999999999998,63.264705882352935
2026-02-01,505,3,31.96,87.0,55.04,63.26436781609195
2025-12-05,363,1,8.45,23.0,14.55,63.26086956521739
2025-10-21,332,2,142.56,388.0,245.44,63.25773195876289
2026-04-03,390,2,120.52,328.0,207.48000000000002,63.25609756097561
2026-06-01,372,2,545.26,334.0,211.26,63.25149700598802
2026-03-24,319,4,6.53,4.0,2.5300000000000002,63.25000000000001
2026-07-15,272,4,6.53,4.0,2.5300000000000002,63.25000000000001
2025-11-08,320,5,248.14,152.0,96.13999999999999,63.24999999999999
2025-08-28,386,2,32.65,20.0,12.649999999999999,63.24999999999999
2026-02-03,383,1,4.41,12.0,7.59,63.24999999999999
2026-05-05,406,0,65.3,40.0,25.299999999999997,63.24999999999999
2025-08-10,320,2,847.25,519.0,328.25,63.2466281310212
2026-03-15,281,5,16.54,45.0,28.46,63.24444444444445
2026-05-05,335,1,94.68,58.0,36.68000000000001,63.24137931034484
2025-10-28,388,3,40.81,25.0,15.810000000000002,63.24000000000001
2026-03-02,301,2,62.86,171.0,108.14,63.23976608187134
2026-06-28,293,0,3911.18,2396.0,1515.1799999999998,63.23789649415692
2026-06-16,353,2,12.5,34.0,21.5,63.23529411764706
2025-11-03,448,2,21.22,13.0,8.219999999999999,63.230769230769226
2025-09-22,317,4,60.67,165.0,104.33,63.23030303030303
2026-04-19,516,12,12.87,35.0,22.130000000000003,63.228571428571435
2026-06-29,460,1,476.61,292.0,184.61,63.22260273972603
2026-02-14,509,6,14.69,9.0,5.6899999999999995,63.222222222222214
2025-08-26,332,7,96.3,59.0,37.3,63.22033898305084
2026-07-15,283,0,450.48,276.0,174.48000000000002,63.217391304347835
2026-04-02,455,1,215.44,132.0,83.44,63.21212121212121
2026-01-04,510,3,3.68,10.0,6.32,63.2
2025-08-20,334,2,9.57,26.0,16.43,63.19230769230769
2026-06-17,356,0,1610.68,987.0,623.6800000000001,63.189463019250255
2025-12-02,336,6,96.28,59.0,37.28,63.186440677966104
2026-02-15,280,7,140.34,86.0,54.34,63.186046511627914
2025-10-21,362,3,87.25,237.0,149.75,63.18565400843882
2025-12-25,332,1,559.59,1520.0,960.41,63.184868421052634
2025-08-10,320,3,399.8,245.0,154.8,63.183673469387756
2026-06-21,448,2,32.4,88.0,55.6,63.18181818181819
2026-02-09,385,4,202.34,124.0,78.34,63.17741935483872
2026-02-13,336,5,51.57,140.0,88.43,63.16428571428572
2026-01-27,398,1,71.79,44.0,27.790000000000006,63.15909090909092
2025-10-29,297,1,210.47,129.0,81.47,63.155038759689916
2025-10-24,423,0,742.35,455.0,287.35,63.15384615384616
2025-09-23,371,2,34.27,93.0,58.73,63.1505376344086
2026-01-27,331,3,329.55,202.0,127.55000000000001,63.14356435643565
2025-10-16,334,3,166.4,102.0,64.4,63.137254901960794
2026-07-11,420,1,137.87,374.0,236.13,63.13636363636363
2026-01-16,320,6,120.72,74.0,46.72,63.13513513513514
2025-11-15,459,1,5.53,15.0,9.469999999999999,63.13333333333333
2026-03-02,361,1,22.49,61.0,38.510000000000005,63.13114754098361
2025-11-04,442,2,22.86,62.0,39.14,63.12903225806452
2026-03-23,442,2,13.05,8.0,5.050000000000001,63.12500000000001
2025-10-28,424,0,11.8,32.0,20.2,63.125
2026-03-09,291,6,65.25,40.0,25.25,63.125
2025-08-09,418,0,694.91,426.0,268.90999999999997,63.124413145539904
2025-09-11,334,1,631.29,387.0,244.28999999999996,63.124031007751924
2025-10-24,301,3,515.47,316.0,199.47000000000003,63.12341772151899
2026-04-27,460,0,353.97,217.0,136.97000000000003,63.119815668202776
2025-11-06,336,2,27.73,17.0,10.73,63.117647058823536
2025-12-09,480,6,71.77,44.0,27.769999999999996,63.11363636363635
2026-02-06,494,0,52.01,141.0,88.99000000000001,63.11347517730497
2026-05-29,368,2,2774.56,1701.0,1073.56,63.11346266901822
2026-03-22,413,0,823.71,505.0,318.71000000000004,63.110891089108925
2026-06-22,520,0,215.3,132.0,83.30000000000001,63.10606060606061
2025-09-01,409,0,92.97,57.0,35.97,63.10526315789473
2025-08-16,461,1,208.77,128.0,80.77000000000001,63.10156250000001
2026-07-08,535,2,7.38,20.0,12.620000000000001,63.1
2026-03-06,448,2,4.06,11.0,6.94,63.0909090909091
2026-05-14,428,1,91.33,56.0,35.33,63.089285714285715
2025-11-06,421,0,432.18,265.0,167.18,63.08679245283019
2026-07-06,338,2,115.79,71.0,44.790000000000006,63.084507042253534
2026-04-02,397,0,404.44,248.0,156.44,63.08064516129031
2026-05-19,480,6,44.03,27.0,17.03,63.07407407407408
2026-01-30,410,1,15.88,43.0,27.119999999999997,63.069767441860456
2026-03-23,449,1,238.08,146.0,92.08000000000001,63.068493150684944
2025-08-06,405,2,6.65,18.0,11.35,63.05555555555556
2025-09-29,449,1,213.6,131.0,82.6,63.053435114503806
2025-10-20,369,3,520.13,319.0,201.13,63.05015673981191
2025-08-18,343,1,329.36,202.0,127.36000000000001,63.04950495049506
2025-11-17,338,2,68.48,42.0,26.480000000000004,63.04761904761905
2026-06-20,482,2,37.5,23.0,14.5,63.04347826086957
2025-10-02,282,1,299.99,184.0,115.99000000000001,63.038043478260875
2026-01-02,388,3,133.69,82.0,51.69,63.03658536585366
2026-01-27,308,2,125.53,77.0,48.53,63.02597402597403
2026-04-24,406,0,65.21,40.0,25.209999999999994,63.024999999999984
2026-02-22,289,2,15.53,42.0,26.47,63.023809523809526
2026-06-29,469,1,211.93,130.0,81.93,63.02307692307693
2025-10-03,492,0,241.27,148.0,93.27000000000001,63.020270270270274
2025-11-16,475,2,55.47,150.0,94.53,63.019999999999996
2025-09-30,423,1,123.56,334.0,210.44,63.0059880239521
2026-01-19,320,9,425.44,261.0,164.44,63.003831417624525
2025-10-29,337,0,3.33,9.0,5.67,63.0
2025-10-27,442,2,10.36,28.0,17.64,63.0
2026-07-04,303,1,35.86,22.0,13.86,63.0
2025-12-24,459,1,6.66,18.0,11.34,63.0
2025-12-07,355,4,402.61,247.0,155.61,63.0
2026-02-25,507,3,73.35,45.0,28.349999999999994,62.999999999999986
2025-10-23,482,2,34.23,21.0,13.229999999999997,62.999999999999986
2026-01-26,404,2,83.63,226.0,142.37,62.995575221238944
2025-10-26,456,0,334.13,205.0,129.13,62.990243902439026
2026-06-20,513,1,111.42,301.0,189.57999999999998,62.98338870431893
2025-11-28,319,6,121.43,328.0,206.57,62.978658536585364
2026-04-15,336,6,148.31,91.0,57.31,62.97802197802198
2026-01-19,281,4,508.48,312.0,196.48000000000002,62.97435897435898
2025-09-30,423,0,123.67,334.0,210.32999999999998,62.97305389221557
2025-08-07,318,3,48.89,30.0,18.89,62.96666666666667
2026-07-16,334,3,187.41,115.0,72.41,62.96521739130434
2025-10-27,469,1,135.26,83.0,52.25999999999999,62.96385542168673
2026-06-16,334,3,40.0,108.0,68.0,62.96296296296296
2026-04-04,456,0,255.85,157.0,98.85,62.96178343949044
2025-11-06,289,2,37.48,23.0,14.479999999999997,62.95652173913042
2026-01-12,396,0,441.59,271.0,170.58999999999997,62.94833948339482
2025-09-20,291,2,67.44,182.0,114.56,62.94505494505495
2026-05-19,435,1,90.42,244.0,153.57999999999998,62.94262295081967
2026-04-15,490,0,356.84,219.0,137.83999999999997,62.94063926940638
2025-12-26,440,1,656.62,403.0,253.62,62.93300248138958
2026-02-09,319,6,138.49,85.0,53.49000000000001,62.92941176470589
2026-06-25,306,0,161.3,99.0,62.30000000000001,62.92929292929295
2025-12-12,463,1,210.17,129.0,81.16999999999999,62.92248062015503
2025-08-09,462,1,633.76,389.0,244.76,62.92030848329049
2025-12-15,463,0,498.53,306.0,192.52999999999997,62.91830065359476
2025-12-29,336,2,19.55,12.0,7.550000000000001,62.91666666666668
2026-04-17,336,7,39.31,106.0,66.69,62.915094339622634
2026-07-23,357,4,110.78,68.0,42.78,62.911764705882355
2025-11-06,331,3,338.83,208.0,130.82999999999998,62.89903846153846
2026-05-16,315,2,187.33,115.0,72.33000000000001,62.89565217391305
2026-05-09,272,4,70.5,190.0,119.5,62.89473684210526
2026-06-02,320,3,167.78,103.0,64.78,62.89320388349514
2025-11-05,361,1,34.51,93.0,58.49,62.89247311827957
2025-09-01,374,4,74.93,46.0,28.930000000000007,62.89130434782611
2025-09-01,274,7,14.66,9.0,5.66,62.88888888888889
2026-03-10,355,1,29.32,18.0,11.32,62.88888888888889
2025-09-02,289,2,15.96,43.0,27.04,62.883720930232556
2025-11-12,348,1,166.14,102.0,64.13999999999999,62.88235294117646
2026-06-12,324,4,219.89,135.0,84.88999999999999,62.88148148148147
2025-08-23,320,3,167.76,103.0,64.75999999999999,62.873786407766985
2025-10-21,418,0,165.96,447.0,281.03999999999996,62.87248322147651
2025-12-05,435,1,149.84,92.0,57.84,62.86956521739131
2026-03-23,382,1,332.25,204.0,128.25,62.86764705882353
2025-12-29,288,2,219.87,135.0,84.87,62.866666666666674
2026-04-15,490,1,356.67,219.0,137.67000000000002,62.86301369863014
2025-10-03,412,1,138.43,85.0,53.43000000000001,62.85882352941178
2025-10-29,339,2,172.63,106.0,66.63,62.85849056603773
2026-05-03,512,2,289.85,178.0,111.85000000000002,62.83707865168541
2026-06-29,272,6,665.98,409.0,256.98,62.831295843520785
2025-08-12,425,1,115.61,71.0,44.61,62.83098591549295
2026-04-04,475,1,188.88,116.0,72.88,62.82758620689655
2025-08-23,274,4,130.26,80.0,50.25999999999999,62.82499999999999
2025-10-20,357,0,1375.85,845.0,530.8499999999999,62.82248520710058
2026-04-04,456,1,255.63,157.0,98.63,62.82165605095541
2025-08-16,461,0,208.41,128.0,80.41,62.8203125
2026-06-19,338,2,72.13,194.0,121.87,62.81958762886598
2026-04-16,304,1,413.56,254.0,159.56,62.81889763779528
2025-11-20,418,1,78.15,48.0,30.150000000000006,62.812500000000014
2025-10-25,361,1,81.4,50.0,31.400000000000006,62.80000000000001
2025-09-04,371,2,8.93,24.0,15.07,62.79166666666667
2026-06-15,510,3,170.93,105.0,65.93,62.7904761904762
2026-03-30,509,4,7.07,19.0,11.93,62.78947368421053
2026-01-26,398,2,61.86,38.0,23.86,62.78947368421053
2025-10-06,450,1,348.36,214.0,134.36,62.78504672897197
2026-01-06,330,3,164.41,101.0,63.41,62.78217821782178
2025-12-17,339,0,1108.49,681.0,427.49,62.773861967694565
2026-04-30,294,2,128.06,344.0,215.94,62.77325581395349
2026-07-23,365,1,623.41,383.0,240.40999999999997,62.77023498694516
2025-08-11,279,3,224.62,138.0,86.62,62.76811594202899
2026-06-23,469,1,97.93,263.0,165.07,62.76425855513308
2025-10-20,335,1,100.91,271.0,170.09,62.76383763837639
2025-12-14,466,1,231.12,142.0,89.12,62.760563380281695
2025-08-24,353,2,358.07,220.0,138.07,62.75909090909091
2026-01-27,343,1,320.62,197.0,123.62,62.751269035533
2025-12-07,507,1,2.98,8.0,5.02,62.74999999999999
2026-07-08,475,0,154.59,415.0,260.40999999999997,62.74939759036143
2025-09-17,415,1,191.86,515.0,323.14,62.74563106796116
2025-08-06,405,1,41.73,112.0,70.27000000000001,62.74107142857144
2026-05-07,418,2,156.22,96.0,60.22,62.72916666666667
2025-10-15,423,1,143.87,386.0,242.13,62.7279792746114
2025-08-16,371,2,12.3,33.0,20.7,62.72727272727272
2026-03-25,472,1,67.84,182.0,114.16,62.72527472527473
2025-08-25,451,0,64.86,174.0,109.14,62.724137931034484
2025-12-29,382,1,506.06,311.0,195.06,62.72025723472668
2025-10-25,501,0,701.31,431.0,270.30999999999995,62.71693735498839
2026-06-15,482,0,125.29,77.0,48.290000000000006,62.71428571428572
2026-05-29,384,1,84.61,52.0,32.61,62.71153846153846
2026-02-01,507,1,150.65,404.0,253.35,62.71039603960396
2026-04-15,388,5,174.1,107.0,67.1,62.71028037383177
2026-06-25,336,3,115.52,71.0,44.519999999999996,62.70422535211267
2025-10-28,371,1,113.89,70.0,43.89,62.7
2026-07-09,459,1,16.27,10.0,6.27,62.7
2026-06-10,521,0,16.27,10.0,6.27,62.7
2026-07-01,472,0,436.02,268.0,168.01999999999998,62.69402985074626
2026-06-16,511,0,317.23,195.0,122.23000000000002,62.68205128205129
2026-04-27,460,1,353.02,217.0,136.01999999999998,62.68202764976958
2026-04-04,442,2,17.54,47.0,29.46,62.68085106382979
2025-10-05,422,1,309.09,190.0,119.08999999999997,62.678947368421035
2025-10-08,305,2,637.7,392.0,245.70000000000005,62.67857142857144
2026-02-05,505,3,31.35,84.0,52.65,62.67857142857143
2025-09-17,415,0,192.22,515.0,322.78,62.675728155339804
2025-08-18,320,9,364.39,224.0,140.39,62.67410714285714
2025-08-15,415,1,297.88,798.0,500.12,62.67167919799499
2025-08-18,396,3,123.63,76.0,47.629999999999995,62.67105263157894
2025-08-30,370,1,468.48,288.0,180.48000000000002,62.66666666666667
2026-03-05,405,1,9.76,6.0,3.76,62.66666666666666
2026-03-22,273,4,24.4,15.0,9.399999999999999,62.66666666666666
2025-12-29,423,1,753.14,463.0,290.14,62.665226781857456
2026-02-02,475,0,206.58,127.0,79.58000000000001,62.66141732283466
2025-08-27,474,1,68.33,183.0,114.67,62.661202185792355
2025-08-18,447,0,232.6,143.0,89.6,62.65734265734265
2026-06-16,511,1,317.17,195.0,122.17000000000002,62.65128205128207
2025-10-22,339,4,77.32,207.0,129.68,62.64734299516908
2025-10-27,474,1,193.55,119.0,74.55000000000001,62.64705882352942
2026-03-04,470,1,330.2,884.0,553.8,62.64705882352941
2026-04-02,334,3,49.68,133.0,83.32,62.64661654135338
2025-08-04,330,2,268.61,719.0,450.39,62.64116828929068
2025-07-27,328,0,1005.08,618.0,387.08000000000004,62.634304207119754
2025-08-30,319,1,43.91,27.0,16.909999999999997,62.62962962962961
2026-02-15,405,0,87.82,54.0,33.81999999999999,62.62962962962961
2026-02-14,476,0,240.69,148.0,92.69,62.62837837837838
2026-01-19,427,1,69.93,43.0,26.930000000000007,62.6279069767442
2026-01-11,346,1,156.12,96.0,60.120000000000005,62.62500000000001
2026-03-26,280,1,52.04,32.0,20.04,62.625
2025-08-15,415,0,298.26,798.0,499.74,62.62406015037594
2026-02-09,480,0,673.26,414.0,259.26,62.6231884057971
2025-10-22,480,1,141.48,87.0,54.47999999999999,62.6206896551724
2025-09-17,319,3,34.15,21.0,13.149999999999999,62.619047619047606
2025-11-28,320,4,161.86,433.0,271.14,62.6189376443418
2026-05-26,340,2,55.29,34.0,21.29,62.61764705882352
2026-05-30,405,1,38.13,102.0,63.87,62.61764705882352
2026-01-18,467,0,1318.82,811.0,507.81999999999994,62.61652281134401
2025-10-26,364,3,1162.68,715.0,447.68000000000006,62.612587412587416
2026-05-13,340,4,34.4,92.0,57.6,62.60869565217392
2025-12-22,282,4,198.38,122.0,76.38,62.60655737704918
2026-03-14,294,0,3277.99,2016.0,1261.9899999999998,62.5987103174603
2025-09-22,331,6,299.17,184.0,115.17000000000002,62.59239130434784
2025-10-08,371,2,121.94,75.0,46.94,62.586666666666666
2025-08-28,331,4,530.01,326.0,204.01,62.57975460122699
2026-06-09,354,3,551.12,339.0,212.12,62.57227138643068
2025-08-27,474,0,68.5,183.0,114.5,62.568306010928964
2025-12-30,494,0,121.67,325.0,203.32999999999998,62.56307692307692
2026-04-20,501,1,50.92,136.0,85.08,62.55882352941177
2025-10-27,481,0,151.17,93.0,58.16999999999999,62.548387096774185
2025-10-02,357,6,564.03,347.0,217.02999999999997,62.54466858789625
2025-12-17,317,1,114.24,305.0,190.76,62.544262295081964
2025-10-08,321,0,905.37,557.0,348.37,62.543985637342914
2026-04-23,307,1,529.88,326.0,203.88,62.5398773006135
2025-09-30,371,2,88.79,237.0,148.20999999999998,62.53586497890294
2025-08-18,288,5,160.9,99.0,61.900000000000006,62.525252525252526
2025-10-10,357,3,208.03,128.0,80.03,62.5234375
2026-07-04,308,6,360.79,222.0,138.79000000000002,62.518018018018026
2026-03-04,470,0,331.35,884.0,552.65,62.51696832579186
2026-07-04,449,1,302.28,186.0,116.27999999999997,62.51612903225805
2025-09-25,274,4,53.63,33.0,20.630000000000003,62.51515151515152
2026-03-08,509,5,74.6,199.0,124.4,62.51256281407035
2026-07-17,348,4,92.63,57.0,35.629999999999995,62.50877192982456
2025-10-05,422,0,308.76,190.0,118.75999999999999,62.50526315789473
2026-06-23,469,0,98.62,263.0,164.38,62.50190114068441
2025-10-22,272,1,6.75,18.0,11.25,62.5
2026-03-10,277,2,3.25,2.0,1.25,62.5
2025-10-13,282,3,32.5,20.0,12.5,62.5
2025-09-24,482,2,16.25,10.0,6.25,62.5
2026-01-20,383,1,6.75,18.0,11.25,62.5
2025-11-27,315,3,3.25,2.0,1.25,62.5
2025-09-17,448,2,3.75,10.0,6.25,62.5
2025-09-20,410,0,78.76,210.0,131.24,62.4952380952381
2026-03-23,292,3,79.62,49.0,30.620000000000005,62.48979591836735
2026-01-12,331,2,489.09,301.0,188.08999999999997,62.488372093023244
2025-10-24,387,0,370.47,228.0,142.47000000000003,62.48684210526317
2026-04-03,516,8,10.88,29.0,18.119999999999997,62.48275862068965
2026-01-27,357,5,68.24,42.0,26.239999999999995,62.47619047619046
2025-11-20,398,1,51.99,32.0,19.990000000000002,62.46875000000001
2026-05-03,521,1,28.15,75.0,46.85,62.46666666666667
2025-10-06,288,1,121.85,75.0,46.849999999999994,62.46666666666666
2026-07-08,468,1,61.18,163.0,101.82,62.466257668711656
2025-11-14,431,0,240.45,148.0,92.44999999999999,62.46621621621621
2026-02-14,509,1,21.12,13.0,8.120000000000001,62.46153846153847
2026-01-06,289,3,180.33,111.0,69.33000000000001,62.45945945945947
2026-01-28,509,1,11.64,31.0,19.36,62.45161290322581
2026-07-22,535,1,3.38,9.0,5.62,62.44444444444445
2026-07-07,400,3,29.24,18.0,11.239999999999998,62.444444444444436
2025-10-21,405,1,45.82,122.0,76.18,62.44262295081968
2026-03-27,391,3,139.7,86.0,53.69999999999999,62.441860465116264
2026-05-15,459,1,12.77,34.0,21.23,62.44117647058823
2025-10-05,467,1,1518.76,935.0,583.76,62.43422459893048
2026-06-05,372,2,417.45,257.0,160.45,62.431906614785994
2026-07-23,291,2,34.19,91.0,56.81,62.42857142857143
2026-04-21,405,1,11.37,7.0,4.369999999999999,62.42857142857142
2025-11-14,430,1,121.82,75.0,46.81999999999999,62.426666666666655
2025-08-18,494,1,136.43,84.0,52.43000000000001,62.41666666666668
2026-02-01,303,2,30.07,80.0,49.93,62.4125
2026-06-10,509,4,6.39,17.0,10.61,62.41176470588235
2026-05-29,368,4,2884.42,1776.0,1108.42,62.41103603603604
2026-07-02,514,1,557.05,343.0,214.04999999999995,62.405247813411066
2026-06-15,318,5,495.13,1317.0,821.87,62.40470766894457
2026-05-18,509,3,11.28,30.0,18.72,62.4
2026-05-06,340,4,28.2,75.0,46.8,62.4
2026-02-22,282,2,47.0,125.0,78.0,62.4
2026-06-10,419,3,16.24,10.0,6.239999999999998,62.39999999999999
2025-09-13,405,2,22.94,61.0,38.06,62.39344262295082
2025-12-19,298,0,370.24,228.0,142.24,62.3859649122807
2025-12-09,444,1,78.24,208.0,129.76,62.38461538461538
2026-02-24,319,1,21.11,13.0,8.11,62.38461538461538
2026-03-31,509,6,9.78,26.0,16.22,62.38461538461538
2026-03-04,479,1,43.64,116.0,72.36,62.37931034482759
2025-08-01,487,2,120.01,319.0,198.99,62.37931034482759
2025-11-12,339,2,133.15,82.0,51.150000000000006,62.378048780487816
2025-11-25,506,0,47.78,127.0,79.22,62.37795275590551
2025-11-17,319,5,51.96,32.0,19.96,62.375
2026-02-27,448,2,3.01,8.0,4.99,62.375
2025-11-02,370,1,495.23,305.0,190.23000000000002,62.370491803278696
2026-06-22,531,1,4.14,11.0,6.86,62.36363636363637
2026-07-08,320,6,33.12,88.0,54.88,62.36363636363637
2026-07-20,283,3,165.61,102.0,63.610000000000014,62.36274509803923
2025-11-25,506,1,47.8,127.0,79.2,62.36220472440945
2026-06-14,386,3,45.46,28.0,17.46,62.357142857142854
2026-06-25,306,1,160.73,99.0,61.72999999999999,62.353535353535335
2026-07-21,461,0,87.67,54.0,33.67,62.35185185185186
2026-01-25,315,3,9.79,26.0,16.21,62.346153846153854
2026-01-01,308,2,300.34,185.0,115.33999999999997,62.345945945945935
2026-01-18,388,1,409.11,252.0,157.11,62.345238095238095
2025-12-29,480,0,1258.17,775.0,483.1700000000001,62.34451612903227
2026-03-14,294,2,439.94,271.0,168.94,62.33948339483395
2026-03-14,315,3,9.74,6.0,3.74,62.33333333333334
2026-04-08,509,3,9.74,6.0,3.74,62.33333333333334
2025-12-26,405,2,9.04,24.0,14.96,62.33333333333334
2025-11-04,459,1,15.82,42.0,26.18,62.33333333333333
2026-03-06,509,6,3.39,9.0,5.609999999999999,62.33333333333333
2026-04-15,273,2,490.24,302.0,188.24,62.331125827814574
2026-01-27,292,4,214.27,132.0,82.27000000000001,62.32575757575758
2026-07-08,468,0,61.41,163.0,101.59,62.32515337423313
2026-03-08,509,7,234.72,623.0,388.28,62.32423756019261
2026-06-03,340,1,556.77,343.0,213.76999999999998,62.323615160349846
2026-07-01,412,0,95.77,59.0,36.769999999999996,62.32203389830507
2025-08-18,308,9,191.54,118.0,73.53999999999999,62.32203389830507
2025-09-01,384,3,10.55,28.0,17.45,62.32142857142857
2026-06-28,327,3,240.22,148.0,92.22,62.310810810810814
2025-12-04,370,3,499.91,308.0,191.91000000000003,62.308441558441565
2026-07-01,510,5,141.2,87.0,54.19999999999999,62.29885057471263
2025-10-24,332,4,209.36,129.0,80.36000000000001,62.294573643410864
2026-04-27,332,3,189.88,117.0,72.88,62.29059829059829
2026-07-18,318,1,433.31,267.0,166.31,62.28838951310861
2026-07-06,320,7,163.91,101.0,62.91,62.28712871287129
2026-04-22,281,5,2.64,7.0,4.359999999999999,62.28571428571428
2026-01-12,336,3,142.81,88.0,54.81,62.284090909090914
2025-10-26,501,0,809.77,499.0,310.77,62.27855711422845
2025-10-23,406,0,118.46,73.0,45.459999999999994,62.27397260273971
2026-07-11,362,1,24.34,15.0,9.34,62.26666666666667
2025-09-20,410,1,79.24,210.0,130.76,62.26666666666666
2025-10-26,471,1,603.6,372.0,231.60000000000002,62.25806451612904
2026-03-04,444,1,107.19,284.0,176.81,62.25704225352112
2026-05-04,390,2,147.65,91.0,56.650000000000006,62.252747252747255
2025-11-27,424,0,64.9,40.0,24.900000000000006,62.250000000000014
2025-11-27,336,2,12.98,8.0,4.98,62.25000000000001
2026-01-08,420,1,89.86,238.0,148.14,62.24369747899159
2025-08-16,319,1,121.68,75.0,46.68000000000001,62.24000000000001
2026-01-27,437,1,251.47,155.0,96.47,62.23870967741936
2026-02-15,437,0,499.68,308.0,191.68,62.23376623376624
2026-01-04,486,1,155.25,411.0,255.75,62.22627737226277
2025-11-06,355,6,158.98,98.0,60.97999999999999,62.22448979591836
2026-06-01,291,1,342.29,211.0,131.29000000000002,62.222748815165886
2026-06-26,273,7,86.51,229.0,142.49,62.22270742358079
2025-11-02,291,2,191.42,118.0,73.41999999999999,62.22033898305084
2026-04-21,516,12,8.69,23.0,14.31,62.21739130434783
2025-11-14,431,1,240.07,148.0,92.07,62.20945945945946
2026-03-26,510,1,241.69,149.0,92.69,62.20805369127517
2026-04-14,488,1,177.64,470.0,292.36,62.204255319148935
2026-07-08,388,3,72.99,45.0,27.989999999999995,62.19999999999999
2025-11-12,352,2,183.28,113.0,70.28,62.19469026548673
2026-05-04,509,6,6.05,16.0,9.95,62.18749999999999
2025-10-15,288,4,89.62,237.0,147.38,62.18565400843882
2025-08-27,390,1,408.79,1081.0,672.21,62.1840888066605
2025-08-27,390,0,408.81,1081.0,672.19,62.1822386679001
2026-04-13,331,5,53.52,33.0,20.520000000000003,62.181818181818194
2025-09-14,374,3,27.57,17.0,10.57,62.1764705882353
2025-12-16,334,2,6.43,17.0,10.57,62.1764705882353
2026-06-17,498,1,34.8,92.0,57.2,62.173913043478265
2025-11-24,338,2,84.33,52.0,32.33,62.17307692307692
2026-01-16,291,4,141.09,87.0,54.09,62.17241379310345
2025-10-24,423,1,737.86,455.0,282.86,62.167032967032966
2025-11-01,320,7,515.68,318.0,197.67999999999995,62.163522012578596
2025-10-24,410,0,111.89,69.0,42.89,62.15942028985507
2026-07-07,475,1,111.89,69.0,42.89,62.15942028985507
2025-11-06,301,2,154.05,95.0,59.05000000000001,62.15789473684211
2025-11-08,404,1,7.19,19.0,11.809999999999999,62.1578947368421
2025-07-31,476,1,98.41,260.0,161.59,62.150000000000006
2026-01-16,341,2,395.61,244.0,151.61,62.135245901639344
2025-12-14,466,0,230.23,142.0,88.22999999999999,62.13380281690141
2025-09-28,406,2,170.24,105.0,65.24000000000001,62.13333333333334
2026-06-04,403,2,48.64,30.0,18.64,62.13333333333334
2026-06-29,391,1,389.1,240.0,149.10000000000002,62.12500000000001
2026-06-29,534,5,12.97,8.0,4.970000000000001,62.12500000000001
2026-03-19,480,5,82.95,219.0,136.05,62.12328767123289
2026-01-27,308,6,160.5,99.0,61.5,62.121212121212125
2025-08-16,333,2,588.49,363.0,225.49,62.11845730027549
2026-06-29,321,3,246.42,152.0,94.41999999999999,62.11842105263157
2025-08-19,398,1,43.77,27.0,16.770000000000003,62.11111111111113
2025-08-29,472,1,107.24,283.0,175.76,62.1060070671378
2025-07-29,476,1,78.82,208.0,129.18,62.10576923076923
2025-09-14,485,0,168.63,445.0,276.37,62.10561797752809
2026-02-25,442,2,7.2,19.0,11.8,62.10526315789474
2026-05-10,303,2,79.43,49.0,30.430000000000007,62.10204081632654
2025-10-02,335,1,109.54,289.0,179.45999999999998,62.09688581314878
2026-02-06,494,1,36.39,96.0,59.61,62.09375
2026-06-30,525,2,17.83,11.0,6.829999999999998,62.09090909090907
2026-06-24,371,3,97.25,60.0,37.25,62.083333333333336
2025-11-01,401,1,346.85,214.0,132.85000000000002,62.079439252336456
2025-10-26,471,0,602.92,372.0,230.91999999999996,62.07526881720429
2026-01-27,480,5,239.87,148.0,91.87,62.07432432432432
2025-08-28,459,1,22.69,14.0,8.690000000000001,62.07142857142858
2026-03-06,480,2,97.24,60.0,37.239999999999995,62.066666666666656
2025-10-24,387,1,369.5,228.0,141.5,62.06140350877193
2026-07-23,346,1,53.48,33.0,20.479999999999997,62.06060606060605
2026-02-21,318,5,411.63,254.0,157.63,62.05905511811023
2026-03-03,289,1,56.72,35.0,21.72,62.05714285714286
2026-05-31,371,2,233.36,144.0,89.36000000000001,62.055555555555564
2026-02-07,512,2,54.64,144.0,89.36,62.05555555555555
2026-05-03,521,0,28.46,75.0,46.54,62.05333333333333
2026-04-15,363,3,249.55,154.0,95.55000000000001,62.04545454545455
2026-05-13,419,3,35.65,22.0,13.649999999999999,62.04545454545454
2026-03-12,516,10,37.27,23.0,14.270000000000003,62.04347826086958
2026-03-26,390,2,184.72,114.0,70.72,62.03508771929825
2026-04-14,488,0,178.44,470.0,291.56,62.03404255319149
2026-06-17,498,0,34.93,92.0,57.07,62.03260869565217
2025-10-21,332,1,145.8,384.0,238.2,62.03124999999999
2025-09-22,467,0,628.66,388.0,240.65999999999997,62.025773195876276
2026-06-22,509,5,126.38,78.0,48.379999999999995,62.02564102564102
2025-08-11,449,1,490.92,303.0,187.92000000000002,62.01980198019803
2026-06-07,405,2,20.89,55.0,34.11,62.018181818181816
2026-05-16,315,0,724.22,447.0,277.22,62.017897091722595
2026-07-13,509,2,106.93,66.0,40.93000000000001,62.01515151515152
2026-03-23,495,0,430.96,266.0,164.95999999999998,62.01503759398496
2026-01-04,459,1,28.87,76.0,47.129999999999995,62.013157894736835
2025-10-29,494,0,197.65,122.0,75.65,62.00819672131148
2026-03-13,459,1,4.86,3.0,1.8600000000000003,62.000000000000014
2026-04-08,403,5,25.92,16.0,9.920000000000002,62.000000000000014
2026-07-22,336,1,77.76,48.0,29.760000000000005,62.000000000000014
2026-02-05,291,2,72.9,45.0,27.900000000000006,62.000000000000014
2025-12-23,362,2,1.62,1.0,0.6200000000000001,62.000000000000014
2026-07-19,520,5,3.8,10.0,6.2,62.0
2026-07-08,528,3,35.64,22.0,13.64,62.0
2026-01-04,374,3,5.32,14.0,8.68,62.0
2025-12-03,348,7,0.76,2.0,1.24,62.0
2026-04-21,396,4,0.38,1.0,0.62,62.0
2025-10-08,317,0,1171.22,723.0,448.22,61.99446749654219
2026-01-10,339,5,115.01,71.0,44.010000000000005,61.98591549295776
2026-06-12,308,2,187.89,116.0,71.88999999999999,61.97413793103447
2025-09-12,398,4,124.72,77.0,47.72,61.97402597402597
2026-06-29,319,8,168.45,104.0,64.44999999999999,61.97115384615384
2026-04-29,433,0,242.95,150.0,92.94999999999999,61.96666666666666
2026-07-16,413,0,332.03,205.0,127.02999999999997,61.965853658536574
2026-02-24,387,2,27.39,72.0,44.61,61.958333333333336
2025-12-22,322,1,255.89,158.0,97.88999999999999,61.95569620253164
2026-07-21,339,0,926.38,572.0,354.38,61.95454545454545
2025-08-28,467,0,740.13,457.0,283.13,61.95404814004376
2026-01-30,410,0,16.36,43.0,26.64,61.95348837209303
2025-09-22,338,2,103.65,64.0,39.650000000000006,61.95312500000001
2026-06-26,338,2,86.37,227.0,140.63,61.95154185022026
2026-07-04,331,2,1091.52,674.0,417.52,61.94658753709199
2025-10-24,448,2,19.41,51.0,31.59,61.94117647058823
2026-02-24,345,3,47.96,126.0,78.03999999999999,61.93650793650794
2025-10-15,435,1,45.68,120.0,74.32,61.93333333333333
2025-08-28,344,0,971.56,600.0,371.55999999999995,61.926666666666655
2026-07-21,461,1,87.44,54.0,33.44,61.92592592592592
2025-08-19,320,4,134.39,83.0,51.389999999999986,61.915662650602385
2026-05-09,374,3,8.76,23.0,14.24,61.91304347826087
2026-01-24,503,1,163.53,101.0,62.53,61.91089108910891
2025-10-26,308,3,382.1,236.0,146.10000000000002,61.90677966101696
2026-04-15,308,5,443.62,274.0,169.62,61.90510948905109
2025-10-20,280,1,34.0,21.0,13.0,61.904761904761905
2026-01-05,388,5,170.0,105.0,65.0,61.904761904761905
2025-10-23,390,0,553.7,342.0,211.70000000000005,61.900584795321656
2026-02-22,509,6,3.81,10.0,6.1899999999999995,61.9
2026-03-24,281,5,3.81,10.0,6.1899999999999995,61.9
2026-07-01,456,0,194.28,120.0,74.28,61.9
2025-10-12,374,1,505.12,312.0,193.12,61.897435897435905
2026-07-02,527,0,45.33,28.0,17.33,61.89285714285714
2025-09-01,409,1,90.66,56.0,34.66,61.89285714285714
2026-02-04,274,6,74.47,46.0,28.47,61.89130434782608
2026-01-20,510,5,652.42,403.0,249.41999999999996,61.89081885856078
2026-04-26,319,7,30.49,80.0,49.510000000000005,61.8875
2026-04-29,433,1,242.83,150.0,92.83000000000001,61.88666666666668
2026-05-26,442,2,13.34,35.0,21.66,61.885714285714286
2025-10-18,486,1,560.12,346.0,214.12,61.88439306358382
2026-02-20,320,4,101.98,63.0,38.980000000000004,61.87301587301588
2025-08-09,498,0,315.65,195.0,120.64999999999998,61.87179487179486
2026-06-29,460,0,472.66,292.0,180.66000000000003,61.869863013698634
2025-09-06,373,1,171.58,106.0,65.58000000000001,61.8679245283019
2026-02-24,338,2,48.56,30.0,18.560000000000002,61.86666666666667
2025-07-29,476,0,79.32,208.0,128.68,61.86538461538462
2025-12-29,423,0,749.43,463.0,286.42999999999995,61.86393088552915
2026-06-29,302,2,459.69,284.0,175.69,61.86267605633803
2025-08-29,461,0,105.21,65.0,40.209999999999994,61.86153846153846
2025-08-06,386,3,30.13,79.0,48.870000000000005,61.86075949367089
2026-07-01,305,3,215.27,133.0,82.27000000000001,61.85714285714287
2026-06-05,361,1,33.99,21.0,12.990000000000002,61.85714285714287
2026-01-02,485,2,33.95,89.0,55.05,61.85393258426966
2026-03-28,400,1,320.47,198.0,122.47000000000003,61.85353535353537
2025-12-19,298,1,369.01,228.0,141.01,61.846491228070164
2025-08-28,332,6,147.28,91.0,56.28,61.846153846153854
2025-09-22,467,1,627.96,388.0,239.96000000000004,61.84536082474228
2026-02-18,274,2,40.46,25.0,15.46,61.84
2025-08-19,396,2,228.96,600.0,371.03999999999996,61.839999999999996
2025-10-03,481,2,106.81,66.0,40.81,61.83333333333334
2025-10-17,403,2,58.26,36.0,22.259999999999998,61.83333333333333
2026-06-29,427,0,241.11,149.0,92.11000000000001,61.818791946308735
2026-06-29,346,3,891.6,551.0,340.6,61.81488203266788
2026-07-01,412,1,95.47,59.0,36.47,61.813559322033896
2026-01-04,456,1,370.55,229.0,141.55,61.812227074235814
2026-03-21,336,2,50.8,133.0,82.2,61.8045112781955
2026-05-29,385,2,653.69,404.0,249.69000000000005,61.80445544554457
2025-08-29,461,1,105.17,65.0,40.17,61.8
2025-11-14,476,0,176.36,109.0,67.36000000000001,61.79816513761469
2025-09-11,398,2,9.17,24.0,14.83,61.791666666666664
2025-10-15,435,0,45.85,120.0,74.15,61.791666666666664
2026-04-25,400,3,38.83,24.0,14.829999999999998,61.79166666666666
2026-05-17,516,7,78.33,205.0,126.67,61.79024390243902
2026-06-27,372,2,598.61,370.0,228.61,61.78648648648649
2026-06-20,510,3,241.06,149.0,92.06,61.785234899328856
2026-01-27,509,8,103.54,64.0,39.540000000000006,61.78125000000001
2026-02-22,280,1,57.33,150.0,92.67,61.78
2026-01-08,420,0,90.97,238.0,147.03,61.77731092436974
2026-03-18,424,1,37.46,98.0,60.54,61.77551020408163
2025-10-22,388,3,64.71,40.0,24.709999999999994,61.77499999999998
2026-05-29,372,3,242.65,150.0,92.65,61.76666666666667
2025-09-24,319,8,55.0,34.0,21.0,61.76470588235294
2026-06-28,404,2,129.41,80.0,49.41,61.762499999999996
2026-07-09,397,0,383.36,237.0,146.36,61.755274261603375
2026-07-17,303,1,32.35,20.0,12.350000000000001,61.75000000000001
2025-11-01,482,2,13.77,36.0,22.23,61.75000000000001
2026-05-17,362,2,3.06,8.0,4.9399999999999995,61.74999999999999
2026-01-16,364,5,242.62,150.0,92.62,61.74666666666667
2025-12-25,472,2,567.75,1484.0,916.25,61.74191374663073
2025-10-30,483,1,431.85,267.0,164.85000000000002,61.74157303370787
2026-01-21,429,0,580.65,359.0,221.64999999999998,61.74094707520891
2025-10-20,319,1,43.67,27.0,16.67,61.740740740740755
2026-01-28,356,3,203.79,126.0,77.78999999999999,61.738095238095234
2026-02-10,482,1,42.05,26.0,16.049999999999997,61.73076923076922
2026-06-20,431,1,253.91,157.0,96.91,61.72611464968153
2026-02-22,516,6,55.13,144.0,88.87,61.71527777777778
2026-07-23,404,1,2.68,7.0,4.32,61.71428571428572
2026-07-13,534,5,8.04,21.0,12.96,61.71428571428572
2025-10-03,493,0,150.39,93.0,57.389999999999986,61.709677419354826
2025-09-26,459,2,127.75,79.0,48.75,61.70886075949367
2025-07-31,476,0,99.56,260.0,160.44,61.707692307692305
2026-02-11,469,0,105.11,65.0,40.11,61.707692307692305
2026-05-03,516,12,22.21,58.0,35.79,61.706896551724135
2025-10-24,480,1,109.96,68.0,41.959999999999994,61.70588235294117
2026-05-17,303,2,160.85,420.0,259.15,61.70238095238094
2026-06-20,431,0,253.87,157.0,96.87,61.70063694267516
2025-10-21,363,3,514.2,318.0,196.20000000000005,61.69811320754719
2025-12-17,332,1,197.27,122.0,75.27000000000001,61.69672131147542
2026-06-16,427,1,55.17,144.0,88.83,61.68749999999999
2025-10-19,404,2,121.26,75.0,46.260000000000005,61.68
2026-02-02,336,5,198.86,123.0,75.86000000000001,61.674796747967484
2026-07-10,513,2,345.97,214.0,131.97000000000003,61.668224299065436
2026-05-29,380,0,733.97,454.0,279.97,61.667400881057276
2025-11-15,353,1,208.55,129.0,79.55000000000001,61.66666666666668
2026-04-06,404,1,3.45,9.0,5.55,61.66666666666667
2026-07-15,419,3,9.7,6.0,3.6999999999999993,61.66666666666666
2026-05-11,404,1,4.85,3.0,1.8499999999999996,61.66666666666666
2025-10-21,280,2,238.08,621.0,382.91999999999996,61.66183574879226
2026-02-02,383,2,51.73,32.0,19.729999999999997,61.65624999999999
2026-06-07,516,1,60.2,157.0,96.8,61.65605095541401
2026-06-03,372,4,134.17,83.0,51.16999999999999,61.650602409638545
2026-05-19,301,3,118.5,309.0,190.5,61.6504854368932
2026-01-17,371,1,522.13,323.0,199.13,61.65015479876161
2026-06-11,509,8,169.73,105.0,64.72999999999999,61.64761904761904
2026-06-02,319,3,54.96,34.0,20.96,61.64705882352941
2026-02-15,437,1,497.86,308.0,189.86,61.642857142857146
2026-05-20,386,3,22.63,14.0,8.629999999999999,61.64285714285713
2025-11-14,476,1,176.19,109.0,67.19,61.642201834862384
2026-07-07,472,1,126.08,78.0,48.08,61.641025641025635
2025-10-21,348,6,661.1,409.0,252.10000000000002,61.63814180929096
2026-02-24,516,5,4.22,11.0,6.78,61.63636363636363
2026-01-24,482,2,9.21,24.0,14.79,61.625
2025-08-11,383,1,25.86,16.0,9.86,61.625
2026-05-05,357,4,24.18,63.0,38.82,61.61904761904762
2026-01-27,505,2,33.94,21.0,12.939999999999998,61.619047619047606
2025-07-27,480,6,93.65,244.0,150.35,61.618852459016395
2026-03-19,371,1,148.93,388.0,239.07,61.615979381443296
2026-07-11,537,0,62.95,164.0,101.05,61.61585365853658
2026-04-03,346,1,34.93,91.0,56.07,61.61538461538461
2025-09-15,320,4,124.44,77.0,47.44,61.6103896103896
2025-09-05,494,1,75.25,196.0,120.75,61.60714285714286
2025-12-26,425,2,407.25,252.0,155.25,61.60714285714286
2025-07-29,361,3,70.65,184.0,113.35,61.60326086956521
2026-05-19,435,0,93.69,244.0,150.31,61.60245901639344
2026-03-18,424,0,37.63,98.0,60.37,61.60204081632653
2025-12-12,418,0,206.85,128.0,78.85,61.60156249999999
2026-04-26,513,2,575.3,356.0,219.29999999999995,61.601123595505605
2026-03-14,390,2,264.57,689.0,424.43,61.600870827285924
2025-10-21,336,5,83.34,217.0,133.66,61.59447004608295
2026-06-26,357,4,47.24,123.0,75.75999999999999,61.59349593495934
2026-02-09,291,2,71.1,44.0,27.099999999999994,61.59090909090907
2025-09-28,333,3,733.54,454.0,279.53999999999996,61.5726872246696
2025-11-24,363,4,319.91,198.0,121.91000000000003,61.57070707070709
2025-12-02,384,3,25.85,16.0,9.850000000000001,61.56250000000001
2026-07-04,461,0,172.87,107.0,65.87,61.56074766355141
2025-11-01,318,5,483.06,299.0,184.06,61.55852842809365
2026-05-01,336,2,44.21,115.0,70.78999999999999,61.55652173913043
2025-07-31,340,2,242.98,632.0,389.02,61.55379746835443
2025-08-16,440,1,1058.14,655.0,403.1400000000001,61.54809160305344
2025-09-14,398,1,116.31,72.0,44.31,61.54166666666667
2026-02-07,507,2,47.69,124.0,76.31,61.54032258064517
2025-12-17,363,1,21.0,13.0,8.0,61.53846153846154
2025-11-13,374,2,6.54,17.0,10.46,61.52941176470589
2025-11-18,449,1,105.42,274.0,168.57999999999998,61.52554744525547
2026-04-21,319,5,40.38,25.0,15.380000000000003,61.52000000000001
2025-07-27,328,1,998.19,618.0,380.19000000000005,61.51941747572817
2025-12-25,336,2,36.56,95.0,58.44,61.515789473684215
2025-10-20,325,0,1324.41,820.0,504.4100000000001,61.51341463414634
2026-06-29,364,3,663.82,411.0,252.82000000000005,61.513381995133834
2025-09-23,304,3,767.17,475.0,292.16999999999996,61.50947368421051
2026-02-11,469,1,104.98,65.0,39.980000000000004,61.50769230769232
2025-09-19,288,1,124.36,77.0,47.36,61.50649350649351
2025-10-21,332,4,105.48,274.0,168.51999999999998,61.503649635036496
2026-07-09,445,1,33.88,88.0,54.12,61.5
2026-06-19,348,7,0.77,2.0,1.23,61.5
2025-09-12,348,7,0.77,2.0,1.23,61.5
2025-08-19,382,1,306.84,190.0,116.83999999999997,61.49473684210525
2026-05-29,352,0,2722.71,1686.0,1036.71,61.48932384341638
2025-10-01,360,2,59.75,37.0,22.75,61.48648648648649
2026-05-07,480,2,158.25,98.0,60.25,61.47959183673469
2025-09-30,372,1,270.81,703.0,432.19,61.477951635846374
2026-07-04,461,1,172.78,107.0,65.78,61.476635514018696
2025-08-21,289,0,379.47,235.0,144.47000000000003,61.476595744680864
2025-08-07,405,2,11.56,30.0,18.439999999999998,61.46666666666666
2026-01-01,426,0,952.64,590.0,362.64,61.46440677966102
2025-11-04,334,2,10.02,26.0,15.98,61.46153846153847
2026-06-19,337,2,137.2,356.0,218.8,61.46067415730337
2026-04-02,319,5,38.75,24.0,14.75,61.458333333333336
2025-10-26,400,3,100.1,62.0,38.099999999999994,61.451612903225794
2026-03-04,440,0,264.78,164.0,100.77999999999997,61.45121951219511
2025-11-01,351,1,544.09,337.0,207.09000000000003,61.45103857566766
2025-08-27,364,4,214.35,556.0,341.65,61.447841726618705
2025-10-27,474,0,192.12,119.0,73.12,61.44537815126051
2026-03-19,507,1,150.75,391.0,240.25,61.44501278772378
2025-10-02,406,2,90.22,234.0,143.78,61.44444444444444
2026-07-04,449,0,300.27,186.0,114.26999999999998,61.43548387096773
2026-05-29,413,0,447.17,277.0,170.17000000000002,61.4332129963899
2025-10-03,492,1,238.92,148.0,90.91999999999999,61.43243243243243
2025-08-27,385,2,153.12,397.0,243.88,61.430730478589425
2026-04-10,448,2,11.3,7.0,4.300000000000001,61.428571428571445
2026-05-13,338,2,64.57,40.0,24.569999999999993,61.42499999999998
2026-03-05,516,4,45.52,118.0,72.47999999999999,61.42372881355931
2025-08-28,289,2,19.37,12.0,7.370000000000001,61.41666666666667
2026-04-14,390,0,458.37,1188.0,729.63,61.416666666666664
2025-10-26,401,0,503.62,312.0,191.62,61.416666666666664
2026-01-29,288,3,132.36,82.0,50.360000000000014,61.414634146341484
2026-06-30,331,1,347.04,215.0,132.04000000000002,61.413953488372094
2025-10-05,388,3,167.87,104.0,63.870000000000005,61.41346153846155
2025-10-03,302,2,228.83,593.0,364.16999999999996,61.4114671163575
2025-12-01,388,7,87.16,54.0,33.16,61.4074074074074
2026-07-16,291,2,28.18,73.0,44.82,61.3972602739726
2025-09-11,405,0,37.12,23.0,14.119999999999997,61.39130434782608
2026-05-29,357,0,1425.08,883.0,542.0799999999999,61.39071347678369
2025-11-03,348,5,285.65,177.0,108.64999999999998,61.38418079096044
2025-10-04,336,7,56.39,146.0,89.61,61.37671232876713
2026-07-18,514,0,1011.83,627.0,384.83000000000004,61.376395534290275
2026-07-15,373,3,434.09,269.0,165.08999999999997,61.3717472118959
2025-08-28,467,1,737.41,457.0,280.40999999999997,61.35886214442012
2025-08-21,382,2,158.13,98.0,60.129999999999995,61.357142857142854
2025-11-06,423,0,144.92,375.0,230.08,61.35466666666667
2026-03-04,465,0,127.47,79.0,48.47,61.35443037974684
2026-01-22,405,0,37.11,23.0,14.11,61.347826086956516
2026-03-04,358,1,254.35,658.0,403.65,61.34498480243161
2026-06-25,404,0,169.41,105.0,64.41,61.34285714285714
2026-01-01,348,0,2696.02,1671.0,1025.02,61.34171154997008
2025-08-05,456,0,114.55,71.0,43.55,61.33802816901408
2025-09-11,463,2,158.11,98.0,60.110000000000014,61.336734693877574
2025-10-22,348,1,168.96,437.0,268.03999999999996,61.33638443935926
2026-03-21,411,0,246.84,153.0,93.84,61.33333333333334
2025-10-12,282,2,53.36,138.0,84.64,61.33333333333333
2025-09-09,288,5,96.8,60.0,36.8,61.33333333333333
2026-04-05,396,4,4.84,3.0,1.8399999999999999,61.33333333333333
2026-04-01,319,7,14.52,9.0,5.52,61.33333333333333
2025-12-01,280,7,87.39,226.0,138.61,61.33185840707965
2025-11-01,475,0,351.67,218.0,133.67000000000002,61.316513761467895
2025-11-15,289,3,256.49,159.0,97.49000000000001,61.31446540880504
2025-11-18,449,0,106.0,274.0,168.0,61.31386861313869
2026-07-20,463,1,34.82,90.0,55.18,61.31111111111112
2025-12-03,319,9,130.66,81.0,49.66,61.30864197530864
2025-10-03,493,1,150.01,93.0,57.00999999999999,61.30107526881719
2025-09-18,363,3,150.01,93.0,57.00999999999999,61.30107526881719
2026-07-19,510,5,188.86,488.0,299.14,61.299180327868854
2025-09-17,419,2,27.42,17.0,10.420000000000002,61.29411764705883
2026-02-24,425,1,34.45,89.0,54.55,61.29213483146068
2025-11-28,319,7,17.42,45.0,27.58,61.288888888888884
2026-05-01,291,4,80.52,208.0,127.48,61.28846153846153
2025-11-24,480,1,117.74,73.0,44.739999999999995,61.287671232876704
2026-03-05,336,3,41.81,108.0,66.19,61.28703703703704
2025-12-15,482,0,56.45,35.0,21.450000000000003,61.2857142857143
2025-09-22,448,2,2.71,7.0,4.29,61.285714285714285
2026-05-31,308,10,1370.9,850.0,520.9000000000001,61.28235294117648
2026-01-05,437,0,258.05,160.0,98.05000000000001,61.28125000000001
2025-11-06,423,1,145.2,375.0,229.8,61.28
2026-07-21,296,0,354.8,220.0,134.8,61.27272727272728
2026-01-15,360,2,38.73,100.0,61.27,61.27
2025-08-16,298,1,649.91,403.0,246.90999999999997,61.267990074441684
2025-07-24,427,1,140.3,87.0,53.30000000000001,61.26436781609197
2025-09-19,372,4,122.56,76.0,46.56,61.26315789473684
2026-03-15,384,2,117.72,73.0,44.72,61.26027397260274
2026-06-29,432,0,559.56,347.0,212.55999999999995,61.25648414985589
2026-02-15,411,1,299.93,186.0,113.93,61.252688172043015
2026-04-07,383,1,12.9,8.0,4.9,61.25000000000001
2025-07-30,288,6,32.25,20.0,12.25,61.25000000000001
2026-05-21,442,2,4.65,12.0,7.35,61.24999999999999
2025-11-04,446,0,295.08,183.0,112.07999999999998,61.24590163934426
2025-10-27,469,0,133.83,83.0,50.83000000000001,61.240963855421704
2026-07-12,477,1,266.28,687.0,420.72,61.24017467248909
2026-04-02,516,12,6.59,17.0,10.41,61.23529411764706
2025-09-07,329,1,111.25,69.0,42.25,61.23188405797102
2026-03-04,513,2,82.58,213.0,130.42000000000002,61.23004694835682
2025-09-25,348,4,77.39,48.0,29.39,61.22916666666667
2025-08-28,391,0,470.78,292.0,178.77999999999997,61.22602739726026
2026-07-11,427,2,63.59,164.0,100.41,61.225609756097555
2025-09-07,419,2,95.12,59.0,36.120000000000005,61.22033898305086
2025-10-20,316,2,383.7,238.0,145.7,61.218487394957975
2025-10-15,353,1,96.73,60.0,36.730000000000004,61.216666666666676
2026-06-29,432,1,559.42,347.0,212.41999999999996,61.21613832853024
2025-10-29,487,0,324.03,201.0,123.02999999999997,61.20895522388058
2026-06-11,509,0,599.68,372.0,227.67999999999995,61.20430107526881
2026-01-28,292,3,112.84,70.0,42.84,61.20000000000001
2026-07-01,456,1,193.44,120.0,73.44,61.199999999999996
2026-01-24,479,2,5.82,15.0,9.18,61.199999999999996
2025-10-02,333,2,535.18,332.0,203.17999999999995,61.198795180722875
2026-05-01,331,5,48.51,125.0,76.49000000000001,61.192
2025-12-25,336,6,365.19,941.0,575.81,61.19128586609989
2025-09-07,406,2,298.2,185.0,113.19999999999999,61.189189189189186
2025-09-06,382,2,411.03,255.0,156.02999999999997,61.18823529411763
2026-03-23,503,1,81.9,211.0,129.1,61.18483412322274
2025-11-25,505,2,25.62,66.0,40.379999999999995,61.18181818181817
2026-06-02,430,0,62.86,39.0,23.86,61.17948717948718
2026-04-24,406,2,64.47,40.0,24.47,61.175000000000004
2026-04-03,324,3,504.08,1298.0,793.9200000000001,61.16486902927581
2025-10-23,406,2,117.65,73.0,44.650000000000006,61.164383561643845
2026-04-03,405,2,7.38,19.0,11.620000000000001,61.15789473684211
2025-11-01,348,4,164.38,102.0,62.379999999999995,61.15686274509804
2026-07-02,361,5,51.57,32.0,19.57,61.15625
2025-12-01,334,2,65.66,169.0,103.34,61.14792899408285
2025-10-13,330,3,112.8,70.0,42.8,61.142857142857146
2025-09-05,386,2,27.59,71.0,43.41,61.140845070422536
2025-10-27,438,1,311.0,193.0,118.0,61.13989637305699
2026-01-04,486,0,159.72,411.0,251.28,61.13868613138686
2025-10-27,345,0,491.47,305.0,186.47000000000003,61.137704918032796
2026-01-01,373,3,923.24,573.0,350.24,61.1239092495637
2026-01-14,320,4,117.41,302.0,184.59,61.122516556291394
2025-08-19,396,0,336.69,866.0,529.31,61.12124711316397
2025-08-26,419,4,40.28,25.0,15.280000000000001,61.120000000000005
2026-01-05,437,1,257.79,160.0,97.79000000000002,61.11875000000001
2026-01-04,456,0,368.95,229.0,139.95,61.113537117903924
2025-12-01,301,2,103.11,64.0,39.11,61.109375
2025-08-11,498,0,120.83,75.0,45.83,61.10666666666666
2025-11-29,339,5,565.48,351.0,214.48000000000002,61.105413105413106
2025-12-07,339,3,33.45,86.0,52.55,61.10465116279069
2025-10-21,489,1,127.6,328.0,200.4,61.09756097560975
2026-05-09,486,0,288.36,179.0,109.36000000000001,61.09497206703911
2025-10-27,438,0,310.91,193.0,117.91000000000003,61.09326424870467
2026-07-04,305,2,1375.56,854.0,521.56,61.07259953161592
2026-05-18,386,2,28.03,72.0,43.97,61.06944444444444
2026-02-17,510,3,135.29,84.0,51.28999999999999,61.059523809523796
2025-08-04,482,0,112.74,70.0,42.739999999999995,61.05714285714286
2026-06-01,291,6,104.68,65.0,39.68000000000001,61.046153846153864
2026-07-08,320,7,84.53,217.0,132.47,61.046082949308754
2025-10-04,480,6,246.4,153.0,93.4,61.04575163398693
2025-10-24,410,1,111.12,69.0,42.120000000000005,61.04347826086958
2025-08-09,383,0,125.83,323.0,197.17000000000002,61.04334365325078
2026-01-27,279,1,80.52,50.0,30.519999999999996,61.03999999999999
2025-10-02,406,0,91.19,234.0,142.81,61.02991452991453
2026-04-15,319,6,125.6,78.0,47.599999999999994,61.02564102564102
2026-04-28,320,3,127.21,79.0,48.209999999999994,61.0253164556962
2026-02-26,291,2,64.41,40.0,24.409999999999997,61.025
2026-06-26,509,7,130.18,334.0,203.82,61.023952095808376
2026-01-05,385,2,465.35,289.0,176.35000000000002,61.02076124567475
2026-01-23,336,7,53.8,138.0,84.2,61.014492753623195
2025-12-25,383,2,138.8,356.0,217.2,61.01123595505618
2025-11-18,348,7,3.22,2.0,1.2200000000000002,61.00000000000001
2025-08-12,494,2,62.01,159.0,96.99000000000001,61.00000000000001
2025-09-17,315,3,3.22,2.0,1.2200000000000002,61.00000000000001
2025-07-31,348,7,1.61,1.0,0.6100000000000001,61.00000000000001
2026-05-21,319,4,6.44,4.0,2.4400000000000004,61.00000000000001
2026-03-21,411,1,246.33,153.0,93.33000000000001,61.00000000000001
2026-06-20,526,2,6.63,17.0,10.370000000000001,61.00000000000001
2025-12-10,362,2,0.78,2.0,1.22,61.0
2026-02-19,334,2,4.68,12.0,7.32,61.0
2026-04-28,516,8,6.24,16.0,9.76,61.0
2026-07-12,477,0,267.93,687.0,419.07,61.0
2026-04-06,479,2,9.66,6.0,3.66,61.0
2025-09-19,334,2,22.54,14.0,8.54,61.0
2026-03-09,277,2,0.78,2.0,1.22,61.0
2026-03-16,409,2,0.39,1.0,0.61,61.0
2025-08-19,316,3,186.75,116.0,70.75,60.991379310344826
2025-11-05,336,4,40.18,103.0,62.82,60.99029126213592
2026-05-18,332,6,299.44,186.0,113.44,60.98924731182795
2026-04-27,320,5,202.84,126.0,76.84,60.98412698412699
2026-04-02,397,4,152.93,95.0,57.93000000000001,60.97894736842105
2025-08-12,364,2,231.79,594.0,362.21000000000004,60.978114478114485
2026-03-25,510,6,433.03,269.0,164.02999999999997,60.97769516728624
2026-03-05,400,3,15.22,39.0,23.78,60.97435897435898
2025-08-15,452,0,249.51,155.0,94.50999999999999,60.97419354838709
2025-11-21,383,0,57.95,36.0,21.950000000000003,60.97222222222223
2026-03-08,516,8,9.76,25.0,15.24,60.96
2026-02-23,363,3,197.98,123.0,74.97999999999999,60.95934959349593
2026-02-15,412,1,268.8,167.0,101.80000000000001,60.95808383233534
2025-10-06,450,0,344.45,214.0,130.45,60.957943925233636
2026-03-15,324,4,679.23,422.0,257.23,60.954976303317544
2026-01-13,485,2,32.19,20.0,12.189999999999998,60.949999999999996
2025-10-20,330,2,405.58,252.0,153.57999999999998,60.944444444444436
2026-03-04,440,1,263.94,164.0,99.94,60.9390243902439
2025-08-18,480,3,197.95,123.0,74.94999999999999,60.934959349593484
2025-08-25,315,2,119.09,74.0,45.09,60.932432432432435
2026-03-03,510,5,57.43,147.0,89.57,60.93197278911564
2025-10-21,489,0,128.15,328.0,199.85,60.92987804878048
2026-01-19,469,0,180.24,112.0,68.24000000000001,60.92857142857143
2025-11-04,446,1,294.43,183.0,111.43,60.89071038251367
2026-04-21,273,1,191.45,119.0,72.44999999999999,60.882352941176464
2025-08-30,365,1,730.4,454.0,276.4,60.88105726872246
2026-03-04,481,2,26.21,67.0,40.79,60.88059701492538
2026-04-09,424,0,40.22,25.0,15.219999999999999,60.88
2026-05-29,305,5,479.42,298.0,181.42000000000002,60.87919463087249
2025-09-05,480,6,54.77,140.0,85.22999999999999,60.878571428571426
2026-04-08,509,4,9.39,24.0,14.61,60.875
2025-10-18,334,2,25.74,16.0,9.739999999999998,60.87499999999999
2026-06-30,405,1,75.61,47.0,28.61,60.87234042553191
2025-10-20,361,1,49.87,31.0,18.869999999999997,60.87096774193548
2026-04-14,388,5,135.0,345.0,210.0,60.86956521739131
2026-05-08,513,1,5.87,15.0,9.129999999999999,60.86666666666666
2025-09-01,465,0,117.43,73.0,44.43000000000001,60.86301369863014
2026-01-23,383,1,11.35,29.0,17.65,60.86206896551724
2026-02-26,319,4,11.26,7.0,4.26,60.857142857142854
2025-12-25,364,1,638.85,1632.0,993.15,60.8547794117647
2026-05-09,486,1,287.93,179.0,108.93,60.85474860335196
2025-08-15,318,1,490.92,1254.0,763.0799999999999,60.85167464114832
2025-12-02,334,2,68.12,174.0,105.88,60.85057471264368
2025-07-24,405,0,51.47,32.0,19.47,60.84375
2026-01-05,418,0,244.48,152.0,92.47999999999999,60.84210526315788
2025-07-25,289,3,312.03,194.0,118.02999999999997,60.84020618556699
2026-01-18,467,1,1304.4,811.0,493.4000000000001,60.83847102342788
2026-04-30,294,1,115.53,295.0,179.47,60.83728813559321
2026-01-15,507,4,314.88,804.0,489.12,60.83582089552239
2026-01-18,347,3,275.02,171.0,104.01999999999998,60.830409356725134
2026-07-08,537,0,20.76,53.0,32.239999999999995,60.83018867924528
2025-08-18,339,5,339.35,211.0,128.35000000000002,60.82938388625594
2025-11-30,479,2,8.62,22.0,13.38,60.81818181818183
2025-10-06,308,3,122.22,76.0,46.22,60.81578947368421
2025-09-22,337,1,43.42,27.0,16.42,60.814814814814824
2025-11-28,319,1,41.15,105.0,63.85,60.80952380952381
2026-03-28,382,0,796.0,495.0,301.0,60.80808080808081
2025-11-06,419,4,41.81,26.0,15.810000000000002,60.80769230769232
2025-10-02,357,3,484.02,301.0,183.01999999999998,60.80398671096346
2025-09-22,320,2,172.06,107.0,65.06,60.803738317757016
2025-08-05,456,1,114.17,71.0,43.17,60.80281690140845
2026-07-05,466,0,356.98,222.0,134.98000000000002,60.801801801801815
2025-10-21,388,0,1244.6,774.0,470.5999999999999,60.801033591731255
2025-10-31,337,3,1.96,5.0,3.04,60.8
2025-11-23,400,3,104.52,65.0,39.519999999999996,60.8
2026-07-06,531,1,8.04,5.0,3.039999999999999,60.79999999999999
2026-03-05,459,2,85.46,218.0,132.54000000000002,60.79816513761469
2026-03-01,430,1,141.5,88.0,53.5,60.79545454545454
2026-07-04,374,3,9.41,24.0,14.59,60.791666666666664
2025-10-21,301,2,76.85,196.0,119.15,60.79081632653062
2026-05-22,296,2,38.82,99.0,60.18,60.78787878787879
2025-11-20,507,1,5.49,14.0,8.51,60.785714285714285
2026-07-08,283,0,378.1,964.0,585.9,60.77800829875518
2026-07-02,516,1,57.88,36.0,21.880000000000003,60.777777777777786
2025-11-26,494,1,143.09,89.0,54.09,60.7752808988764
2025-10-22,353,1,77.68,198.0,120.32,60.76767676767676
2026-01-27,320,7,337.61,210.0,127.61000000000001,60.766666666666666
2026-01-18,374,3,6.67,17.0,10.33,60.76470588235294
2025-09-25,320,7,170.41,106.0,64.41,60.764150943396224
2026-03-02,279,3,71.41,182.0,110.59,60.76373626373627
2026-07-01,328,0,707.36,440.0,267.36,60.763636363636365
2026-01-05,343,2,536.95,334.0,202.95000000000005,60.76347305389223
2025-07-27,319,4,33.76,21.0,12.759999999999998,60.76190476190475
2025-10-23,321,1,125.39,78.0,47.39,60.756410256410255
2025-10-08,288,2,162.36,101.0,61.360000000000014,60.752475247524764
2026-01-01,348,6,781.25,486.0,295.25,60.75102880658436
2025-11-21,351,3,200.93,125.0,75.93,60.74400000000001
2025-11-25,480,5,122.16,76.0,46.16,60.73684210526316
2025-10-27,293,2,315.04,196.0,119.04000000000002,60.734693877551024
2026-06-29,510,3,168.77,105.0,63.77000000000001,60.73333333333334
2026-02-25,320,4,88.4,55.0,33.400000000000006,60.72727272727274
2026-03-24,450,0,250.73,156.0,94.72999999999999,60.72435897435897
2025-10-27,331,4,623.61,388.0,235.61,60.72422680412372
2026-05-28,419,2,22.78,58.0,35.22,60.724137931034484
2026-04-10,355,2,115.72,72.0,43.72,60.72222222222222
2025-08-28,331,6,351.98,219.0,132.98000000000002,60.72146118721462
2025-08-03,348,4,139.05,354.0,214.95,60.72033898305085
2025-10-10,301,3,379.3,236.0,143.3,60.72033898305085
2025-09-22,404,1,2.75,7.0,4.25,60.71428571428571
2026-04-15,336,0,814.77,507.0,307.77,60.704142011834314
2025-08-28,385,6,422.65,263.0,159.64999999999998,60.703422053231925
2025-11-06,322,2,747.26,465.0,282.26,60.701075268817206
2026-05-26,509,3,16.07,10.0,6.07,60.699999999999996
2025-08-17,290,3,224.97,140.0,84.97,60.692857142857136
2025-11-18,419,4,41.78,26.0,15.780000000000001,60.6923076923077
2025-08-16,308,2,482.07,300.0,182.07,60.69
2026-07-14,510,6,411.33,256.0,155.32999999999998,60.67578124999999
2026-07-19,283,3,174.6,444.0,269.4,60.67567567567566
2026-04-17,302,1,223.33,139.0,84.33000000000001,60.66906474820145
2025-12-26,494,0,358.29,223.0,135.29000000000002,60.668161434977584
2026-03-27,516,9,14.46,9.0,5.460000000000001,60.66666666666668
2026-06-28,348,7,4.82,3.0,1.8200000000000003,60.66666666666668
2025-10-06,501,1,90.08,229.0,138.92000000000002,60.66375545851529
2026-04-15,386,2,51.41,32.0,19.409999999999997,60.656249999999986
2026-03-03,413,0,200.82,125.0,75.82,60.656
2025-08-20,383,1,10.23,26.0,15.77,60.653846153846146
2025-10-21,336,3,69.25,176.0,106.75,60.65340909090909
2026-01-22,412,0,78.72,49.0,29.72,60.65306122448979
2026-06-23,486,1,130.64,332.0,201.36,60.65060240963855
2026-01-17,413,2,252.22,157.0,95.22,60.64968152866243
2025-09-01,465,1,117.27,73.0,44.269999999999996,60.643835616438345
2026-01-20,388,5,130.12,81.0,49.120000000000005,60.64197530864198
2026-01-05,435,0,245.78,153.0,92.78,60.64052287581699
2026-01-04,336,2,46.84,119.0,72.16,60.63865546218488
2025-10-07,424,0,53.01,33.0,20.009999999999998,60.63636363636363
2026-05-01,320,4,149.39,93.0,56.389999999999986,60.63440860215052
2025-10-26,288,2,89.36,227.0,137.64,60.63436123348017
2026-01-09,338,2,65.86,41.0,24.86,60.63414634146341
2026-03-30,273,2,852.93,531.0,321.92999999999995,60.62711864406779
2026-07-13,283,3,66.15,168.0,101.85,60.62499999999999
2026-07-17,353,2,46.07,117.0,70.93,60.623931623931625
2025-11-14,506,0,19.69,50.0,30.31,60.62
2025-11-14,506,1,19.69,50.0,30.31,60.62
2025-10-26,401,1,501.1,312.0,189.10000000000002,60.608974358974365
2025-09-11,486,0,81.91,51.0,30.909999999999997,60.60784313725489
2025-09-26,319,5,44.97,28.0,16.97,60.60714285714285
2025-09-12,279,0,525.18,327.0,198.17999999999995,60.60550458715595
2025-10-10,501,1,279.45,174.0,105.44999999999999,60.60344827586206
2025-10-06,440,0,374.2,233.0,141.2,60.60085836909871
2026-02-28,383,1,11.82,30.0,18.18,60.6
2026-06-10,521,1,16.06,10.0,6.059999999999999,60.59999999999999
2026-04-16,425,2,260.17,162.0,98.17000000000002,60.59876543209878
2025-11-15,388,4,205.56,128.0,77.56,60.59375
2026-07-09,536,0,6.7,17.0,10.3,60.58823529411765
2026-07-02,509,6,13.4,34.0,20.6,60.58823529411765
2025-09-28,357,5,142.92,89.0,53.91999999999999,60.58426966292133
2025-09-12,288,2,134.89,84.0,50.889999999999986,60.58333333333332
2026-07-01,305,4,327.59,204.0,123.58999999999997,60.58333333333332
2026-03-23,516,3,183.06,114.0,69.06,60.578947368421055
2026-06-23,486,0,130.89,332.0,201.11,60.575301204819276
2026-04-07,470,0,385.38,240.0,145.38,60.575
2026-04-19,282,3,57.17,145.0,87.83,60.57241379310345
2025-10-26,468,0,362.88,226.0,136.88,60.56637168141593
2025-11-11,334,2,16.96,43.0,26.04,60.558139534883715
2025-08-14,425,1,117.2,73.0,44.2,60.54794520547946
2026-02-10,480,6,35.32,22.0,13.32,60.54545454545455
2026-03-19,507,0,583.64,1479.0,895.36,60.53820148749155
2025-10-26,410,1,211.91,132.0,79.91,60.53787878787878
2025-08-16,298,0,646.96,403.0,243.96000000000004,60.53598014888338
2026-01-15,477,1,158.65,402.0,243.35,60.53482587064677
2026-06-19,427,2,45.0,114.0,69.0,60.526315789473685
2026-05-19,427,2,61.0,38.0,23.0,60.526315789473685
2026-01-15,477,0,158.71,402.0,243.29,60.51990049751244
2025-11-05,403,2,31.19,79.0,47.81,60.51898734177216
2025-10-13,403,4,112.36,70.0,42.36,60.51428571428571
2025-10-26,344,1,465.49,290.0,175.49,60.51379310344828
2026-07-09,445,0,34.75,88.0,53.25,60.51136363636363
2026-06-25,341,1,314.6,196.0,118.60000000000002,60.510204081632665
2026-01-06,340,4,21.72,55.0,33.28,60.509090909090915
2026-06-04,476,0,199.03,124.0,75.03,60.50806451612903
2026-01-29,348,1,51.74,131.0,79.25999999999999,60.50381679389313
2025-11-01,409,2,0.79,2.0,1.21,60.5
2025-09-20,404,1,3.16,8.0,4.84,60.5
2026-04-27,398,2,6.32,16.0,9.68,60.5
2025-10-06,404,1,1.58,4.0,2.42,60.5
2025-10-22,435,0,184.57,115.0,69.57,60.49565217391304
2026-02-23,480,3,171.73,107.0,64.72999999999999,60.49532710280373
2025-11-05,355,5,133.95,339.0,205.05,60.486725663716825
2026-07-05,466,1,356.28,222.0,134.27999999999997,60.48648648648648
2025-09-07,463,1,495.9,309.0,186.89999999999998,60.48543689320388
2025-10-04,288,6,12.25,31.0,18.75,60.483870967741936
2026-07-01,336,7,36.75,93.0,56.25,60.483870967741936
2026-07-15,281,5,60.86,154.0,93.14,60.480519480519476
2025-12-15,339,3,154.06,96.0,58.06,60.47916666666667
2026-04-18,321,3,335.4,209.0,126.39999999999998,60.47846889952152
2026-03-04,332,1,239.11,149.0,90.11000000000001,60.4765100671141
2025-10-20,390,1,481.8,1219.0,737.2,60.4757998359311
2026-03-05,429,0,604.97,377.0,227.97000000000003,60.46949602122017
2025-08-06,405,0,51.39,130.0,78.61,60.46923076923076
2025-08-24,398,1,226.26,141.0,85.25999999999999,60.46808510638297
2026-02-15,411,0,298.47,186.0,112.47000000000003,60.467741935483886
2025-11-04,405,2,5.93,15.0,9.07,60.46666666666667
2026-02-17,479,2,5.93,15.0,9.07,60.46666666666667
2026-07-15,512,2,120.35,75.0,45.349999999999994,60.466666666666654
2025-09-30,344,2,197.37,123.0,74.37,60.46341463414634
2025-10-24,310,0,853.66,532.0,321.65999999999997,60.46240601503759
2026-05-05,384,2,20.56,52.0,31.44,60.46153846153847
2026-05-09,509,1,20.86,13.0,7.859999999999999,60.46153846153845
2025-10-06,297,2,104.3,65.0,39.3,60.46153846153845
2026-03-11,336,7,29.26,74.0,44.739999999999995,60.45945945945945
2025-10-22,388,5,144.41,90.0,54.41,60.45555555555555
2026-02-24,405,0,17.65,11.0,6.649999999999999,60.45454545454544
2025-09-26,427,2,35.3,22.0,13.299999999999997,60.45454545454544
2026-07-03,503,0,242.81,614.0,371.19,60.454397394136805
2025-08-09,498,1,312.88,195.0,117.88,60.45128205128205
2025-07-26,320,4,195.75,122.0,73.75,60.45081967213115
2026-01-14,403,4,75.41,47.0,28.409999999999997,60.44680851063829
2025-09-02,282,2,18.59,47.0,28.41,60.44680851063829
2026-02-02,324,1,170.07,106.0,64.07,60.44339622641509
2025-10-23,321,0,1023.61,638.0,385.61,60.440438871473354
2025-10-23,317,0,1131.1,705.0,426.0999999999999,60.439716312056724
2026-05-07,512,2,85.06,215.0,129.94,60.43720930232558
2025-12-18,442,2,20.18,51.0,30.82,60.43137254901961
2026-07-09,472,1,63.31,160.0,96.69,60.431250000000006
2026-05-01,475,2,67.38,42.0,25.379999999999995,60.42857142857142
2026-05-27,472,2,274.33,171.0,103.32999999999998,60.42690058479532
2025-08-15,452,1,248.65,155.0,93.65,60.41935483870968
2025-09-05,303,2,24.54,62.0,37.46,60.41935483870968
2026-05-27,274,4,38.5,24.0,14.5,60.416666666666664
2026-03-19,494,1,142.77,89.0,53.77000000000001,60.415730337078664
2025-10-06,340,3,463.6,289.0,174.60000000000002,60.41522491349481
2025-08-14,483,1,611.18,381.0,230.17999999999995,60.41469816272964
2026-03-22,488,0,561.44,350.0,211.44000000000005,60.41142857142858
2025-10-29,490,0,288.73,180.0,108.73000000000002,60.405555555555566
2026-01-15,388,5,159.6,403.0,243.4,60.397022332506204
2026-02-08,319,4,11.09,28.0,16.91,60.392857142857146
2026-06-27,422,0,287.1,179.0,108.10000000000002,60.39106145251398
2025-08-28,317,1,242.19,151.0,91.19,60.39072847682119
2025-08-18,288,0,878.93,548.0,330.92999999999995,60.38868613138685
2026-04-18,303,2,49.72,31.0,18.72,60.38709677419355
2026-07-04,374,2,12.28,31.0,18.72,60.38709677419355
2025-10-24,427,2,41.7,26.0,15.700000000000003,60.384615384615394
2025-10-21,419,4,28.92,73.0,44.08,60.38356164383561
2025-10-18,321,1,213.3,133.0,80.30000000000001,60.375939849624075
2026-03-23,488,0,153.96,96.0,57.96000000000001,60.375000000000014
2025-12-08,332,2,153.96,96.0,57.96000000000001,60.375000000000014
2025-08-11,476,1,277.44,173.0,104.44,60.36994219653179
2026-02-14,446,1,317.53,198.0,119.52999999999997,60.36868686868685
2026-01-27,405,1,30.47,19.0,11.469999999999999,60.36842105263157
2025-08-17,290,2,261.4,163.0,98.39999999999998,60.36809815950919
2025-10-20,390,0,483.16,1219.0,735.8399999999999,60.3642329778507
2026-01-10,420,1,172.82,436.0,263.18,60.362385321100916
2025-11-04,372,1,283.84,177.0,106.83999999999997,60.36158192090394
2026-04-21,319,3,57.73,36.0,21.729999999999997,60.3611111111111
2026-03-12,482,2,12.29,31.0,18.71,60.35483870967743
2025-11-24,291,4,86.59,54.0,32.59,60.351851851851855
2025-11-20,463,2,221.28,138.0,83.28,60.34782608695652
2026-01-02,320,5,272.59,170.0,102.58999999999997,60.347058823529395
2026-03-19,480,2,116.58,294.0,177.42000000000002,60.3469387755102
2025-12-03,345,3,61.86,156.0,94.14,60.34615384615385
2026-03-04,419,0,60.93,38.0,22.93,60.3421052631579
2025-11-20,282,3,33.67,21.0,12.670000000000002,60.333333333333336
2025-11-21,315,3,4.81,3.0,1.8099999999999996,60.333333333333314
2025-09-06,348,7,4.81,3.0,1.8099999999999996,60.333333333333314
2025-07-24,332,1,275.77,172.0,103.76999999999998,60.331395348837205
2025-08-02,330,3,522.68,326.0,196.67999999999995,60.33128834355826
2025-10-21,288,5,119.01,300.0,180.99,60.330000000000005
2026-03-04,465,1,126.66,79.0,47.66,60.329113924050624
2025-10-21,472,0,343.97,867.0,523.03,60.32641291810842
2026-01-01,280,1,82.13,207.0,124.87,60.32367149758454
2025-08-13,340,1,636.48,397.0,239.48000000000002,60.32241813602015
2026-07-21,291,2,80.16,50.0,30.159999999999997,60.31999999999999
2026-02-09,288,4,115.43,72.0,43.43000000000001,60.31944444444446
2025-08-21,337,2,64.68,163.0,98.32,60.31901840490798
2026-03-03,303,2,15.08,38.0,22.92,60.31578947368421
2026-03-17,388,6,30.46,19.0,11.46,60.31578947368421
2026-01-02,364,5,479.34,299.0,180.33999999999997,60.314381270903006
2025-08-07,427,2,35.72,90.0,54.28,60.31111111111112
2025-09-22,308,7,134.66,84.0,50.66,60.3095238095238
2026-07-06,283,1,190.12,479.0,288.88,60.30897703549061
2025-10-13,317,2,214.81,134.0,80.81,60.30597014925373
2026-06-23,462,1,261.61,659.0,397.39,60.301972685887705
2025-11-27,424,1,64.12,40.0,24.120000000000005,60.30000000000001
2026-01-05,382,1,343.04,214.0,129.04000000000002,60.29906542056076
2026-05-15,282,1,141.06,88.0,53.06,60.295454545454554
2025-10-21,482,2,30.97,78.0,47.03,60.294871794871796
2026-04-03,383,2,40.5,102.0,61.5,60.29411764705882
2026-01-10,420,0,173.12,436.0,262.88,60.29357798165138
2025-10-30,482,2,11.22,7.0,4.220000000000001,60.2857142857143
2026-01-28,509,6,2.78,7.0,4.220000000000001,60.2857142857143
2026-04-15,398,1,68.92,43.0,25.92,60.27906976744186
2025-09-05,482,2,13.11,33.0,19.89,60.27272727272728
2025-08-18,482,2,17.63,11.0,6.629999999999999,60.272727272727266
2025-10-26,387,1,594.61,371.0,223.61,60.2722371967655
2026-04-14,510,2,325.39,819.0,493.61,60.26984126984127
2026-06-29,302,0,1490.48,930.0,560.48,60.266666666666666
2026-06-23,462,0,261.88,659.0,397.12,60.26100151745069
2026-01-27,331,6,352.57,220.0,132.57,60.25909090909091
2026-06-08,319,1,49.68,31.0,18.68,60.258064516129025
2026-07-23,480,5,141.02,88.0,53.02000000000001,60.250000000000014
2025-09-22,292,3,121.79,76.0,45.790000000000006,60.25
2026-06-16,320,6,72.11,45.0,27.11,60.24444444444445
2025-11-15,482,2,17.89,45.0,27.11,60.24444444444445
2026-07-09,389,0,190.69,119.0,71.69,60.2436974789916
2025-12-08,339,3,40.95,103.0,62.05,60.24271844660194
2025-08-17,374,3,11.53,29.0,17.47,60.241379310344826
2026-07-18,273,4,549.62,343.0,206.62,60.23906705539359
2025-08-18,348,2,67.3,42.0,25.299999999999997,60.238095238095234
2026-06-17,388,6,48.07,30.0,18.07,60.23333333333334
2026-05-03,456,0,325.27,203.0,122.26999999999998,60.23152709359605
2025-09-18,319,8,62.49,39.0,23.490000000000002,60.23076923076923
2025-10-30,288,5,99.34,62.0,37.34,60.225806451612904
2026-04-24,340,1,270.87,681.0,410.13,60.22466960352423
2026-01-22,412,1,78.51,49.0,29.510000000000005,60.22448979591838
2025-09-05,480,5,168.67,424.0,255.33,60.21933962264151
2025-08-27,435,1,154.35,388.0,233.65,60.21907216494845
2026-07-16,370,1,230.71,144.0,86.71000000000001,60.215277777777786
2025-11-21,282,5,75.3,47.0,28.299999999999997,60.2127659574468
2026-04-22,331,5,46.46,29.0,17.46,60.20689655172414
2026-01-05,336,6,157.0,98.0,59.0,60.204081632653065
2026-06-03,340,0,1976.9,1234.0,742.9000000000001,60.202593192868726
2026-06-17,526,3,9.95,25.0,15.05,60.199999999999996
2026-05-03,273,6,1.99,5.0,3.01,60.199999999999996
2026-02-27,405,2,8.01,5.0,3.01,60.199999999999996
2025-09-15,320,8,121.75,76.0,45.75,60.19736842105263
2026-03-18,427,0,227.48,142.0,85.47999999999999,60.197183098591545
2025-10-26,387,0,594.32,371.0,223.32000000000005,60.19407008086255
2025-10-28,492,0,169.8,106.0,63.80000000000001,60.188679245283026
2026-05-25,481,2,67.29,169.0,101.71,60.183431952662716
2025-08-13,319,1,52.86,33.0,19.86,60.18181818181818
2025-10-20,421,0,531.8,332.0,199.79999999999995,60.180722891566255
2026-02-09,487,1,205.03,128.0,77.03,60.1796875
2025-12-25,491,0,1055.56,659.0,396.55999999999995,60.176024279210914
2025-10-21,279,5,66.91,168.0,101.09,60.172619047619044
2025-08-10,320,5,715.97,447.0,268.97,60.172259507829985
2025-10-29,490,1,288.31,180.0,108.31,60.172222222222224
2026-03-24,450,1,249.86,156.0,93.86000000000001,60.16666666666668
2025-11-05,336,2,16.73,42.0,25.27,60.16666666666667
2026-03-08,509,6,7.17,18.0,10.83,60.16666666666667
2026-06-09,459,1,40.04,25.0,15.04,60.15999999999999
2025-12-16,405,1,9.96,25.0,15.04,60.15999999999999
2026-06-07,516,5,25.1,63.0,37.9,60.15873015873016
2026-01-24,336,2,70.92,178.0,107.08,60.15730337078652
2025-08-27,435,0,154.59,388.0,233.41,60.15721649484536
2025-10-21,384,1,52.85,33.0,19.85,60.151515151515156
2026-04-22,505,3,15.94,40.0,24.060000000000002,60.150000000000006
2026-05-04,359,0,140.93,88.0,52.93000000000001,60.14772727272728
2026-03-04,479,0,46.63,117.0,70.37,60.14529914529915
2025-08-15,426,1,514.13,1290.0,775.87,60.14496124031008
2026-01-19,319,6,121.71,76.0,45.709999999999994,60.14473684210525
2025-08-16,280,1,89.68,56.0,33.68000000000001,60.14285714285715
2026-02-13,405,1,22.42,14.0,8.420000000000002,60.14285714285715
2026-07-12,535,0,113.7,71.0,42.7,60.14084507042254
2026-07-21,398,1,25.51,64.0,38.489999999999995,60.14062499999999
2026-01-05,435,1,245.01,153.0,92.00999999999999,60.13725490196078
2026-06-29,512,1,616.5,385.0,231.5,60.129870129870135
2025-08-15,364,2,847.02,2124.0,1276.98,60.121468926553675
2026-07-01,331,2,440.33,275.0,165.32999999999998,60.12
2026-06-27,400,3,67.25,42.0,25.25,60.11904761904761
2026-01-17,374,2,6.78,17.0,10.219999999999999,60.11764705882352
2025-10-06,388,6,59.24,37.0,22.240000000000002,60.10810810810811
2025-08-13,307,0,1456.97,910.0,546.97,60.10659340659341
2026-07-15,320,4,137.69,86.0,51.69,60.10465116279069
2026-04-15,494,2,107.27,67.0,40.269999999999996,60.10447761194029
2025-08-10,320,4,523.54,327.0,196.53999999999996,60.10397553516819
2026-01-14,374,4,46.43,29.0,17.43,60.10344827586207
2025-11-28,486,1,49.08,123.0,73.92,60.09756097560975
2025-10-03,289,0,365.01,228.0,137.01,60.09210526315789
2025-08-30,404,1,4.39,11.0,6.61,60.09090909090909
2026-04-07,470,1,384.21,240.0,144.20999999999998,60.08749999999999
2025-12-17,339,4,94.45,59.0,35.45,60.08474576271187
2026-04-16,503,1,126.46,79.0,47.459999999999994,60.0759493670886
2026-03-19,480,0,605.3,1516.0,910.7,60.07255936675462
2026-06-11,410,0,46.42,29.0,17.42,60.06896551724139
2026-02-20,308,6,118.45,74.0,44.45,60.06756756756757
2026-06-25,297,1,284.92,178.0,106.92000000000002,60.06741573033709
2026-01-26,364,1,459.25,1150.0,690.75,60.06521739130435
2025-08-22,392,2,172.87,108.0,64.87,60.06481481481482
2026-02-15,412,0,267.3,167.0,100.30000000000001,60.05988023952097
2025-08-15,426,0,515.24,1290.0,774.76,60.05891472868217
2025-12-22,305,4,331.32,207.0,124.32,60.05797101449275
2026-05-24,516,8,20.77,52.0,31.23,60.057692307692314
2025-08-09,386,3,56.02,35.0,21.020000000000003,60.057142857142864
2025-08-18,391,1,200.07,125.0,75.07,60.056
2026-03-04,293,0,1157.19,723.0,434.19000000000005,60.0539419087137
2026-04-30,355,4,22.37,56.0,33.629999999999995,60.053571428571416
2026-01-05,319,2,166.45,104.0,62.44999999999999,60.04807692307691
2025-10-06,382,0,566.57,354.0,212.57000000000005,60.04802259887006
2025-09-12,458,0,371.31,232.0,139.31,60.04741379310345
2025-08-31,344,3,1105.91,691.0,414.9100000000001,60.04486251808974
2026-01-02,484,0,348.89,218.0,130.89,60.041284403669714
2025-08-09,306,1,275.27,172.0,103.26999999999998,60.040697674418595
2025-08-09,306,0,275.27,172.0,103.26999999999998,60.040697674418595
2026-05-07,383,0,40.01,25.0,15.009999999999998,60.03999999999999
2025-11-15,345,2,132.82,83.0,49.81999999999999,60.02409638554216
2026-04-15,440,0,419.26,262.0,157.26,60.02290076335878
2026-04-18,405,0,18.39,46.0,27.61,60.02173913043478
2026-01-14,320,3,137.53,344.0,206.47,60.020348837209305
2025-10-31,282,1,112.01,70.0,42.010000000000005,60.01428571428572
2026-04-13,471,0,268.82,168.0,100.82,60.01190476190475
2025-10-23,390,1,547.23,342.0,205.23000000000002,60.00877192982457
2025-08-15,472,2,615.97,1540.0,924.03,60.00194805194805
2026-07-21,348,7,1.6,1.0,0.6000000000000001,60.00000000000001
2026-05-17,520,5,1.6,1.0,0.6000000000000001,60.00000000000001
2026-06-05,520,5,1.6,1.0,0.6000000000000001,60.00000000000001
2026-07-02,277,2,3.2,2.0,1.2000000000000002,60.00000000000001
2026-05-04,328,1,336.0,210.0,126.0,60.0
2025-09-28,319,1,37.6,94.0,56.4,60.0
2026-05-29,361,1,46.4,29.0,17.4,60.0
2026-06-24,277,2,1.2,3.0,1.8,60.0
2026-01-15,334,2,6.0,15.0,9.0,60.0
2025-10-10,405,2,19.2,12.0,7.199999999999999,60.0
2026-03-25,368,3,36.8,23.0,13.799999999999997,59.999999999999986
2025-11-17,390,0,414.4,259.0,155.39999999999998,59.999999999999986
2025-09-04,289,4,11.2,7.0,4.199999999999999,59.999999999999986
2026-03-23,419,4,24.41,61.0,36.59,59.98360655737706
2026-01-19,469,1,179.18,112.0,67.18,59.98214285714286
2026-02-20,400,3,20.81,52.0,31.19,59.98076923076924
2025-10-18,448,2,44.83,112.0,67.17,59.973214285714285
2025-09-28,406,0,167.97,105.0,62.97,59.971428571428575
2025-11-10,485,2,39.63,99.0,59.37,59.96969696969696
2025-09-09,279,4,91.18,57.0,34.18000000000001,59.96491228070177
2025-12-13,481,2,86.38,54.0,32.379999999999995,59.96296296296295
2025-07-28,333,3,129.57,81.0,48.56999999999999,59.96296296296295
2025-11-12,494,2,100.77,63.0,37.769999999999996,59.95238095238095
2026-05-13,336,2,30.39,19.0,11.39,59.94736842105264
2026-04-08,419,4,14.42,36.0,21.58,59.94444444444444
2026-04-15,510,1,238.31,149.0,89.31,59.939597315436245
2025-08-11,333,3,151.94,95.0,56.94,59.93684210526315
2026-05-07,480,6,47.98,30.0,17.979999999999997,59.93333333333333
2026-03-30,336,6,163.13,102.0,61.129999999999995,59.9313725490196
2025-11-28,486,0,49.29,123.0,73.71000000000001,59.92682926829269
2026-04-15,291,3,342.24,214.0,128.24,59.92523364485982
2026-04-30,297,2,24.86,62.0,37.14,59.90322580645161
2026-05-26,406,2,36.49,91.0,54.51,59.901098901098905
2025-09-24,339,5,167.89,105.0,62.889999999999986,59.89523809523808
2026-07-14,292,3,150.3,94.0,56.30000000000001,59.89361702127661
2026-01-27,308,8,393.33,246.0,147.32999999999998,59.890243902439025
2026-03-03,274,7,21.66,54.0,32.34,59.88888888888889
2025-10-28,280,3,350.99,875.0,524.01,59.88685714285714
2025-12-28,351,1,637.94,399.0,238.94000000000005,59.884711779448644
2026-05-23,383,1,12.79,8.0,4.789999999999999,59.874999999999986
2025-08-09,330,3,468.41,293.0,175.41000000000003,59.86689419795223
2026-04-10,424,0,35.17,22.0,13.170000000000002,59.863636363636374
2026-05-02,438,0,649.04,406.0,243.03999999999996,59.86206896551723
2026-07-23,475,0,217.41,136.0,81.41,59.86029411764706
2026-06-15,454,0,727.34,455.0,272.34000000000003,59.85494505494506
2025-09-10,292,3,99.11,62.0,37.11,59.854838709677416
2026-01-16,324,4,214.2,134.0,80.19999999999999,59.85074626865671
2026-04-09,472,2,50.59,126.0,75.41,59.849206349206355
2026-04-15,440,1,418.8,262.0,156.8,59.84732824427481
2026-03-05,516,8,5.22,13.0,7.78,59.84615384615385
2025-09-05,480,2,12.85,32.0,19.15,59.84374999999999
2026-03-22,371,2,214.19,134.0,80.19,59.84328358208955
2025-12-30,494,1,73.49,183.0,109.51,59.84153005464481
2026-04-26,396,0,869.53,544.0,325.53,59.84007352941176
2026-03-23,388,7,67.13,42.0,25.129999999999995,59.83333333333333
2026-05-19,463,0,184.77,460.0,275.23,59.832608695652176
2026-06-17,510,4,218.97,137.0,81.97,59.832116788321166
2025-11-09,485,2,47.8,119.0,71.2,59.831932773109244
2025-12-09,291,2,65.53,41.0,24.53,59.829268292682926
2026-05-12,520,2,46.35,29.0,17.35,59.827586206896555
2026-03-31,281,1,328.23,817.0,488.77,59.8249694002448
2025-11-04,388,2,29.73,74.0,44.269999999999996,59.824324324324316
2026-03-23,319,3,54.34,34.0,20.340000000000003,59.82352941176472
2025-08-20,289,4,6.83,17.0,10.17,59.82352941176471
2026-07-02,527,1,44.75,28.0,16.75,59.82142857142857
2026-04-29,321,3,97.49,61.0,36.489999999999995,59.81967213114753
2025-09-07,406,0,295.66,185.0,110.66000000000003,59.81621621621623
2026-01-27,509,2,121.46,76.0,45.459999999999994,59.8157894736842
2025-09-26,363,2,434.69,272.0,162.69,59.8125
2025-08-14,481,1,142.23,89.0,53.22999999999999,59.80898876404493
2026-01-13,274,2,75.11,47.0,28.11,59.808510638297875
2025-11-14,345,3,22.51,56.0,33.489999999999995,59.80357142857142
2025-10-26,364,5,656.79,411.0,245.78999999999996,59.80291970802919
2026-06-27,361,5,103.87,65.0,38.870000000000005,59.80000000000001
2025-11-15,336,2,27.74,69.0,41.260000000000005,59.79710144927537
2026-03-23,495,1,425.04,266.0,159.04000000000002,59.789473684210535
2026-03-13,486,1,60.72,151.0,90.28,59.788079470198674
2026-03-04,425,2,158.19,99.0,59.19,59.78787878787879
2026-07-13,482,2,22.37,14.0,8.370000000000001,59.7857142857143
2026-03-05,336,1,39.41,98.0,58.59,59.785714285714285
2026-02-02,494,1,153.39,96.0,57.389999999999986,59.781249999999986
2025-11-01,401,0,341.93,214.0,127.93,59.780373831775705
2026-04-04,484,1,210.91,132.0,78.91,59.78030303030303
2026-02-09,398,2,14.38,9.0,5.380000000000001,59.777777777777786
2025-11-11,319,4,3.62,9.0,5.38,59.77777777777777
2026-05-03,456,1,324.34,203.0,121.33999999999997,59.77339901477832
2026-03-01,430,0,140.6,88.0,52.599999999999994,59.772727272727266
2026-03-19,389,1,107.01,266.0,158.99,59.77067669172933
2025-10-21,362,0,108.62,270.0,161.38,59.77037037037037
2026-05-04,410,0,41.54,26.0,15.54,59.76923076923077
2026-05-13,459,1,12.07,30.0,17.93,59.766666666666666
2026-07-08,487,1,202.9,127.0,75.9,59.76377952755906
2026-07-23,320,2,212.48,133.0,79.47999999999999,59.75939849624059
2026-04-29,507,3,99.05,62.0,37.05,59.758064516129025
2025-12-29,480,5,359.45,225.0,134.45,59.75555555555555
2025-08-23,449,1,330.69,207.0,123.69,59.75362318840579
2025-10-21,361,7,291.4,724.0,432.6,59.751381215469614
2026-04-29,509,3,6.44,16.0,9.559999999999999,59.74999999999999
2026-02-12,374,2,6.39,4.0,2.3899999999999997,59.74999999999999
2026-07-04,318,3,126.2,79.0,47.2,59.74683544303798
2026-04-16,373,1,111.82,70.0,41.81999999999999,59.74285714285713
2026-05-22,363,1,185.3,116.0,69.30000000000001,59.74137931034483
2026-07-01,510,6,463.25,290.0,173.25,59.741379310344826
2026-07-11,427,0,178.77,444.0,265.23,59.7364864864865
2025-10-03,320,5,180.5,113.0,67.5,59.73451327433629
2026-03-11,346,4,153.34,96.0,57.34,59.729166666666664
2026-01-27,388,7,121.39,76.0,45.39,59.723684210526315
2025-10-20,321,1,80.15,199.0,118.85,59.723618090452256
2026-07-09,389,1,190.07,119.0,71.07,59.72268907563024
2025-11-05,400,3,35.85,89.0,53.15,59.71910112359551
2026-01-14,320,9,391.54,972.0,580.46,59.71810699588478
2025-10-22,340,2,737.89,462.0,275.89,59.71645021645021
2026-06-15,453,0,589.35,369.0,220.35000000000002,59.71544715447155
2026-06-19,337,3,174.03,432.0,257.97,59.715277777777786
2026-07-21,448,2,5.64,14.0,8.36,59.71428571428571
2026-06-26,463,2,182.91,454.0,271.09000000000003,59.711453744493404
2025-11-02,445,1,237.97,149.0,88.97,59.711409395973156
2026-01-27,487,0,579.74,363.0,216.74,59.70798898071625
2026-02-02,450,0,343.37,215.0,128.37,59.70697674418604
2025-10-06,332,3,271.5,170.0,101.5,59.705882352941174
2025-10-03,289,2,27.15,17.0,10.149999999999999,59.70588235294117
2025-11-06,346,5,576.53,361.0,215.52999999999997,59.70360110803323
2026-02-02,450,1,343.36,215.0,128.36,59.70232558139536
2026-06-25,503,0,373.7,234.0,139.7,59.7008547008547
2025-09-05,489,1,116.88,290.0,173.12,59.69655172413793
2026-04-04,484,0,210.79,132.0,78.78999999999999,59.68939393939393
2026-01-01,494,0,413.99,1027.0,613.01,59.68938656280428
2025-11-01,311,1,474.27,297.0,177.26999999999998,59.68686868686868
2025-09-05,489,0,116.92,290.0,173.07999999999998,59.68275862068965
2026-03-05,459,0,89.94,223.0,133.06,59.668161434977584
2026-05-12,282,5,81.43,51.0,30.430000000000007,59.66666666666668
2025-12-20,507,1,53.24,132.0,78.75999999999999,59.66666666666666
2026-05-24,442,2,12.1,30.0,17.9,59.66666666666666
2026-01-21,509,3,14.37,9.0,5.369999999999999,59.66666666666666
2026-01-16,279,2,94.2,59.0,35.2,59.66101694915255
2026-02-23,291,4,55.88,35.0,20.880000000000003,59.657142857142865
2026-06-04,506,0,274.6,172.0,102.60000000000002,59.65116279069769
2026-04-04,320,3,158.05,99.0,59.05000000000001,59.64646464646466
2025-10-19,336,4,153.26,96.0,57.25999999999999,59.64583333333332
2026-06-17,280,1,52.68,33.0,19.68,59.63636363636363
2025-10-26,490,0,858.84,538.0,320.84000000000003,59.635687732342014
2025-11-06,288,5,83.01,52.0,31.010000000000005,59.634615384615394
2026-07-04,272,3,640.13,401.0,239.13,59.633416458852864
2026-04-06,427,0,174.0,109.0,65.0,59.63302752293578
2026-06-04,476,1,197.94,124.0,73.94,59.62903225806452
2026-05-05,406,2,63.85,40.0,23.85,59.62500000000001
2026-02-02,334,2,6.46,16.0,9.54,59.62499999999999
2025-08-27,458,0,107.0,265.0,158.0,59.62264150943396
2025-10-26,410,0,210.7,132.0,78.69999999999999,59.62121212121211
2026-04-01,442,2,8.48,21.0,12.52,59.61904761904761
2026-06-02,430,1,62.25,39.0,23.25,59.61538461538461
2026-06-26,509,4,25.85,64.0,38.15,59.609375
2026-06-02,320,2,347.94,218.0,129.94,59.60550458715596
2025-07-29,459,1,17.37,43.0,25.63,59.6046511627907
2025-10-26,440,1,928.89,582.0,346.89,59.603092783505154
2026-01-06,319,5,82.99,52.0,30.989999999999995,59.59615384615383
2026-03-19,389,0,107.48,266.0,158.51999999999998,59.59398496240601
2026-03-13,486,0,61.02,151.0,89.97999999999999,59.589403973509924
2026-03-05,425,1,42.04,104.0,61.96,59.57692307692308
2025-11-12,274,2,52.66,33.0,19.659999999999997,59.57575757575757
2026-06-23,282,2,52.66,33.0,19.659999999999997,59.57575757575757
2025-08-27,458,1,107.13,265.0,157.87,59.57358490566038
2026-05-12,522,1,11.17,7.0,4.17,59.57142857142858
2026-01-21,429,1,572.86,359.0,213.86,59.57103064066853
2025-10-28,492,1,169.14,106.0,63.139999999999986,59.566037735849044
2025-08-14,482,0,110.1,69.0,41.099999999999994,59.56521739130434
2026-07-03,283,0,307.31,760.0,452.69,59.564473684210526
2025-12-06,479,2,6.47,16.0,9.530000000000001,59.56250000000001
2026-06-29,346,0,2388.65,1497.0,891.6500000000001,59.56245824983301
2026-02-16,297,2,68.61,43.0,25.61,59.55813953488372
2025-08-28,398,2,14.36,9.0,5.359999999999999,59.55555555555555
2026-05-07,289,2,14.56,36.0,21.439999999999998,59.55555555555555
2026-05-15,522,1,14.56,36.0,21.439999999999998,59.55555555555555
2026-04-13,471,1,268.05,168.0,100.05000000000001,59.55357142857144
2026-04-09,282,5,74.99,47.0,27.989999999999995,59.55319148936169
2026-03-16,320,5,142.0,89.0,53.0,59.55056179775281
2025-07-31,459,2,127.64,80.0,47.64,59.550000000000004
2026-03-19,363,4,141.19,349.0,207.81,59.54441260744986
2025-10-22,339,1,525.95,1300.0,774.05,59.54230769230768
2025-08-10,431,1,322.27,202.0,120.26999999999998,59.53960396039603
2026-04-17,384,3,30.35,75.0,44.65,59.533333333333324
2025-11-05,382,1,177.08,111.0,66.08000000000001,59.53153153153154
2026-07-10,301,1,596.64,374.0,222.64,59.52941176470588
2026-01-08,480,4,26.31,65.0,38.69,59.52307692307692
2026-01-19,485,2,42.1,104.0,61.9,59.51923076923077
2026-01-12,364,2,141.97,89.0,52.97,59.51685393258427
2025-10-06,440,1,371.67,233.0,138.67000000000002,59.515021459227476
2025-09-12,472,2,314.24,197.0,117.24000000000001,59.51269035532996
2026-02-16,479,1,169.08,106.0,63.08000000000001,59.509433962264154
2026-04-10,319,8,100.49,63.0,37.489999999999995,59.5079365079365
2026-05-26,406,0,36.85,91.0,54.15,59.505494505494504
2025-08-28,482,2,7.29,18.0,10.71,59.50000000000001
2025-08-27,405,0,39.69,98.0,58.31,59.5
2025-08-11,404,1,2.43,6.0,3.57,59.5
2026-03-08,509,4,10.53,26.0,15.47,59.5
2026-05-05,348,7,0.81,2.0,1.19,59.5
2026-03-10,362,1,22.33,14.0,8.329999999999998,59.499999999999986
2025-12-26,403,4,172.26,108.0,64.25999999999999,59.499999999999986
2026-03-23,510,2,440.2,276.0,164.2,59.4927536231884
2026-03-22,282,5,121.93,301.0,179.07,59.49169435215946
2026-06-03,450,0,393.94,247.0,146.94,59.48987854251012
2026-05-29,281,5,36.46,90.0,53.54,59.488888888888894
2026-06-19,337,0,967.02,2387.0,1419.98,59.48806032677001
2026-07-10,459,1,13.37,33.0,19.630000000000003,59.4848484848485
2025-10-02,486,1,115.47,285.0,169.53,59.48421052631579
2025-11-18,388,2,39.87,25.0,14.869999999999997,59.47999999999999
2025-08-28,281,4,495.98,311.0,184.98000000000002,59.47909967845659
2025-10-21,374,4,47.41,117.0,69.59,59.47863247863248
2026-06-30,318,5,457.67,287.0,170.67000000000002,59.46689895470384
2025-09-20,318,3,47.84,30.0,17.840000000000003,59.466666666666676
2026-06-30,315,2,261.52,164.0,97.51999999999998,59.463414634146325
2026-07-11,520,1,81.48,201.0,119.52,59.462686567164184
2025-10-30,454,0,800.46,502.0,298.46000000000004,59.45418326693228
2025-08-28,388,0,878.58,551.0,327.58000000000004,59.451905626134305
2026-07-05,516,9,86.39,213.0,126.61,59.44131455399061
2026-02-07,319,7,12.98,32.0,19.02,59.4375
2025-10-21,305,5,242.97,599.0,356.03,59.43739565943238
2026-06-06,509,8,234.37,147.0,87.37,59.43537414965987
2025-10-06,282,0,369.89,232.0,137.89,59.4353448275862
2026-06-17,505,2,36.67,23.0,13.670000000000002,59.434782608695656
2025-11-06,332,5,192.91,121.0,71.91,59.429752066115704
2025-11-22,279,2,122.76,77.0,45.760000000000005,59.42857142857143
2025-08-27,385,3,176.09,434.0,257.90999999999997,59.42626728110598
2026-03-12,288,5,52.61,33.0,19.61,59.42424242424242
2026-01-15,288,2,135.51,85.0,50.50999999999999,59.4235294117647
2026-03-05,429,1,601.02,377.0,224.01999999999998,59.42175066312997
2026-05-09,396,2,7.71,19.0,11.29,59.42105263157894
2025-10-12,272,0,30.29,19.0,11.29,59.42105263157894
2026-06-01,516,9,30.29,19.0,11.29,59.42105263157894
2025-08-03,406,2,336.37,211.0,125.37,59.41706161137441
2026-01-17,505,3,4.87,12.0,7.13,59.416666666666664
2026-06-22,516,2,76.52,48.0,28.519999999999996,59.416666666666664
2025-09-12,289,4,11.77,29.0,17.23,59.41379310344828
2026-02-02,289,0,439.97,276.0,163.97000000000003,59.409420289855085
2026-02-02,331,3,278.96,175.0,103.95999999999998,59.405714285714275
2025-08-28,363,0,1063.23,667.0,396.23,59.4047976011994
2025-10-25,274,2,66.95,42.0,24.950000000000003,59.40476190476191
2026-03-05,459,1,2.03,5.0,2.97,59.400000000000006
2026-03-02,398,2,12.18,30.0,17.82,59.4
2026-07-02,330,3,165.77,104.0,61.77000000000001,59.39423076923078
2026-02-09,389,0,176.92,111.0,65.91999999999999,59.38738738738738
2025-10-25,281,5,239.08,150.0,89.08000000000001,59.38666666666668
2026-05-30,509,6,20.72,13.0,7.719999999999999,59.38461538461538
2026-03-23,309,0,2357.22,1479.0,878.2199999999998,59.37931034482757
2026-03-27,320,9,382.51,240.0,142.51,59.37916666666666
2025-08-16,318,5,941.91,591.0,350.90999999999997,59.37563451776649
2026-06-11,442,2,12.75,8.0,4.75,59.375
2026-04-03,334,2,12.75,8.0,4.75,59.375
2026-03-04,333,3,53.63,132.0,78.37,59.371212121212125
2026-06-26,419,4,32.1,79.0,46.9,59.36708860759493
2025-10-21,412,1,73.14,180.0,106.86,59.36666666666667
2026-01-16,398,3,243.83,153.0,90.83000000000001,59.36601307189543
2025-09-06,413,2,248.61,156.0,92.61000000000001,59.36538461538462
2026-04-04,509,8,218.33,137.0,81.33000000000001,59.36496350364965
2025-08-15,428,0,272.51,171.0,101.50999999999999,59.362573099415194
2025-12-01,336,2,22.31,14.0,8.309999999999999,59.357142857142854
2026-06-15,421,0,337.83,212.0,125.82999999999998,59.35377358490565
2026-06-29,472,2,262.93,165.0,97.93,59.35151515151516
2025-10-02,486,0,115.85,285.0,169.15,59.35087719298245
2025-10-24,310,1,847.73,532.0,315.73,59.347744360902254
2025-10-14,324,4,231.05,145.0,86.05000000000001,59.344827586206904
2026-07-16,301,3,171.58,422.0,250.42,59.34123222748815
2026-01-20,327,4,70.11,44.0,26.11,59.340909090909086
2026-05-15,522,0,14.64,36.0,21.36,59.33333333333333
2025-12-24,336,2,23.9,15.0,8.899999999999999,59.33333333333333
2025-08-11,382,2,274.05,172.0,102.05000000000001,59.33139534883721
2025-11-18,282,3,35.05,22.0,13.049999999999997,59.318181818181806
2025-09-14,485,2,43.53,107.0,63.47,59.3177570093458
2026-03-25,480,4,25.49,16.0,9.489999999999998,59.31249999999999
2026-05-04,359,1,140.19,88.0,52.19,59.30681818181818
2026-05-02,522,1,9.36,23.0,13.64,59.30434782608695
2026-07-07,319,2,111.51,70.0,41.510000000000005,59.30000000000001
2026-04-21,509,1,15.93,10.0,5.93,59.3
2026-07-18,526,1,10.99,27.0,16.009999999999998,59.29629629629629
2026-02-16,514,0,597.36,375.0,222.36,59.29600000000001
2025-12-13,507,4,176.25,433.0,256.75,59.29561200923787
2026-05-29,384,5,568.68,357.0,211.67999999999995,59.29411764705881
2026-07-06,363,1,108.32,68.0,40.31999999999999,59.29411764705881
2026-06-16,318,5,724.76,455.0,269.76,59.28791208791209
2025-10-26,468,1,359.99,226.0,133.99,59.287610619469035
2026-05-02,438,1,646.67,406.0,240.66999999999996,59.2783251231527
2025-12-25,493,0,485.43,1192.0,706.5699999999999,59.27600671140939
2026-05-04,357,1,191.13,120.0,71.13,59.275
2026-04-21,519,0,87.6,55.0,32.599999999999994,59.272727272727266
2026-05-30,498,1,146.53,92.0,54.53,59.27173913043479
2025-10-28,294,1,229.35,144.0,85.35,59.27083333333333
2026-03-03,430,0,58.93,37.0,21.93,59.27027027027027
2025-08-28,290,2,50.1,123.0,72.9,59.26829268292684
2025-08-04,383,1,30.26,19.0,11.260000000000002,59.26315789473685
2026-02-02,416,0,224.56,141.0,83.56,59.26241134751773
2026-05-30,498,0,146.52,92.0,54.52000000000001,59.2608695652174
2026-01-18,495,0,1173.74,737.0,436.74,59.25915875169606
2026-06-03,450,1,393.37,247.0,146.37,59.259109311740886
2026-05-20,318,3,43.19,106.0,62.81,59.254716981132084
2026-01-16,361,6,251.62,158.0,93.62,59.25316455696203
2025-10-26,341,1,815.37,512.0,303.37,59.251953125
2026-07-13,534,2,6.37,4.0,2.37,59.25
2026-01-09,334,2,4.89,12.0,7.11,59.25
2025-10-22,435,1,183.13,115.0,68.13,59.243478260869566
2026-04-13,273,4,665.63,418.0,247.63,59.24162679425837
2026-07-23,339,4,46.18,29.0,17.18,59.24137931034482
2026-05-19,516,11,46.18,29.0,17.18,59.24137931034482
2025-10-26,490,1,856.71,538.0,318.71000000000004,59.23977695167287
2025-11-27,505,2,150.82,370.0,219.18,59.23783783783784
2025-12-26,463,1,357.09,876.0,518.9100000000001,59.23630136986302
2026-01-01,382,1,796.55,1954.0,1157.45,59.23490276356193
2026-07-04,356,1,904.44,568.0,336.44000000000005,59.23239436619719
2026-06-24,509,8,124.2,78.0,46.2,59.23076923076923
2025-10-06,456,0,171.96,108.0,63.96000000000001,59.22222222222223
2025-11-28,320,3,151.71,372.0,220.29,59.21774193548387
2025-10-21,315,1,217.78,534.0,316.22,59.21722846441948
2025-08-01,353,0,1047.64,658.0,389.6400000000001,59.21580547112464
2026-04-29,516,8,7.75,19.0,11.25,59.210526315789465
2026-06-19,446,0,214.93,135.0,79.93,59.20740740740741
2026-01-06,412,0,79.6,50.0,29.599999999999994,59.19999999999999
2026-04-04,279,0,686.14,431.0,255.14,59.19721577726218
2026-01-15,346,4,120.37,295.0,174.63,59.19661016949153
2026-06-27,422,1,284.96,179.0,105.95999999999998,59.195530726256976
2026-07-04,289,2,49.35,31.0,18.35,59.19354838709678
2026-02-02,336,4,116.21,73.0,43.209999999999994,59.191780821917796
2026-05-26,338,2,58.9,37.0,21.9,59.189189189189186
2026-05-29,352,1,2290.73,1439.0,851.73,59.189020152883955
2025-12-25,493,1,486.47,1192.0,705.53,59.18875838926174
2025-08-12,494,1,73.87,181.0,107.13,59.187845303867405
2026-02-09,480,5,127.34,80.0,47.34,59.175
2026-01-05,411,0,222.84,140.0,82.84,59.17142857142858
2025-10-21,330,3,112.28,275.0,162.72,59.170909090909085
2026-03-08,516,12,7.35,18.0,10.65,59.166666666666664
2026-05-15,314,1,859.49,540.0,319.49,59.16481481481482
2026-07-07,463,0,72.69,178.0,105.31,59.16292134831461
2026-01-02,427,2,79.58,50.0,29.58,59.160000000000004
2026-07-18,273,2,579.34,364.0,215.34000000000003,59.159340659340664
2025-07-24,336,7,41.25,101.0,59.75,59.15841584158416
2025-10-02,282,5,162.34,102.0,60.34,59.15686274509804
2025-09-28,491,1,467.92,294.0,173.92000000000002,59.15646258503402
2026-07-01,482,0,122.55,77.0,45.55,59.15584415584415
2025-10-24,361,0,2299.78,1445.0,854.7800000000002,59.15432525951558
2025-09-15,485,2,26.96,66.0,39.04,59.151515151515156
2025-10-21,332,7,67.4,165.0,97.6,59.15151515151514
2025-10-26,301,1,727.31,457.0,270.30999999999995,59.148796498905895
2026-02-19,386,2,22.47,55.0,32.53,59.14545454545455
2026-06-12,442,2,11.14,7.0,4.140000000000001,59.14285714285715
2026-06-29,348,7,2.86,7.0,4.140000000000001,59.14285714285715
2026-01-06,289,1,114.58,72.0,42.58,59.138888888888886
2025-11-24,455,0,222.79,140.0,82.78999999999999,59.13571428571428
2026-05-27,281,5,34.33,84.0,49.67,59.13095238095239
2025-10-05,391,3,271.38,664.0,392.62,59.12951807228916
2025-10-26,411,1,364.4,229.0,135.39999999999998,59.12663755458514
2026-02-02,322,1,151.17,95.0,56.16999999999999,59.12631578947367
2026-03-25,319,7,12.73,8.0,4.73,59.12500000000001
2025-12-03,463,0,380.29,239.0,141.29000000000002,59.11715481171549
2026-05-02,383,0,98.65,62.0,36.650000000000006,59.112903225806456
2025-08-13,307,1,685.77,431.0,254.76999999999998,59.11136890951275
2025-12-25,336,5,359.01,878.0,518.99,59.11047835990888
2025-09-24,371,1,122.27,299.0,176.73000000000002,59.10702341137124
2025-11-10,476,1,163.88,103.0,60.879999999999995,59.106796116504846
2025-08-13,354,1,792.35,498.0,294.35,59.10642570281125
2025-09-29,357,2,154.17,377.0,222.83,59.106100795755964
2026-04-28,509,1,7.77,19.0,11.23,59.10526315789474
2026-02-04,418,2,92.28,58.0,34.28,59.10344827586207
2026-04-06,332,7,62.05,39.0,23.049999999999997,59.102564102564095
2026-05-16,412,0,91.62,224.0,132.38,59.09821428571428
2026-06-01,336,2,50.91,32.0,18.909999999999997,59.093749999999986
2025-09-22,388,6,35.0,22.0,13.0,59.09090909090909
2026-05-16,412,1,91.64,224.0,132.36,59.08928571428572
2025-09-30,403,5,19.23,47.0,27.77,59.08510638297872
2026-06-05,448,2,4.91,12.0,7.09,59.08333333333333
2025-11-19,444,1,39.69,97.0,57.31,59.08247422680412
2026-06-19,446,1,214.76,135.0,79.75999999999999,59.08148148148148
2025-11-28,503,2,276.21,675.0,398.79,59.08
2025-09-12,458,1,369.06,232.0,137.06,59.07758620689655
2026-04-22,291,4,62.04,39.0,23.04,59.07692307692307
2026-06-29,332,1,424.73,267.0,157.73000000000002,59.0749063670412
2025-12-15,332,4,192.48,121.0,71.47999999999999,59.074380165289256
2026-02-04,505,3,22.92,56.0,33.08,59.07142857142856
2025-11-17,390,1,411.99,259.0,152.99,59.069498069498074
2026-05-29,513,2,351.54,221.0,130.54000000000002,59.06787330316743
2026-07-06,337,3,95.44,60.0,35.44,59.06666666666667
2026-03-28,441,1,241.78,152.0,89.78,59.06578947368422
2026-06-10,409,2,25.38,62.0,36.620000000000005,59.06451612903226
2025-10-25,317,4,294.26,185.0,109.25999999999999,59.059459459459454
2025-10-01,384,3,27.84,68.0,40.16,59.05882352941176
2026-02-20,384,3,27.04,17.0,10.04,59.05882352941176
2026-05-02,273,3,15.97,39.0,23.03,59.05128205128205
2025-09-16,355,3,217.9,137.0,80.9,59.05109489051096
2026-05-28,361,1,26.62,65.0,38.379999999999995,59.046153846153835
2026-01-05,344,1,176.54,111.0,65.53999999999999,59.04504504504504
2025-11-01,311,0,472.36,297.0,175.36,59.04377104377105
2026-07-03,509,4,18.84,46.0,27.16,59.04347826086956
2026-04-04,289,2,36.58,23.0,13.579999999999998,59.043478260869556
2026-03-05,480,6,36.58,23.0,13.579999999999998,59.043478260869556
2026-05-03,451,0,116.1,73.0,43.099999999999994,59.04109589041096
2026-05-03,451,1,116.1,73.0,43.099999999999994,59.04109589041096
2026-02-13,372,3,52.43,128.0,75.57,59.03906249999999
2025-11-10,476,0,163.81,103.0,60.81,59.03883495145631
2026-07-07,442,0,297.4,187.0,110.39999999999998,59.0374331550802
2025-11-05,487,2,165.49,404.0,238.51,59.03712871287129
2026-03-20,339,1,143.13,90.0,53.129999999999995,59.033333333333324
2025-09-19,362,3,101.78,64.0,37.78,59.03125
2025-10-21,288,2,110.63,270.0,159.37,59.025925925925925
2026-02-21,317,2,248.08,156.0,92.08000000000001,59.02564102564103
2026-05-17,387,1,403.91,254.0,149.91000000000003,59.01968503937008
2026-04-17,373,5,174.92,110.0,64.91999999999999,59.0181818181818
2025-09-03,384,1,50.0,122.0,72.0,59.01639344262295
2025-08-27,427,2,25.82,63.0,37.18,59.01587301587301
2026-07-09,357,4,141.4,345.0,203.6,59.01449275362318
2026-06-18,327,5,259.19,163.0,96.19,59.012269938650306
2026-03-03,486,1,74.19,181.0,106.81,59.011049723756905
2026-07-16,281,5,91.0,222.0,131.0,59.009009009009006
2026-01-24,348,7,0.82,2.0,1.1800000000000002,59.00000000000001
2026-04-30,374,2,7.95,5.0,2.95,59.00000000000001
2026-07-10,277,2,0.41,1.0,0.5900000000000001,59.00000000000001
2026-05-09,509,6,15.9,10.0,5.9,59.00000000000001
2026-07-14,396,3,1.59,1.0,0.5900000000000001,59.00000000000001
2026-03-26,509,1,11.13,7.0,4.130000000000001,59.00000000000001
2025-10-06,419,3,33.39,21.0,12.39,59.00000000000001
2026-04-18,396,3,216.24,136.0,80.24000000000001,59.00000000000001
2026-07-11,442,2,11.07,27.0,15.93,59.0
2026-04-09,424,1,39.75,25.0,14.75,59.0
2025-08-12,315,0,748.88,471.0,277.88,58.99787685774947
2026-01-18,372,2,850.62,535.0,315.62,58.99439252336449
2026-07-05,279,5,211.46,133.0,78.46000000000001,58.99248120300753
2026-04-25,340,1,659.02,1607.0,947.98,58.99066583696329
2025-10-02,308,2,157.48,384.0,226.52,58.98958333333334
2026-01-15,396,3,131.96,83.0,48.96000000000001,58.987951807228924
2026-03-30,320,2,225.76,142.0,83.75999999999999,58.985915492957744
2025-10-13,423,0,591.4,372.0,219.39999999999998,58.978494623655905
2026-06-04,506,1,273.44,172.0,101.44,58.97674418604652
2025-10-29,361,7,383.13,241.0,142.13,58.97510373443984
2026-02-15,302,3,934.77,588.0,346.77,58.97448979591836
2026-01-30,442,2,15.59,38.0,22.41,58.973684210526315
2025-08-26,385,4,119.23,75.0,44.230000000000004,58.973333333333336
2025-09-18,366,3,344.97,217.0,127.97000000000003,58.97235023041476
2025-12-25,491,1,1047.62,659.0,388.6199999999999,58.97116843702578
2026-06-09,470,0,532.55,335.0,197.54999999999995,58.97014925373133
2026-06-11,521,1,12.72,31.0,18.28,58.96774193548387
2025-08-07,291,2,89.02,56.0,33.019999999999996,58.9642857142857
2025-08-10,403,5,160.55,101.0,59.55000000000001,58.96039603960397
2026-06-29,511,0,476.88,300.0,176.88,58.96
2025-11-02,445,0,236.85,149.0,87.85,58.95973154362416
2026-04-22,339,3,151.01,95.0,56.00999999999999,58.9578947368421
2026-01-02,282,5,220.95,139.0,81.94999999999999,58.95683453237409
2025-10-08,291,2,104.91,66.0,38.91,58.954545454545446
2026-01-05,343,3,904.43,569.0,335.42999999999995,58.950790861159916
2026-02-23,351,2,737.53,464.0,273.53,58.950431034482754
2026-02-20,297,2,63.58,40.0,23.58,58.94999999999999
2025-08-07,450,0,327.43,206.0,121.43,58.94660194174758
2025-09-18,355,1,29.97,73.0,43.03,58.945205479452056
2026-02-21,360,2,112.85,71.0,41.849999999999994,58.94366197183098
2025-12-26,382,2,383.05,241.0,142.05,58.941908713692946
2025-08-23,412,0,74.33,181.0,106.67,58.933701657458556
2026-02-08,485,2,68.34,43.0,25.340000000000003,58.93023255813954
2025-09-05,336,7,17.25,42.0,24.75,58.92857142857143
2025-08-10,431,0,321.02,202.0,119.01999999999998,58.92079207920791
2026-06-22,341,1,295.59,186.0,109.58999999999997,58.91935483870966
2026-07-02,520,1,58.8,37.0,21.799999999999997,58.91891891891892
2025-11-05,319,8,60.39,147.0,86.61,58.91836734693877
2026-01-05,480,0,804.12,506.0,298.12,58.916996047430835
2026-05-03,400,3,29.58,72.0,42.42,58.91666666666667
2025-11-18,418,1,90.58,57.0,33.58,58.91228070175438
2025-10-21,361,3,288.85,703.0,414.15,58.911806543385495
2025-08-28,346,3,751.64,473.0,278.64,58.909090909090914
2026-03-19,331,3,261.77,637.0,375.23,58.90580847723705
2025-09-15,352,2,344.81,217.0,127.81,58.89861751152073
2025-11-28,355,4,211.27,514.0,302.73,58.89688715953307
2025-10-21,412,0,73.99,180.0,106.01,58.894444444444446
2025-10-06,385,1,433.77,273.0,160.76999999999998,58.89010989010989
2025-08-30,322,1,149.65,364.0,214.35,58.88736263736264
2026-05-05,419,3,18.09,44.0,25.91,58.88636363636364
2025-11-23,283,2,502.07,316.0,186.07,58.882911392405056
2025-09-06,318,0,1305.96,822.0,483.96000000000004,58.87591240875912
2025-08-22,355,2,112.8,71.0,41.8,58.87323943661972
2026-05-29,479,0,233.54,147.0,86.53999999999999,58.87074829931972
2025-10-22,339,0,1113.11,2706.0,1592.89,58.86511456023652
2025-08-17,475,0,447.99,282.0,165.99,58.861702127659576
2026-07-15,507,4,262.12,165.0,97.12,58.86060606060607
2025-11-05,382,0,260.53,164.0,96.52999999999997,58.859756097560954
2025-11-06,348,0,1250.21,787.0,463.21000000000004,58.857687420584504
2025-08-29,475,0,155.68,98.0,57.68000000000001,58.85714285714286
2026-05-02,509,6,5.76,14.0,8.24,58.85714285714286
2025-08-21,359,0,187.45,118.0,69.44999999999999,58.85593220338981
2025-12-26,475,2,120.73,76.0,44.730000000000004,58.85526315789475
2026-01-01,410,1,87.23,212.0,124.77,58.85377358490565
2026-01-29,507,4,109.45,266.0,156.55,58.853383458646626
2026-03-27,320,5,208.09,131.0,77.09,58.84732824427481
2026-02-22,360,2,120.72,76.0,44.72,58.8421052631579
2025-08-28,480,5,165.19,104.0,61.19,58.83653846153846
2025-10-03,337,1,84.18,53.0,31.180000000000007,58.830188679245296
2025-10-22,340,3,554.31,349.0,205.30999999999995,58.828080229226344
2026-03-05,417,1,71.64,174.0,102.36,58.827586206896555
2026-07-16,390,2,235.06,148.0,87.06,58.82432432432433
2026-01-08,398,2,14.0,34.0,20.0,58.82352941176471
2025-07-26,480,6,57.65,140.0,82.35,58.82142857142857
2025-11-28,355,1,63.42,154.0,90.58,58.81818181818181
2025-09-28,491,0,466.91,294.0,172.91000000000003,58.812925170068034
2026-07-17,509,1,25.41,16.0,9.41,58.8125
2025-08-16,346,4,400.19,252.0,148.19,58.80555555555556
2026-01-18,388,3,187.39,118.0,69.38999999999999,58.805084745762706
2025-08-15,428,1,271.55,171.0,100.55000000000001,58.801169590643276
2025-08-13,396,4,7.94,5.0,2.9400000000000004,58.80000000000001
2025-10-30,319,4,2.06,5.0,2.94,58.8
2025-08-16,314,3,609.79,384.0,225.78999999999996,58.79947916666666
2025-10-21,363,0,2194.56,1382.0,812.56,58.795947901591894
2026-05-23,282,5,47.81,116.0,68.19,58.78448275862069
2025-09-11,486,1,80.98,51.0,29.980000000000004,58.7843137254902
2025-11-06,487,0,466.82,294.0,172.82,58.78231292517007
2026-07-01,481,0,201.65,127.0,74.65,58.779527559055126
2026-05-30,317,4,263.57,166.0,97.57,58.77710843373494
2026-01-18,507,0,477.4,1158.0,680.6,58.77374784110536
2025-08-01,339,1,749.39,472.0,277.39,58.769067796610166
2025-10-20,403,3,74.62,47.0,27.620000000000005,58.76595744680853
2026-01-17,436,0,771.6,486.0,285.6,58.76543209876544
2026-04-30,509,4,7.01,17.0,9.99,58.76470588235294
2025-11-24,455,1,222.27,140.0,82.27000000000001,58.76428571428573
2026-06-17,272,2,1517.72,956.0,561.72,58.75732217573222
2026-05-25,380,1,163.52,103.0,60.52000000000001,58.757281553398066
2026-06-15,318,4,538.7,1306.0,767.3,58.75191424196018
2026-01-12,364,3,517.53,326.0,191.52999999999997,58.751533742331276
2026-07-19,272,4,16.5,40.0,23.5,58.75
2026-04-28,513,1,6.6,16.0,9.4,58.75
2026-03-05,301,2,59.4,144.0,84.6,58.74999999999999
2026-02-09,437,0,166.68,105.0,61.68000000000001,58.742857142857154
2025-12-30,301,2,240.12,582.0,341.88,58.74226804123711
2026-02-01,319,1,141.28,89.0,52.28,58.74157303370786
2026-05-02,522,0,9.49,23.0,13.51,58.7391304347826
2026-07-01,330,0,1409.6,888.0,521.5999999999999,58.738738738738725
2026-01-08,319,8,131.75,83.0,48.75,58.734939759036145
2025-10-21,366,2,554.22,1343.0,788.78,58.73268801191362
2026-02-09,389,1,176.19,111.0,65.19,58.729729729729726
2025-10-06,333,1,398.41,251.0,147.41000000000003,58.729083665338656
2025-08-28,405,2,17.46,11.0,6.460000000000001,58.72727272727274
2026-03-11,383,1,7.43,18.0,10.57,58.72222222222222
2025-08-23,319,8,153.96,97.0,56.96000000000001,58.72164948453609
2026-05-05,509,8,134.91,85.0,49.91,58.71764705882353
2026-01-23,400,3,18.99,46.0,27.01,58.717391304347835
2025-10-08,352,0,1649.07,1039.0,610.0699999999999,58.71703561116457
2025-08-21,447,1,68.53,166.0,97.47,58.71686746987952
2025-10-20,490,0,384.09,242.0,142.08999999999997,58.71487603305784
2026-03-19,480,4,28.9,70.0,41.1,58.71428571428572
2025-10-23,403,5,33.33,21.0,12.329999999999998,58.71428571428571
2025-09-04,319,7,5.78,14.0,8.219999999999999,58.71428571428571
2026-05-30,455,1,465.01,293.0,172.01,58.70648464163823
2026-03-06,442,2,7.02,17.0,9.98,58.705882352941174
2026-04-16,304,0,1582.24,997.0,585.24,58.70010030090271
2025-12-15,383,2,47.61,30.0,17.61,58.699999999999996
2026-04-14,388,7,93.34,226.0,132.66,58.69911504424778
2025-09-05,480,1,97.06,235.0,137.94,58.697872340425526
2026-03-28,441,0,241.22,152.0,89.22,58.69736842105263
2026-01-17,417,1,157.11,99.0,58.110000000000014,58.69696969696972
2025-11-10,331,3,285.65,180.0,105.64999999999998,58.69444444444443
2026-07-03,420,0,274.54,173.0,101.54000000000002,58.69364161849712
2025-08-03,406,0,334.84,211.0,123.83999999999997,58.69194312796208
2026-01-14,320,6,92.12,223.0,130.88,58.690582959641254
2025-10-30,288,6,55.78,135.0,79.22,58.68148148148148
2025-10-06,291,0,1269.41,800.0,469.4100000000001,58.67625000000001
2026-01-17,412,0,86.37,209.0,122.63,58.67464114832536
2026-03-03,486,0,74.8,181.0,106.2,58.674033149171265
2026-05-06,282,5,82.51,52.0,30.510000000000005,58.67307692307693
2026-06-01,282,5,92.03,58.0,34.03,58.67241379310345
2026-01-26,404,0,95.88,232.0,136.12,58.67241379310345
2026-05-29,411,0,115.83,73.0,42.83,58.67123287671233
2026-06-29,272,0,3735.02,2354.0,1381.02,58.66694987255735
2025-08-29,416,0,290.36,183.0,107.36000000000001,58.66666666666668
2026-02-20,404,1,2.48,6.0,3.52,58.666666666666664
2025-09-11,296,2,2.48,6.0,3.52,58.666666666666664
2026-05-04,516,8,19.04,12.0,7.039999999999999,58.66666666666666
2026-03-05,301,1,263.77,638.0,374.23,58.65673981191223
2026-07-10,372,2,533.08,336.0,197.08000000000004,58.65476190476192
2025-09-26,386,3,21.5,52.0,30.5,58.65384615384615
2025-12-29,487,0,756.77,477.0,279.77,58.65199161425576
2025-08-01,482,2,26.97,17.0,9.969999999999999,58.647058823529406
2025-09-12,315,1,309.36,195.0,114.36000000000001,58.64615384615385
2025-11-10,288,3,120.57,76.0,44.56999999999999,58.644736842105246
2026-06-08,516,5,22.21,14.0,8.21,58.64285714285715
2026-06-17,404,1,5.79,14.0,8.21,58.64285714285715
2025-10-22,463,0,423.57,267.0,156.57,58.640449438202246
2026-06-09,470,1,531.43,335.0,196.42999999999995,58.63582089552237
2025-11-30,412,1,134.84,85.0,49.84,58.635294117647064
2026-05-13,492,0,161.8,102.0,59.80000000000001,58.62745098039217
2026-06-25,294,4,764.58,482.0,282.58000000000004,58.62655601659752
2026-03-05,361,3,181.22,438.0,256.78,58.6255707762557
2026-03-30,328,0,494.91,312.0,182.91000000000003,58.62500000000001
2026-01-05,411,1,222.07,140.0,82.07,58.62142857142857
2025-09-23,370,2,128.48,81.0,47.47999999999999,58.61728395061727
2026-05-04,516,9,20.62,13.0,7.620000000000001,58.61538461538463
2025-08-23,391,3,172.89,109.0,63.889999999999986,58.61467889908256
2026-01-05,318,2,191.92,121.0,70.91999999999999,58.61157024793388
2026-02-13,410,1,25.25,61.0,35.75,58.606557377049185
2025-11-05,485,2,38.09,92.0,53.91,58.597826086956516
2026-03-15,480,4,62.94,152.0,89.06,58.592105263157904
2025-09-08,384,3,14.08,34.0,19.92,58.58823529411765
2026-05-23,405,1,12.01,29.0,16.990000000000002,58.58620689655173
2026-05-11,418,0,179.2,113.0,66.19999999999999,58.58407079646016
2026-05-02,301,0,1909.28,1204.0,705.28,58.578073089701
2025-08-09,331,2,513.79,324.0,189.78999999999996,58.57716049382715
2025-10-21,380,2,249.37,602.0,352.63,58.57641196013289
2025-08-14,405,2,33.3,21.0,12.299999999999997,58.57142857142856
2026-03-19,362,1,22.2,14.0,8.2,58.57142857142856
2026-04-21,340,1,158.57,100.0,58.56999999999999,58.569999999999986
2025-11-07,403,2,29.83,72.0,42.17,58.56944444444445
2025-08-21,447,0,68.78,166.0,97.22,58.566265060240966
2025-11-28,315,1,450.39,1087.0,636.61,58.565777368905245
2025-09-10,427,1,17.82,43.0,25.18,58.55813953488372
2025-10-27,331,3,448.7,283.0,165.7,58.55123674911661
2025-10-13,423,1,589.8,372.0,217.79999999999995,58.54838709677418
2025-08-23,412,1,75.03,181.0,105.97,58.54696132596685
2025-09-18,406,0,52.32,33.0,19.32,58.54545454545455
2026-03-29,445,1,163.3,103.0,60.30000000000001,58.54368932038836
2025-11-06,355,5,218.79,138.0,80.78999999999999,58.54347826086956
2026-02-11,315,2,134.76,85.0,49.75999999999999,58.541176470588226
2025-10-21,274,2,26.12,63.0,36.879999999999995,58.53968253968254
2025-08-29,356,2,320.25,202.0,118.25,58.539603960396036
2026-05-30,392,0,1063.8,671.0,392.79999999999995,58.53949329359165
2026-07-09,472,0,116.09,280.0,163.91,58.53928571428572
2026-03-20,516,5,10.78,26.0,15.22,58.53846153846154
2026-07-01,331,3,294.87,186.0,108.87,58.53225806451613
2026-01-23,396,3,84.6,204.0,119.4,58.529411764705884
2026-05-03,522,0,14.1,34.0,19.9,58.52941176470588
2026-03-04,425,1,60.24,38.0,22.240000000000002,58.52631578947369
2025-11-06,331,2,584.96,369.0,215.96000000000004,58.52574525745259
2025-08-30,319,5,88.77,56.0,32.769999999999996,58.51785714285713
2025-12-15,388,6,58.65,37.0,21.65,58.5135135135135
2026-01-05,343,4,253.62,160.0,93.62,58.5125
2026-02-05,512,2,39.0,94.0,55.0,58.51063829787234
2025-09-10,461,0,80.84,51.0,29.840000000000003,58.50980392156864
2026-02-15,513,0,895.55,565.0,330.54999999999995,58.504424778761056
2026-05-21,411,0,114.12,72.0,42.120000000000005,58.50000000000001
2025-11-20,274,7,25.36,16.0,9.36,58.5
2025-10-07,274,3,20.75,50.0,29.25,58.5
2026-05-07,348,7,3.17,2.0,1.17,58.5
2026-02-25,398,2,9.96,24.0,14.04,58.5
2025-09-23,370,0,453.31,286.0,167.31,58.5
2026-06-26,362,1,15.85,10.0,5.85,58.5
2025-12-18,374,2,9.51,6.0,3.51,58.5
2025-11-14,459,1,9.51,6.0,3.51,58.5
2026-02-05,494,0,66.57,42.0,24.569999999999993,58.499999999999986
2025-10-02,482,0,124.92,301.0,176.07999999999998,58.49833887043189
2026-01-16,385,4,294.8,186.0,108.80000000000001,58.49462365591398
2026-04-18,427,2,57.7,139.0,81.3,58.489208633093526
2026-04-07,471,0,248.82,157.0,91.82,58.48407643312101
2025-08-11,498,1,118.86,75.0,43.86,58.48
2025-10-21,330,2,315.14,759.0,443.86,58.479578392621875
2025-10-21,280,3,411.63,991.0,579.37,58.463168516649844
2026-06-06,514,0,1779.5,1123.0,656.5,58.45948352626892
2025-09-06,426,1,358.11,226.0,132.11,58.45575221238939
2025-10-21,384,4,354.94,224.0,130.94,58.455357142857146
2026-02-13,336,6,55.67,134.0,78.33,58.45522388059702
2026-03-30,281,1,216.45,521.0,304.55,58.45489443378119
2025-10-25,351,3,232.92,147.0,85.91999999999999,58.448979591836725
2026-02-02,416,1,223.41,141.0,82.41,58.44680851063829
2025-08-07,450,1,326.4,206.0,120.39999999999998,58.446601941747566
2025-09-09,272,1,28.52,18.0,10.52,58.44444444444444
2025-09-20,362,1,28.52,18.0,10.52,58.44444444444444
2025-10-18,327,5,603.67,381.0,222.66999999999996,58.443569553805766
2025-09-18,315,1,261.43,165.0,96.43,58.44242424242425
2025-11-06,331,4,532.35,336.0,196.35000000000002,58.43750000000001
2026-03-12,297,1,239.24,151.0,88.24000000000001,58.43708609271524
2026-03-16,480,4,47.53,30.0,17.53,58.43333333333334
2026-02-02,398,4,161.6,102.0,59.599999999999994,58.4313725490196
2026-02-16,479,0,180.61,114.0,66.61000000000001,58.42982456140352
2026-05-24,403,5,44.36,28.0,16.36,58.42857142857143
2026-01-01,426,1,934.71,590.0,344.71000000000004,58.42542372881356
2026-03-29,357,4,234.46,148.0,86.46000000000001,58.418918918918926
2025-11-23,389,1,359.61,227.0,132.61,58.418502202643175
2026-06-08,448,2,9.98,24.0,14.02,58.416666666666664
2025-10-06,372,1,400.79,253.0,147.79000000000002,58.41501976284585
2025-08-27,282,2,34.85,22.0,12.850000000000001,58.409090909090914
2026-04-15,506,1,243.95,154.0,89.94999999999999,58.4090909090909
2025-10-22,390,0,704.92,445.0,259.91999999999996,58.408988764044935
2025-08-14,480,2,42.77,27.0,15.770000000000003,58.40740740740742
2026-01-17,412,1,86.93,209.0,122.07,58.4066985645933
2025-11-23,336,4,152.07,96.0,56.06999999999999,58.40624999999999
2025-10-25,364,3,1108.83,700.0,408.8299999999999,58.404285714285706
2026-04-21,392,3,156.82,99.0,57.81999999999999,58.4040404040404
2026-06-29,344,0,971.01,613.0,358.01,58.40293637846655
2025-11-24,398,2,15.84,10.0,5.84,58.4
2025-12-25,481,1,402.32,254.0,148.32,58.39370078740157
2025-11-28,403,4,80.78,51.0,29.78,58.392156862745104
2026-04-15,506,0,243.92,154.0,89.91999999999999,58.38961038961038
2026-02-25,509,4,7.49,18.0,10.51,58.38888888888889
2026-02-18,317,3,167.89,106.0,61.889999999999986,58.38679245283017
2026-02-27,361,1,33.26,21.0,12.259999999999998,58.380952380952365
2025-08-10,403,4,403.87,255.0,148.87,58.38039215686275
2025-10-06,385,6,407.03,257.0,150.02999999999997,58.377431906614774
2026-05-10,405,2,9.99,24.0,14.01,58.375
2026-03-28,282,3,50.68,32.0,18.68,58.375
2026-04-14,463,1,124.06,298.0,173.94,58.36912751677852
2026-01-19,398,2,12.49,30.0,17.509999999999998,58.36666666666665
2026-03-08,476,0,130.73,314.0,183.27,58.36624203821656
2026-01-16,469,0,212.2,134.0,78.19999999999999,58.358208955223866
2026-03-06,336,7,32.07,77.0,44.93,58.350649350649356
2026-06-11,338,2,95.01,60.0,35.010000000000005,58.350000000000016
2026-07-09,397,3,259.69,164.0,95.69,58.34756097560976
2025-08-29,392,3,155.18,98.0,57.18000000000001,58.34693877551022
2026-02-02,480,4,45.92,29.0,16.92,58.344827586206904
2025-08-15,306,0,348.35,220.0,128.35000000000002,58.3409090909091
2025-08-18,383,0,107.67,68.0,39.67,58.338235294117645
2025-11-18,336,2,28.5,18.0,10.5,58.333333333333336
2026-05-02,370,2,425.91,269.0,156.91000000000003,58.33085501858737
2026-01-27,410,0,49.08,31.0,18.08,58.32258064516128
2026-06-26,357,3,148.83,357.0,208.17,58.310924369747895
2026-04-25,273,5,305.54,193.0,112.54000000000002,58.31088082901555
2025-10-24,485,2,24.18,58.0,33.82,58.3103448275862
2025-08-16,357,4,378.36,239.0,139.36,58.309623430962354
2026-01-23,371,0,370.44,234.0,136.44,58.30769230769231
2025-08-22,320,6,82.32,52.0,30.319999999999993,58.30769230769229
2026-06-25,304,1,394.17,249.0,145.17000000000002,58.30120481927712
2026-03-08,476,1,130.94,314.0,183.06,58.29936305732484
2025-09-07,456,1,334.01,211.0,123.00999999999999,58.29857819905213
2026-02-21,391,2,245.36,155.0,90.36000000000001,58.296774193548394
2026-06-06,338,2,98.42,236.0,137.57999999999998,58.296610169491515
2026-02-13,336,4,33.78,81.0,47.22,58.29629629629629
2026-04-27,332,1,235.86,149.0,86.86000000000001,58.29530201342282
2026-05-03,522,1,14.18,34.0,19.82,58.294117647058826
2025-09-18,332,1,131.38,83.0,48.379999999999995,58.28915662650602
2025-09-02,383,1,11.08,7.0,4.08,58.285714285714285
2026-06-22,516,12,22.16,14.0,8.16,58.285714285714285
2026-06-26,319,1,36.71,88.0,51.29,58.284090909090914
2025-09-06,373,4,797.74,504.0,293.74,58.28174603174603
2025-11-06,461,0,158.28,100.0,58.28,58.28
2025-09-07,456,0,333.97,211.0,122.97000000000003,58.27962085308058
2026-07-01,320,4,142.45,90.0,52.44999999999999,58.277777777777764
2025-11-28,336,1,55.91,134.0,78.09,58.27611940298508
2026-07-23,396,1,321.3,203.0,118.30000000000001,58.27586206896552
2026-05-13,492,1,161.44,102.0,59.44,58.27450980392157
2026-01-16,418,2,115.54,73.0,42.540000000000006,58.27397260273973
2025-08-09,485,0,579.28,366.0,213.27999999999997,58.27322404371584
2025-11-05,403,1,131.03,314.0,182.97,58.27070063694267
2025-09-01,468,0,77.55,49.0,28.549999999999997,58.265306122448976
2026-01-01,318,3,130.64,313.0,182.36,58.261980830670936
2025-10-06,364,2,169.34,107.0,62.34,58.26168224299065
2025-09-13,386,1,327.6,207.0,120.60000000000002,58.2608695652174
2025-08-20,331,3,90.17,216.0,125.83,58.254629629629626
2026-03-30,334,2,12.66,8.0,4.66,58.25
2025-11-17,482,1,75.96,48.0,27.959999999999994,58.24999999999999
2026-04-11,447,0,267.44,169.0,98.44,58.24852071005917
2025-09-21,462,0,217.11,520.0,302.89,58.24807692307692
2026-07-03,391,0,851.37,538.0,313.37,58.24721189591078
2026-05-30,455,0,463.65,293.0,170.64999999999998,58.24232081911263
2026-03-04,425,0,216.79,137.0,79.78999999999999,58.240875912408754
2026-07-07,425,2,386.1,244.0,142.10000000000002,58.2377049180328
2025-12-14,334,2,7.1,17.0,9.9,58.235294117647065
2025-08-14,289,4,41.14,26.0,15.14,58.23076923076923
2026-03-21,339,3,16.29,39.0,22.71,58.23076923076923
2025-08-18,288,3,137.66,87.0,50.66,58.229885057471265
2026-06-17,463,1,181.96,115.0,66.96000000000001,58.22608695652175
2025-10-06,484,0,155.06,98.0,57.06,58.224489795918366
2026-07-17,534,4,3.76,9.0,5.24,58.22222222222222
2026-01-05,364,1,257.9,163.0,94.89999999999998,58.220858895705504
2025-12-20,339,4,107.59,68.0,39.59,58.22058823529412
2026-05-25,386,3,17.13,41.0,23.87,58.21951219512196
2025-10-27,336,7,28.83,69.0,40.17,58.217391304347835
2025-10-30,463,2,101.55,243.0,141.45,58.20987654320987
2025-10-20,327,0,786.3,497.0,289.29999999999995,58.20925553319919
2025-11-08,279,2,115.49,73.0,42.489999999999995,58.20547945205479
2025-10-26,411,0,362.29,229.0,133.29000000000002,58.205240174672504
2025-08-23,320,1,632.82,400.0,232.82000000000005,58.20500000000002
2026-06-29,344,2,273.69,173.0,100.69,58.20231213872832
2026-05-20,301,1,401.83,254.0,147.82999999999998,58.20078740157479
2025-11-10,348,1,181.93,115.0,66.93,58.20000000000001
2026-07-03,320,7,230.97,146.0,84.97,58.198630136986296
2026-07-03,532,0,51.42,123.0,71.58,58.195121951219505
2025-08-18,346,2,365.43,231.0,134.43,58.1948051948052
2026-03-09,516,3,132.88,84.0,48.879999999999995,58.19047619047618
2026-06-25,333,2,265.76,168.0,97.75999999999999,58.19047619047618
2026-06-11,382,2,188.24,119.0,69.24000000000001,58.18487394957984
2026-01-17,347,0,1599.21,1011.0,588.21,58.18100890207716
2025-07-24,418,1,61.69,39.0,22.689999999999998,58.179487179487175
2025-11-27,503,1,115.43,276.0,160.57,58.177536231884055
2025-12-02,413,0,267.32,169.0,98.32,58.17751479289941
2026-01-01,392,2,141.36,338.0,196.64,58.17751479289941
2025-08-23,452,0,71.94,172.0,100.06,58.174418604651166
2026-06-20,479,2,10.04,24.0,13.96,58.166666666666664
2026-04-24,273,7,2.51,6.0,3.49,58.166666666666664
2026-01-17,334,2,7.53,18.0,10.469999999999999,58.16666666666666
2026-05-29,411,1,115.46,73.0,42.459999999999994,58.16438356164383
2025-09-28,333,2,713.32,451.0,262.32000000000005,58.16407982261642
2026-05-25,481,1,107.1,256.0,148.9,58.1640625
2025-11-04,319,3,49.03,31.0,18.03,58.16129032258065
2025-08-08,459,1,53.56,128.0,74.44,58.15625
2025-10-09,385,6,607.31,384.0,223.30999999999995,58.15364583333332
2026-05-21,411,1,113.87,72.0,41.870000000000005,58.152777777777786
2025-12-10,339,4,144.8,346.0,201.2,58.15028901734104
2026-06-29,309,1,1742.78,1102.0,640.78,58.14700544464609
2025-11-07,364,1,270.43,171.0,99.43,58.146198830409354
2025-09-27,448,2,11.72,28.0,16.28,58.14285714285715
2026-02-09,437,1,166.05,105.0,61.05000000000001,58.14285714285715
2025-10-06,484,1,154.98,98.0,56.97999999999999,58.14285714285713
2025-10-20,490,1,382.7,242.0,140.7,58.14049586776859
2026-06-25,513,0,550.32,348.0,202.32000000000005,58.13793103448277
2026-01-03,374,1,210.32,133.0,77.32,58.13533834586465
2025-11-14,334,2,18.84,45.0,26.16,58.13333333333334
2026-04-28,442,2,10.05,24.0,13.95,58.12499999999999
2025-08-27,291,4,64.49,154.0,89.51,58.12337662337662
2025-08-15,477,0,460.13,291.0,169.13,58.12027491408934
2026-03-22,488,1,553.41,350.0,203.40999999999997,58.117142857142845
2026-01-21,510,3,358.92,227.0,131.92000000000002,58.11453744493392
2025-08-18,363,2,468.01,296.0,172.01,58.111486486486484
2026-04-21,519,1,86.96,55.0,31.959999999999994,58.1090909090909
2025-09-01,374,0,189.73,120.0,69.72999999999999,58.10833333333333
2025-09-02,423,1,174.69,417.0,242.31,58.10791366906475
2025-12-23,413,1,90.49,216.0,125.51,58.10648148148149
2025-10-21,288,3,114.38,273.0,158.62,58.1025641025641
2026-06-23,474,1,124.04,296.0,171.95999999999998,58.09459459459458
2025-10-30,348,1,268.75,170.0,98.75,58.08823529411765
2025-08-29,416,1,289.3,183.0,106.30000000000001,58.087431693989075
2026-04-25,357,1,365.18,231.0,134.18,58.086580086580085
2026-07-17,407,0,888.42,562.0,326.41999999999996,58.081850533807824
2026-04-14,388,4,96.84,231.0,134.16,58.077922077922075
2026-06-25,273,4,507.43,321.0,186.43,58.0778816199377
2025-10-20,301,3,444.18,281.0,163.18,58.071174377224196
2026-04-11,447,1,267.14,169.0,98.13999999999999,58.07100591715976
2025-11-06,461,1,158.07,100.0,58.06999999999999,58.069999999999986
2025-07-26,447,1,376.2,238.0,138.2,58.067226890756295
2025-11-29,320,9,638.59,404.0,234.59000000000003,58.06683168316833
2026-02-12,274,2,47.42,30.0,17.42,58.06666666666668
2025-09-05,317,1,204.64,488.0,283.36,58.06557377049181
2025-12-29,344,2,396.74,251.0,145.74,58.06374501992032
2026-04-07,471,1,248.16,157.0,91.16,58.06369426751592
2025-09-02,423,0,174.88,417.0,242.12,58.06235011990408
2026-01-03,348,5,459.96,291.0,168.95999999999998,58.06185567010309
2025-11-28,428,0,129.61,82.0,47.610000000000014,58.06097560975611
2025-10-07,424,1,52.16,33.0,19.159999999999997,58.06060606060605
2026-03-13,448,2,7.13,17.0,9.870000000000001,58.058823529411775
2026-02-06,482,2,7.55,18.0,10.45,58.05555555555555
2025-08-16,425,2,660.67,418.0,242.66999999999996,58.05502392344497
2026-06-26,516,7,59.57,142.0,82.43,58.04929577464789
2025-08-28,453,0,455.18,288.0,167.18,58.048611111111114
2026-07-13,441,1,90.62,216.0,125.38,58.0462962962963
2026-02-14,446,0,312.93,198.0,114.93,58.04545454545455
2026-05-30,448,2,9.65,23.0,13.35,58.04347826086956
2025-10-21,327,1,152.31,363.0,210.69,58.04132231404958
2025-11-10,418,2,156.46,99.0,57.46000000000001,58.04040404040405
2026-01-07,282,4,93.24,59.0,34.239999999999995,58.03389830508474
2025-08-21,359,1,186.47,118.0,68.47,58.025423728813564
2026-03-05,475,0,192.79,122.0,70.78999999999999,58.02459016393442
2026-07-01,305,2,815.4,516.0,299.4,58.02325581395349
2025-09-12,459,1,20.15,48.0,27.85,58.020833333333336
2025-08-17,345,0,1603.91,1015.0,588.9100000000001,58.02068965517242
2025-10-20,301,2,85.33,54.0,31.33,58.01851851851851
2025-09-05,396,2,476.52,1135.0,658.48,58.015859030837
2025-09-13,405,0,57.94,138.0,80.06,58.014492753623195
2026-05-29,338,2,110.61,70.0,40.61,58.01428571428572
2026-03-23,488,1,151.69,96.0,55.69,58.010416666666664
2026-05-04,301,3,125.14,298.0,172.86,58.006711409395976
2026-06-15,453,1,583.03,369.0,214.02999999999997,58.00271002710027
2026-07-07,448,2,6.72,16.0,9.280000000000001,58.00000000000001
2026-03-03,430,1,58.46,37.0,21.46,58.00000000000001
2026-02-17,374,3,4.74,3.0,1.7400000000000002,58.00000000000001
2026-04-08,513,1,6.32,4.0,2.3200000000000003,58.00000000000001
2026-06-03,348,7,0.42,1.0,0.5800000000000001,58.00000000000001
2025-10-26,388,7,349.18,221.0,128.18,58.00000000000001
2025-12-26,396,4,1.58,1.0,0.5800000000000001,58.00000000000001
2026-05-27,516,12,17.38,11.0,6.379999999999999,57.99999999999999
2026-01-06,412,1,79.0,50.0,29.0,57.99999999999999
2026-03-06,374,2,5.46,13.0,7.54,57.99999999999999
2026-02-02,355,2,118.5,75.0,43.5,57.99999999999999
2026-04-23,442,2,7.14,17.0,9.86,57.99999999999999
2026-06-25,277,2,1.26,3.0,1.74,57.99999999999999
2025-11-10,398,1,39.5,25.0,14.5,57.99999999999999
2025-08-16,276,1,519.81,329.0,190.80999999999995,57.996960486322166
2025-09-21,462,1,218.43,520.0,301.57,57.99423076923077
2025-10-20,357,6,263.85,167.0,96.85000000000002,57.99401197604792
2026-04-15,512,1,342.84,217.0,125.83999999999997,57.990783410138235
2025-10-21,332,6,115.95,276.0,160.05,57.98913043478261
2026-06-10,516,1,31.09,74.0,42.91,57.98648648648648
2025-10-01,396,0,1469.19,930.0,539.19,57.97741935483871
2025-09-10,406,0,66.35,42.0,24.349999999999994,57.97619047619046
2025-10-27,429,1,614.51,389.0,225.51,57.97172236503856
2025-10-24,439,0,295.4,187.0,108.39999999999998,57.96791443850267
2025-12-26,319,5,230.63,146.0,84.63,57.96575342465753
2025-08-27,488,1,238.34,567.0,328.65999999999997,57.96472663139329
2025-11-28,320,7,162.68,387.0,224.32,57.963824289405686
2026-07-03,420,1,273.27,173.0,100.26999999999998,57.95953757225433
2025-08-22,360,2,104.25,66.0,38.25,57.95454545454546
2025-10-23,421,2,255.88,162.0,93.88,57.95061728395061
2025-08-28,453,1,454.88,288.0,166.88,57.94444444444444
2026-02-16,427,2,30.28,72.0,41.72,57.94444444444444
2026-06-29,309,2,565.44,358.0,207.44000000000005,57.94413407821231
2025-12-02,403,2,29.86,71.0,41.14,57.943661971830984
2025-11-02,429,0,2176.45,1378.0,798.4499999999998,57.942670537010144
2026-07-01,385,4,301.67,191.0,110.67000000000002,57.942408376963364
2025-08-15,306,1,347.47,220.0,127.47000000000003,57.9409090909091
2026-04-04,279,4,183.21,116.0,67.21000000000001,57.939655172413794
2026-07-11,509,4,27.76,66.0,38.239999999999995,57.93939393939394
2026-05-13,505,2,27.76,66.0,38.239999999999995,57.93939393939394
2026-01-02,347,3,222.69,141.0,81.69,57.93617021276596
2026-06-11,410,1,45.8,29.0,16.799999999999997,57.93103448275861
2025-08-10,482,1,385.35,244.0,141.35000000000002,57.93032786885247
2026-07-15,340,4,638.03,404.0,234.02999999999997,57.92821782178217
2025-10-20,333,1,307.96,195.0,112.95999999999998,57.928205128205114
2026-04-03,509,5,63.11,150.0,86.89,57.92666666666667
2025-09-11,403,5,20.53,13.0,7.530000000000001,57.923076923076934
2025-09-01,468,1,77.38,49.0,28.379999999999995,57.91836734693877
2026-05-29,388,5,225.82,143.0,82.82,57.91608391608391
2026-02-01,507,2,114.05,271.0,156.95,57.91512915129151
2026-07-03,308,3,110.54,70.0,40.540000000000006,57.91428571428572
2025-11-28,355,2,160.77,382.0,221.23,57.91361256544503
2026-07-01,507,4,341.09,216.0,125.08999999999997,57.912037037037024
2026-03-21,289,2,52.11,33.0,19.11,57.90909090909091
2026-07-11,384,3,23.15,55.0,31.85,57.90909090909091
2025-10-26,320,6,421.6,267.0,154.60000000000002,57.90262172284645
2026-01-17,404,1,4.21,10.0,5.79,57.9
2026-02-24,291,2,63.16,40.0,23.159999999999997,57.9
2025-08-09,384,3,45.79,29.0,16.79,57.89655172413792
2026-01-12,507,3,105.68,251.0,145.32,57.89641434262948
2025-10-20,374,0,225.79,143.0,82.78999999999999,57.895104895104886
2026-01-23,374,0,210.0,133.0,77.0,57.89473684210527
2025-09-06,426,0,356.84,226.0,130.83999999999997,57.8938053097345
2025-08-27,488,0,238.76,567.0,328.24,57.89065255731922
2026-06-29,272,1,858.92,544.0,314.91999999999996,57.889705882352935
2026-05-29,340,1,729.45,462.0,267.45000000000005,57.889610389610404
2025-12-29,475,0,331.56,210.0,121.56,57.885714285714286
2025-08-01,347,3,203.67,129.0,74.66999999999999,57.88372093023255
2026-01-23,320,6,95.63,227.0,131.37,57.87224669603525
2026-01-02,363,3,352.05,223.0,129.05,57.86995515695068
2025-12-26,388,3,179.97,114.0,65.97,57.86842105263158
2026-02-02,374,4,47.36,30.0,17.36,57.86666666666667
2026-06-23,474,0,124.73,296.0,171.26999999999998,57.86148648648648
2026-03-22,362,3,224.16,142.0,82.16,57.859154929577464
2026-03-19,482,1,38.35,91.0,52.65,57.857142857142854
2026-07-13,441,0,91.03,216.0,124.97,57.85648148148148
2025-07-25,450,0,257.3,163.0,94.30000000000001,57.85276073619633
2025-10-03,418,0,350.43,222.0,128.43,57.851351351351354
2026-05-01,390,2,203.6,483.0,279.4,57.84679089026915
2025-10-07,279,2,31.62,75.0,43.379999999999995,57.83999999999999
2026-02-13,410,0,25.72,61.0,35.28,57.83606557377049
2026-01-16,364,1,220.97,140.0,80.97,57.83571428571429
2025-10-21,288,0,586.53,1391.0,804.47,57.833932422717474
2025-10-22,272,0,7.59,18.0,10.41,57.833333333333336
2025-09-12,324,4,194.13,123.0,71.13,57.829268292682926
2025-07-28,308,3,118.37,75.0,43.370000000000005,57.82666666666667
2025-08-29,362,1,19.4,46.0,26.6,57.826086956521735
2025-08-23,452,1,72.55,172.0,99.45,57.81976744186047
2025-11-22,479,2,17.36,11.0,6.359999999999999,57.81818181818181
2026-04-14,510,1,187.73,445.0,257.27,57.81348314606741
2026-04-03,418,1,44.72,106.0,61.28,57.811320754716974
2026-05-01,346,4,242.61,575.0,332.39,57.806956521739124
2025-10-23,418,2,325.08,206.0,119.07999999999998,57.805825242718434
2026-04-30,309,2,141.78,336.0,194.22,57.80357142857143
2026-03-29,277,2,2.11,5.0,2.89,57.800000000000004
2026-07-17,272,2,542.83,344.0,198.83000000000004,57.79941860465117
2025-10-08,297,1,258.79,164.0,94.79000000000002,57.79878048780489
2025-11-23,389,0,358.2,227.0,131.2,57.79735682819383
2026-03-22,291,2,230.38,146.0,84.38,57.794520547945204
2026-05-01,338,2,75.97,180.0,104.03,57.79444444444445
2025-10-21,418,1,46.43,110.0,63.57,57.790909090909096
2026-07-21,296,1,347.14,220.0,127.13999999999999,57.79090909090908
2025-11-06,343,1,375.54,238.0,137.54000000000002,57.78991596638656
2025-10-09,419,0,164.1,104.0,60.099999999999994,57.78846153846153
2026-01-10,329,1,126.23,80.0,46.230000000000004,57.7875
2026-03-23,389,1,176.72,112.0,64.72,57.785714285714285
2026-01-18,495,1,1162.88,737.0,425.8800000000001,57.785617367706934
2026-05-10,289,4,33.35,79.0,45.65,57.78481012658227
2026-04-20,509,1,9.71,23.0,13.29,57.78260869565217
2025-11-06,314,3,302.94,192.0,110.94,57.78124999999999
2026-07-07,336,5,121.49,77.0,44.489999999999995,57.77922077922077
2025-11-26,450,0,249.29,158.0,91.28999999999999,57.778481012658226
2025-08-21,294,2,291.89,185.0,106.88999999999999,57.77837837837837
2025-08-05,446,1,262.2,621.0,358.8,57.777777777777786
2026-03-30,328,1,492.25,312.0,180.25,57.77243589743589
2026-03-07,274,5,55.22,35.0,20.22,57.77142857142857
2026-02-02,494,0,227.19,144.0,83.19,57.77083333333333
2025-09-10,461,1,80.46,51.0,29.459999999999994,57.76470588235293
2026-05-29,429,0,1258.96,798.0,460.96000000000004,57.764411027568926
2025-11-05,336,6,98.41,233.0,134.59,57.76394849785408
2025-07-26,331,5,87.01,206.0,118.99,57.762135922330096
2025-09-01,281,5,132.52,84.0,48.52000000000001,57.76190476190477
2025-10-05,309,2,724.11,459.0,265.11,57.75816993464053
2026-04-10,303,2,37.86,24.0,13.86,57.75
2026-05-03,520,5,1.69,4.0,2.31,57.75
2026-06-11,488,0,126.2,80.0,46.2,57.75
2026-06-19,384,3,31.55,20.0,11.55,57.75
2026-03-18,435,1,145.34,344.0,198.66,57.75
2026-06-12,404,1,6.31,4.0,2.3099999999999996,57.74999999999999
2025-10-30,463,0,180.42,427.0,246.58,57.74707259953162
2026-04-21,501,1,66.76,158.0,91.24,57.746835443037966
2025-10-29,444,1,372.28,236.0,136.27999999999997,57.74576271186439
2026-05-25,372,4,205.36,486.0,280.64,57.74485596707819
2025-08-15,477,1,459.03,291.0,168.02999999999997,57.7422680412371
2025-12-09,418,0,189.29,120.0,69.28999999999999,57.74166666666666
2026-04-07,319,9,85.18,54.0,31.180000000000007,57.74074074074075
2025-08-06,355,1,48.6,115.0,66.4,57.739130434782616
2026-03-19,321,3,121.72,288.0,166.28,57.73611111111111
2026-01-16,358,2,930.62,590.0,340.62,57.7322033898305
2026-06-15,338,2,88.33,56.0,32.33,57.732142857142854
2026-04-10,424,1,34.7,22.0,12.700000000000003,57.72727272727274
2026-05-10,509,6,13.95,33.0,19.05,57.72727272727273
2026-04-07,507,0,591.47,375.0,216.47000000000003,57.72533333333334
2026-02-21,392,0,821.71,521.0,300.71000000000004,57.71785028790788
2026-01-29,327,2,134.06,85.0,49.06,57.71764705882353
2025-11-26,450,1,249.19,158.0,91.19,57.715189873417714
2025-12-25,302,2,983.82,2326.0,1342.1799999999998,57.70335339638864
2025-08-12,374,3,15.77,10.0,5.77,57.699999999999996
2025-08-01,334,2,69.8,165.0,95.2,57.6969696969697
2026-06-12,509,3,6.77,16.0,9.23,57.6875
2026-01-16,407,0,908.28,576.0,332.28,57.68749999999999
2026-01-17,436,1,766.35,486.0,280.35,57.6851851851852
2026-07-03,496,0,733.21,465.0,268.21000000000004,57.679569892473125
2025-08-23,391,0,673.29,427.0,246.28999999999996,57.6791569086651
2026-06-27,298,0,607.05,385.0,222.04999999999995,57.67532467532467
2026-03-18,435,0,145.61,344.0,198.39,57.671511627906966
2026-04-17,509,7,171.86,109.0,62.860000000000014,57.66972477064222
2026-05-30,289,3,353.18,224.0,129.18,57.669642857142854
2026-07-09,353,0,9.46,6.0,3.460000000000001,57.66666666666668
2026-03-13,374,2,9.46,6.0,3.460000000000001,57.66666666666668
2025-09-18,319,4,4.73,3.0,1.7300000000000004,57.66666666666668
2025-09-14,314,2,783.59,497.0,286.59000000000003,57.66398390342054
2026-03-28,516,1,41.92,99.0,57.08,57.65656565656565
2026-03-15,516,5,12.28,29.0,16.72,57.655172413793096
2026-03-19,507,4,274.0,647.0,373.0,57.650695517774345
2026-06-16,488,0,130.85,83.0,47.849999999999994,57.65060240963855
2026-03-01,327,4,130.85,83.0,47.849999999999994,57.65060240963855
2026-01-16,469,1,211.25,134.0,77.25,57.649253731343286
2026-01-17,484,1,353.13,224.0,129.13,57.64732142857143
2026-04-05,334,3,93.6,221.0,127.4,57.64705882352942
2026-03-27,315,0,524.96,333.0,191.96000000000004,57.64564564564566
2026-03-28,427,1,234.89,149.0,85.88999999999999,57.64429530201342
2026-04-10,289,4,22.07,14.0,8.07,57.64285714285714
2026-02-13,510,6,562.76,357.0,205.76,57.63585434173669
2026-06-23,451,1,61.43,145.0,83.57,57.634482758620685
2025-10-31,442,2,17.37,41.0,23.63,57.63414634146341
2026-04-15,274,4,59.9,38.0,21.9,57.631578947368425
2025-10-14,413,0,293.19,186.0,107.19,57.62903225806452
2026-04-26,387,1,556.43,353.0,203.42999999999995,57.62889518413596
2026-07-08,396,2,190.73,121.0,69.72999999999999,57.628099173553714
2025-07-25,450,1,256.92,163.0,93.92000000000002,57.61963190184049
2025-09-22,320,8,140.28,89.0,51.28,57.617977528089895
2026-07-20,291,2,58.49,138.0,79.50999999999999,57.6159420289855
2026-03-19,480,3,163.21,385.0,221.79,57.60779220779221
2026-02-06,291,2,50.45,119.0,68.55,57.60504201680672
2026-01-03,405,1,50.03,118.0,67.97,57.60169491525423
2025-11-16,475,0,158.58,374.0,215.42,57.59893048128342
2025-10-05,297,1,713.92,453.0,260.91999999999996,57.59823399558498
2026-04-03,390,0,439.81,1037.0,597.19,57.58823529411765
2026-06-11,488,1,126.07,80.0,46.06999999999999,57.58749999999999
2025-09-29,280,7,71.68,169.0,97.32,57.585798816568044
2025-08-17,469,0,356.14,226.0,130.14,57.584070796460175
2026-06-23,451,0,61.51,145.0,83.49000000000001,57.5793103448276
2026-06-22,516,11,85.09,54.0,31.090000000000003,57.574074074074076
2025-10-20,384,5,255.41,602.0,346.59000000000003,57.57308970099668
2025-12-06,355,3,162.3,103.0,59.30000000000001,57.572815533980595
2025-10-24,396,2,341.93,217.0,124.93,57.57142857142858
2026-03-10,281,5,5.94,14.0,8.059999999999999,57.57142857142856
2025-08-26,296,2,2.97,7.0,4.029999999999999,57.57142857142856
2025-10-15,480,2,11.88,28.0,16.119999999999997,57.57142857142856
2026-04-12,472,2,269.01,634.0,364.99,57.56940063091483
2026-01-26,482,1,100.99,238.0,137.01,57.567226890756295
2026-01-21,495,1,239.5,152.0,87.5,57.56578947368421
2026-03-21,320,6,71.29,168.0,96.71,57.56547619047618
2025-10-23,421,0,663.34,421.0,242.34000000000003,57.56294536817103
2026-05-13,308,3,100.84,64.0,36.84,57.56250000000001
2025-12-26,297,2,140.23,89.0,51.22999999999999,57.56179775280897
2026-01-19,484,0,193.79,123.0,70.78999999999999,57.55284552845528
2026-01-27,321,3,231.6,147.0,84.6,57.551020408163254
2026-03-14,339,0,1624.31,1031.0,593.31,57.5470417070805
2025-11-28,291,4,82.36,194.0,111.64,57.54639175257732
2026-04-15,302,2,326.51,769.0,442.49,57.5409622886866
2025-10-06,388,3,58.29,37.0,21.29,57.54054054054054
2025-08-28,413,0,381.24,242.0,139.24,57.53719008264463
2026-01-28,427,2,24.63,58.0,33.370000000000005,57.5344827586207
2025-12-22,292,3,239.45,152.0,87.44999999999999,57.5328947368421
2025-11-06,288,1,174.86,111.0,63.860000000000014,57.53153153153154
2026-02-19,362,0,252.05,160.0,92.05000000000001,57.531250000000014
2025-09-06,463,1,187.29,441.0,253.71,57.53061224489796
2025-08-14,494,0,124.87,294.0,169.13,57.52721088435374
2025-10-07,279,1,52.67,124.0,71.33,57.52419354838709
2026-03-27,391,1,217.38,138.0,79.38,57.52173913043478
2026-04-08,308,3,72.46,46.0,26.459999999999994,57.52173913043477
2025-09-12,274,3,39.38,25.0,14.380000000000003,57.52000000000002
2026-01-21,495,0,239.43,152.0,87.43,57.51973684210526
2026-06-02,324,1,168.54,107.0,61.53999999999999,57.514018691588774
2026-07-19,332,6,666.28,423.0,243.27999999999997,57.51300236406619
2026-01-27,425,2,187.44,119.0,68.44,57.51260504201681
2025-11-06,320,9,322.9,205.0,117.89999999999998,57.5121951219512
2025-11-01,371,2,141.76,90.0,51.75999999999999,57.5111111111111
2025-08-26,348,5,173.26,110.0,63.25999999999999,57.5090909090909
2026-06-29,470,0,737.14,468.0,269.14,57.508547008547005
2026-07-04,331,0,5265.49,3343.0,1922.4899999999998,57.50792701166616
2026-06-28,282,3,92.21,217.0,124.79,57.50691244239632
2026-05-29,341,2,474.09,301.0,173.08999999999997,57.50498338870431
2026-01-12,374,2,5.1,12.0,6.9,57.50000000000001
2025-11-27,336,1,34.85,82.0,47.15,57.49999999999999
2026-05-02,374,2,8.5,20.0,11.5,57.49999999999999
2025-09-08,289,4,12.6,8.0,4.6,57.49999999999999
2026-06-29,303,1,34.65,22.0,12.649999999999999,57.49999999999999
2026-03-30,405,0,25.2,16.0,9.2,57.49999999999999
2025-12-05,361,1,58.27,37.0,21.270000000000003,57.4864864864865
2025-10-25,320,8,514.97,327.0,187.97000000000003,57.48318042813456
2026-06-27,298,1,606.31,385.0,221.30999999999995,57.48311688311687
2026-07-09,510,1,184.25,117.0,67.25,57.47863247863248
2026-03-05,336,6,53.16,125.0,71.84,57.472
2026-01-27,385,3,360.61,229.0,131.61,57.47161572052403
2026-01-28,289,2,26.77,17.0,9.77,57.470588235294116
2026-04-27,320,8,154.32,98.0,56.31999999999999,57.469387755102034
2026-06-14,405,2,44.09,28.0,16.090000000000003,57.46428571428572
2025-08-05,446,0,264.18,621.0,356.82,57.45893719806763
2025-08-12,425,0,521.18,331.0,190.17999999999995,57.456193353474305
2026-05-12,405,0,17.32,11.0,6.32,57.45454545454546
2026-01-05,297,2,83.45,53.0,30.450000000000003,57.45283018867925
2026-06-24,503,1,88.5,208.0,119.5,57.45192307692307
2025-11-06,459,0,251.92,160.0,91.91999999999999,57.44999999999999
2025-12-06,386,0,486.52,309.0,177.51999999999998,57.44983818770226
2025-08-09,456,1,338.51,215.0,123.50999999999999,57.44651162790697
2026-07-23,400,3,15.32,36.0,20.68,57.44444444444444
2025-10-21,329,2,233.01,148.0,85.00999999999999,57.439189189189186
2026-06-21,272,4,48.52,114.0,65.47999999999999,57.43859649122807
2025-08-15,418,2,301.77,709.0,407.23,57.43723554301834
2026-06-07,475,2,89.39,210.0,120.61,57.43333333333334
2026-01-09,510,3,202.2,475.0,272.8,57.43157894736842
2026-03-15,383,1,14.9,35.0,20.1,57.42857142857143
2025-09-05,289,4,8.94,21.0,12.06,57.42857142857143
2026-03-10,279,3,88.16,56.0,32.16,57.428571428571416
2026-06-12,459,2,228.27,145.0,83.27000000000001,57.427586206896564
2026-02-28,374,2,10.22,24.0,13.78,57.41666666666666
2026-05-28,331,5,50.68,119.0,68.32,57.41176470588235
2025-10-03,333,1,522.6,332.0,190.60000000000002,57.40963855421688
2025-08-27,483,0,241.07,566.0,324.93,57.408127208480565
2025-07-24,273,2,20.02,47.0,26.98,57.40425531914893
2026-01-02,480,6,195.18,124.0,71.18,57.403225806451616
2025-08-13,482,1,78.7,50.0,28.700000000000003,57.400000000000006
2026-02-23,289,1,51.94,33.0,18.939999999999998,57.393939393939384
2026-05-29,294,2,421.81,268.0,153.81,57.39179104477612
2025-08-10,482,0,549.27,349.0,200.26999999999998,57.38395415472779
2026-06-02,513,1,8.95,21.0,12.05,57.38095238095239
2025-12-18,507,1,8.95,21.0,12.05,57.38095238095239
2025-10-10,487,0,322.63,205.0,117.63,57.380487804878044
2026-03-29,445,0,162.1,103.0,59.099999999999994,57.37864077669902
2026-05-27,318,0,1504.53,956.0,548.53,57.3776150627615
2026-01-18,480,6,302.16,192.0,110.16000000000003,57.37500000000001
2026-01-17,347,3,214.02,136.0,78.02000000000001,57.367647058823536
2025-08-08,445,1,70.77,166.0,95.23,57.367469879518076
2026-04-16,386,3,18.76,44.0,25.24,57.36363636363636
2025-12-06,433,0,252.0,591.0,339.0,57.360406091370564
2026-05-29,495,0,715.95,455.0,260.95000000000005,57.351648351648365
2026-07-06,520,3,103.85,66.0,37.849999999999994,57.34848484848484
2025-10-02,384,1,105.42,67.0,38.42,57.343283582089555
2026-07-06,475,2,92.83,59.0,33.83,57.33898305084746
2025-08-22,324,3,544.85,1277.0,732.15,57.33359436178544
2026-06-22,419,3,7.68,18.0,10.32,57.333333333333336
2026-03-17,459,1,5.12,12.0,6.88,57.333333333333336
2026-05-23,509,3,14.16,9.0,5.16,57.333333333333336
2026-03-07,348,7,1.28,3.0,1.72,57.333333333333336
2026-02-24,383,1,7.68,18.0,10.32,57.333333333333336
2025-08-18,343,2,564.82,359.0,205.82000000000005,57.33147632311979
2026-01-20,439,1,83.64,196.0,112.36,57.326530612244895
2026-01-08,274,7,53.49,34.0,19.490000000000002,57.32352941176471
2026-07-18,514,1,986.4,627.0,359.4,57.32057416267943
2026-04-09,339,5,125.85,80.0,45.849999999999994,57.312499999999986
2026-03-24,411,0,95.96,61.0,34.959999999999994,57.311475409836056
2026-01-15,319,3,102.25,65.0,37.25,57.30769230769231
2026-01-15,507,3,133.63,313.0,179.37,57.30670926517571
2026-03-23,346,4,169.89,108.0,61.889999999999986,57.30555555555554
2026-01-19,484,1,193.48,123.0,70.47999999999999,57.30081300813007
2026-06-29,511,1,471.89,300.0,171.89,57.29666666666666
2025-09-28,441,1,281.56,179.0,102.56,57.29608938547486
2025-10-28,304,1,253.24,161.0,92.24000000000001,57.29192546583851
2025-08-27,483,1,241.73,566.0,324.27,57.29151943462897
2026-06-16,488,1,130.55,83.0,47.55000000000001,57.289156626506035
2026-02-12,383,1,8.97,21.0,12.03,57.285714285714285
2026-04-21,273,2,380.63,242.0,138.63,57.285123966942145
2026-05-09,405,1,19.65,46.0,26.35,57.28260869565218
2026-02-25,345,3,72.35,46.0,26.349999999999994,57.28260869565216
2026-07-15,272,0,1928.26,1226.0,702.26,57.28058727569331
2026-03-05,482,1,43.15,101.0,57.85,57.27722772277228
2025-12-15,282,4,130.54,83.0,47.53999999999999,57.27710843373494
2025-09-29,386,2,29.48,69.0,39.519999999999996,57.27536231884057
2026-03-04,368,0,3434.89,2184.0,1250.8899999999999,57.27518315018314
2025-11-05,403,4,85.45,200.0,114.55,57.275
2026-03-04,454,1,436.24,1021.0,584.76,57.27326150832517
2025-11-25,289,4,9.4,22.0,12.6,57.27272727272727
2025-08-08,445,0,70.93,166.0,95.07,57.2710843373494
2026-06-24,516,2,64.48,41.0,23.480000000000004,57.268292682926834
2025-08-15,348,1,364.08,852.0,487.92,57.26760563380282
2026-03-06,516,5,6.41,15.0,8.59,57.266666666666666
2026-06-15,510,0,2403.02,1528.0,875.02,57.26570680628272
2026-04-09,339,0,1050.51,668.0,382.51,57.2619760479042
2026-06-29,396,1,316.09,201.0,115.08999999999997,57.25870646766168
2026-07-23,534,2,6.29,4.0,2.29,57.25
2026-06-03,516,8,12.58,8.0,4.58,57.25
2026-04-07,516,4,44.03,28.0,16.03,57.25
2026-02-07,509,6,3.42,8.0,4.58,57.25
2025-10-18,430,0,165.11,105.0,60.110000000000014,57.24761904761906
2025-10-20,346,4,165.88,388.0,222.12,57.24742268041238
2026-02-13,419,3,17.53,41.0,23.47,57.24390243902439
2025-12-25,335,0,2429.41,1545.0,884.4099999999999,57.24336569579287
2025-10-23,495,0,325.49,207.0,118.49000000000001,57.24154589371982
2026-01-17,484,0,352.21,224.0,128.20999999999998,57.23660714285713
2026-02-15,302,2,621.08,395.0,226.08000000000004,57.2354430379747
2026-02-15,480,3,437.11,278.0,159.11,57.233812949640296
2025-09-10,374,2,5.56,13.0,7.44,57.230769230769226
2025-10-21,361,0,1240.42,2900.0,1659.58,57.22689655172414
2025-10-24,439,1,294.01,187.0,107.00999999999999,57.22459893048127
2025-11-06,330,3,168.23,107.0,61.22999999999999,57.224299065420546
2025-08-09,456,0,338.03,215.0,123.02999999999997,57.22325581395348
2026-07-05,472,2,410.35,261.0,149.35000000000002,57.22222222222223
2025-11-29,320,3,334.88,213.0,121.88,57.220657276995304
2025-12-26,445,1,213.82,136.0,77.82,57.22058823529411
2025-10-12,281,5,279.85,178.0,101.85000000000002,57.219101123595514
2026-01-28,341,1,231.11,147.0,84.11000000000001,57.21768707482994
2026-03-07,366,3,687.01,437.0,250.01,57.210526315789465
2026-05-04,388,7,89.61,57.0,32.61,57.210526315789465
2025-12-11,419,4,37.73,24.0,13.729999999999997,57.208333333333314
2025-12-06,433,1,252.9,591.0,338.1,57.208121827411176
2026-03-03,510,3,74.03,173.0,98.97,57.20809248554913
2025-11-30,412,0,133.62,85.0,48.620000000000005,57.2
2026-01-25,479,2,15.72,10.0,5.720000000000001,57.2
2026-02-11,289,2,15.72,10.0,5.720000000000001,57.2
2026-05-29,516,5,15.72,10.0,5.720000000000001,57.2
2025-12-19,348,7,2.14,5.0,2.86,57.199999999999996
2026-06-29,358,1,570.6,363.0,207.60000000000002,57.190082644628106
2025-10-06,456,1,169.76,108.0,61.75999999999999,57.18518518518517
2026-05-13,386,2,42.44,27.0,15.439999999999998,57.18518518518517
2025-10-24,320,6,281.36,179.0,102.36000000000001,57.184357541899445
2025-08-07,355,1,69.16,44.0,25.159999999999997,57.18181818181818
2025-10-12,374,0,809.48,515.0,294.48,57.18058252427185
2026-02-28,392,4,78.59,50.0,28.590000000000003,57.18000000000001
2026-02-19,340,4,22.27,52.0,29.73,57.17307692307693
2026-04-27,501,0,314.34,200.0,114.33999999999997,57.16999999999999
2025-12-26,355,3,121.02,77.0,44.019999999999996,57.16883116883117
2026-02-16,510,5,187.03,119.0,68.03,57.16806722689076
2026-06-28,404,1,9.43,6.0,3.4299999999999997,57.166666666666664
2025-09-01,281,0,1346.9,857.0,489.9000000000001,57.16452742123689
2026-05-27,472,1,210.59,134.0,76.59,57.156716417910445
2025-10-20,321,5,95.12,222.0,126.88,57.15315315315315
2026-01-27,320,3,201.15,128.0,73.15,57.14843750000001
2026-04-24,419,4,17.57,41.0,23.43,57.14634146341463
2025-09-23,333,0,1340.45,853.0,487.45000000000005,57.145369284876914
2025-12-09,488,0,121.0,77.0,44.0,57.14285714285714
2026-04-16,403,5,22.0,14.0,8.0,57.14285714285714
2026-07-12,431,0,385.0,245.0,140.0,57.14285714285714
2026-05-16,330,3,201.14,128.0,73.13999999999999,57.140624999999986
2025-10-27,476,1,164.99,105.0,59.99000000000001,57.13333333333335
2026-04-23,289,2,16.29,38.0,21.71,57.131578947368425
2025-11-07,444,1,134.18,313.0,178.82,57.13099041533546
2025-10-29,279,5,72.28,46.0,26.28,57.130434782608695
2026-01-20,439,0,84.03,196.0,111.97,57.12755102040816
2025-09-05,279,1,51.45,120.0,68.55,57.12499999999999
2026-03-25,308,5,356.67,227.0,129.67000000000002,57.123348017621154
2026-01-25,505,2,114.7,73.0,41.7,57.12328767123288
2025-12-12,489,0,111.55,71.0,40.55,57.11267605633802
2025-10-02,495,0,518.51,1209.0,690.49,57.112489660876754
2026-01-13,480,4,46.32,108.0,61.68,57.111111111111114
2026-03-04,454,0,437.96,1021.0,583.04,57.10479921645445
2026-01-31,405,2,12.87,30.0,17.130000000000003,57.10000000000001
2026-03-20,274,6,51.06,119.0,67.94,57.09243697478992
2026-03-05,509,0,480.7,306.0,174.7,57.091503267973856
2026-06-29,470,1,735.15,468.0,267.15,57.08333333333333
2026-01-16,407,1,904.8,576.0,328.79999999999995,57.08333333333333
2025-08-14,280,1,59.69,38.0,21.689999999999998,57.078947368421055
2026-01-29,321,5,141.37,90.0,51.370000000000005,57.07777777777778
2025-09-30,372,4,88.43,206.0,117.57,57.07281553398058
2026-04-06,384,2,43.98,28.0,15.979999999999997,57.07142857142856
2026-07-17,415,0,204.19,130.0,74.19,57.06923076923077
2026-03-28,502,1,661.25,421.0,240.25,57.06650831353919
2025-08-18,480,1,124.08,79.0,45.08,57.063291139240505
2026-03-18,509,1,7.3,17.0,9.7,57.05882352941176
2026-05-10,406,2,213.6,136.0,77.6,57.05882352941176
2025-10-12,282,4,127.54,297.0,169.45999999999998,57.05723905723905
2026-01-31,382,1,380.05,242.0,138.05,57.045454545454554
2025-11-13,334,3,89.78,209.0,119.22,57.04306220095694
2025-08-07,398,3,120.71,281.0,160.29000000000002,57.042704626334526
2025-07-31,346,1,40.83,26.0,14.829999999999998,57.038461538461526
2025-10-08,413,2,207.29,132.0,75.28999999999999,57.03787878787878
2026-06-29,399,0,292.09,186.0,106.08999999999997,57.03763440860213
2026-05-08,507,4,262.25,167.0,95.25,57.035928143712574
2025-07-31,479,0,240.26,153.0,87.25999999999999,57.03267973856209
2026-02-17,344,1,100.5,64.0,36.5,57.03125
2025-07-24,289,4,15.9,37.0,21.1,57.02702702702703
2026-05-05,472,1,210.4,134.0,76.4,57.01492537313433
2026-04-14,494,2,75.23,175.0,99.77,57.01142857142857
2025-08-16,276,0,516.56,329.0,187.55999999999995,57.00911854103342
2025-08-28,364,4,420.78,268.0,152.77999999999997,57.00746268656716
2025-08-20,322,1,1.57,1.0,0.5700000000000001,57.00000000000001
2025-09-26,277,2,3.14,2.0,1.1400000000000001,57.00000000000001
2025-12-09,339,4,113.95,265.0,151.05,57.00000000000001
2026-06-29,361,4,21.98,14.0,7.98,57.00000000000001
2026-03-06,319,4,4.71,3.0,1.71,56.99999999999999
2025-08-26,448,2,4.71,3.0,1.71,56.99999999999999
2026-02-24,442,2,9.42,6.0,3.42,56.99999999999999
2025-08-22,441,1,348.31,810.0,461.69,56.998765432098764
2026-05-01,320,1,591.88,377.0,214.88,56.9973474801061
2026-05-17,472,1,505.52,322.0,183.51999999999998,56.99378881987577
2025-10-26,346,4,430.15,274.0,156.14999999999998,56.9890510948905
2025-11-26,320,9,282.58,180.0,102.57999999999998,56.98888888888888
2025-10-17,336,7,32.26,75.0,42.74,56.98666666666667
2025-12-01,331,1,447.41,285.0,162.41000000000003,56.98596491228071
2025-08-28,355,2,81.63,52.0,29.629999999999995,56.980769230769226
2025-09-12,351,1,257.44,164.0,93.44,56.975609756097555
2026-07-12,431,1,384.59,245.0,139.58999999999997,56.97551020408162
2026-06-15,427,2,27.97,65.0,37.03,56.96923076923077
2026-05-13,487,2,304.52,194.0,110.51999999999998,56.96907216494844
2026-01-15,420,0,180.31,419.0,238.69,56.96658711217184
2025-09-26,274,6,92.61,59.0,33.61,56.96610169491525
2026-01-28,356,2,171.09,109.0,62.09,56.96330275229358
2025-10-18,430,1,164.81,105.0,59.81,56.96190476190477
2025-11-05,418,2,114.92,267.0,152.07999999999998,56.95880149812733
2025-11-28,319,2,83.5,194.0,110.5,56.95876288659794
2025-10-01,280,7,102.02,65.0,37.019999999999996,56.95384615384614
2025-09-30,480,4,35.3,82.0,46.7,56.95121951219513
2026-01-22,494,1,119.28,76.0,43.28,56.94736842105264
2026-02-11,360,2,58.07,37.0,21.07,56.945945945945944
2025-08-30,384,1,84.75,54.0,30.75,56.94444444444444
2026-03-28,502,0,660.73,421.0,239.73000000000002,56.942992874109265
2026-01-08,506,0,257.38,164.0,93.38,56.9390243902439
2026-04-03,390,1,305.31,709.0,403.69,56.937940761636106
2026-03-05,334,1,382.4,888.0,505.6,56.936936936936945
2025-09-01,384,1,45.65,106.0,60.35,56.93396226415095
2026-04-18,339,4,70.62,45.0,25.620000000000005,56.933333333333344
2026-06-29,426,0,406.45,259.0,147.45,56.93050193050193
2025-09-10,406,2,65.91,42.0,23.909999999999997,56.928571428571416
2026-01-28,291,4,62.77,40.0,22.770000000000003,56.925000000000004
2025-09-27,423,0,864.65,551.0,313.65,56.923774954627945
2025-10-02,346,4,168.44,391.0,222.56,56.92071611253196
2026-02-21,305,3,277.72,177.0,100.72000000000003,56.9039548022599
2026-05-09,404,2,196.09,455.0,258.90999999999997,56.90329670329669
2026-07-19,397,4,307.53,196.0,111.52999999999997,56.90306122448978
2025-11-28,428,1,128.66,82.0,46.66,56.90243902439024
2026-03-16,308,4,95.71,61.0,34.709999999999994,56.90163934426229
2025-12-02,291,5,299.68,191.0,108.68,56.90052356020943
2025-11-07,319,5,47.07,30.0,17.07,56.900000000000006
2026-07-17,415,1,203.96,130.0,73.96000000000001,56.892307692307696
2025-08-15,336,3,423.32,982.0,558.6800000000001,56.892057026476586
2025-08-04,419,1,3.88,9.0,5.12,56.888888888888886
2026-01-14,320,8,162.1,376.0,213.9,56.88829787234043
2026-01-18,282,4,144.0,334.0,190.0,56.886227544910184
2025-08-25,340,4,21.13,49.0,27.87,56.87755102040817
2026-06-29,319,2,174.13,111.0,63.129999999999995,56.87387387387387
2025-10-30,401,0,177.26,113.0,64.25999999999999,56.867256637168126
2026-02-06,509,7,141.18,90.0,51.18000000000001,56.866666666666674
2025-09-01,481,2,83.68,194.0,110.32,56.865979381443296
2025-08-14,423,1,426.67,272.0,154.67000000000002,56.863970588235304
2026-02-12,384,2,56.47,36.0,20.47,56.86111111111111
2026-07-14,534,1,3.02,7.0,3.98,56.85714285714286
2025-10-05,501,1,139.36,323.0,183.64,56.85448916408669
2025-09-16,347,1,417.23,266.0,151.23000000000002,56.853383458646626
2026-07-15,448,2,11.65,27.0,15.35,56.851851851851855
2026-05-30,512,0,693.27,442.0,251.26999999999998,56.84841628959275
2026-03-28,510,6,820.31,523.0,297.30999999999995,56.84703632887188
2026-01-27,341,1,323.1,206.0,117.10000000000002,56.844660194174764
2025-10-24,278,0,410.92,262.0,148.92000000000002,56.83969465648856
2026-06-11,521,0,13.38,31.0,17.619999999999997,56.83870967741934
2026-05-19,463,1,98.85,229.0,130.15,56.834061135371186
2025-10-02,495,1,521.88,1209.0,687.12,56.83374689826303
2026-03-30,405,1,18.82,12.0,6.82,56.833333333333336
2025-09-27,405,2,20.72,48.0,27.28,56.833333333333336
2026-03-05,320,2,254.07,162.0,92.07,56.83333333333332
2025-10-21,282,4,46.19,107.0,60.81,56.831775700934585
2025-10-04,331,5,66.05,153.0,86.95,56.830065359477125
2025-10-23,409,0,225.83,144.0,81.83000000000001,56.8263888888889
2025-09-11,397,3,252.49,161.0,91.49000000000001,56.82608695652175
2026-03-05,352,2,269.74,172.0,97.74000000000001,56.82558139534885
2026-04-03,516,7,31.52,73.0,41.480000000000004,56.82191780821918
2025-09-26,348,6,272.87,174.0,98.87,56.82183908045977
2026-03-04,516,10,25.09,16.0,9.09,56.8125
2026-07-11,336,2,58.31,135.0,76.69,56.8074074074074
2025-10-06,502,0,500.21,319.0,181.20999999999998,56.805642633228835
2026-06-17,482,2,15.55,36.0,20.45,56.80555555555556
2025-08-23,449,0,324.58,207.0,117.57999999999998,56.80193236714975
2025-08-19,492,0,166.21,106.0,60.21000000000001,56.80188679245284
2026-03-01,369,4,315.17,201.0,114.17000000000002,56.80099502487563
2026-06-29,426,1,406.1,259.0,147.10000000000002,56.79536679536681
2025-09-28,359,0,820.03,523.0,297.03,56.79349904397705
2026-05-27,318,5,464.09,296.0,168.08999999999997,56.787162162162154
2026-07-07,334,3,94.64,219.0,124.36,56.785388127853885
2026-04-26,516,12,13.83,32.0,18.17,56.78125000000001
2025-11-10,308,3,98.77,63.0,35.769999999999996,56.77777777777777
2026-01-16,321,6,98.77,63.0,35.769999999999996,56.77777777777777
2026-06-14,281,5,147.37,94.0,53.370000000000005,56.77659574468086
2026-01-27,410,1,48.6,31.0,17.6,56.774193548387096
2025-08-16,448,2,68.98,44.0,24.980000000000004,56.77272727272729
2026-05-04,410,1,40.76,26.0,14.759999999999998,56.76923076923076
2025-10-23,421,1,406.03,259.0,147.02999999999997,56.76833976833976
2026-01-09,351,1,199.09,127.0,72.09,56.76377952755905
2025-11-07,289,5,51.73,33.0,18.729999999999997,56.75757575757575
2026-05-26,411,0,116.0,74.0,42.0,56.75675675675676
2026-06-25,370,1,242.97,155.0,87.97,56.754838709677415
2025-12-05,448,2,8.65,20.0,11.35,56.75
2025-10-31,474,0,86.94,201.0,114.06,56.74626865671642
2026-02-09,471,0,184.96,118.0,66.96000000000001,56.74576271186441
2026-06-29,325,3,288.41,184.0,104.41000000000003,56.74456521739132
2025-11-25,438,0,279.0,178.0,101.0,56.74157303370787
2025-10-31,474,1,86.95,201.0,114.05,56.74129353233831
2026-02-02,459,1,11.68,27.0,15.32,56.74074074074075
2025-10-21,392,2,150.13,347.0,196.87,56.73487031700289
2026-05-20,398,2,23.51,15.0,8.510000000000002,56.73333333333335
2026-07-18,534,5,12.98,30.0,17.02,56.733333333333334
2025-09-11,480,2,11.25,26.0,14.75,56.730769230769226
2025-12-12,507,0,197.34,456.0,258.65999999999997,56.7236842105263
2025-10-09,280,1,39.18,25.0,14.18,56.720000000000006
2025-08-01,353,2,227.24,145.0,82.24000000000001,56.717241379310344
2026-07-14,318,5,404.33,258.0,146.32999999999998,56.71705426356588
2026-07-23,480,3,148.88,95.0,53.879999999999995,56.71578947368421
2026-01-31,320,2,394.92,252.0,142.92000000000002,56.714285714285715
2025-10-24,278,1,410.57,262.0,148.57,56.706106870229
2026-03-12,384,3,26.64,17.0,9.64,56.70588235294118
2026-01-13,359,0,241.32,154.0,87.32,56.7012987012987
2025-12-09,488,1,120.66,77.0,43.66,56.7012987012987
2026-02-23,482,2,15.67,10.0,5.67,56.699999999999996
2025-08-21,289,1,94.02,60.0,34.019999999999996,56.699999999999996
2025-09-14,405,0,222.51,142.0,80.50999999999999,56.697183098591545
2026-01-04,293,2,531.2,339.0,192.20000000000005,56.69616519174042
2025-07-29,480,4,36.04,23.0,13.04,56.69565217391303
2025-08-01,353,1,239.74,153.0,86.74000000000001,56.69281045751634
2025-12-22,351,4,361.96,231.0,130.95999999999998,56.69264069264068
2026-04-02,404,1,5.63,13.0,7.37,56.6923076923077
2026-06-03,509,4,5.63,13.0,7.37,56.6923076923077
2025-08-22,441,0,350.8,810.0,459.2,56.691358024691354
2026-05-10,406,0,213.1,136.0,77.1,56.69117647058823
2026-01-12,389,0,183.32,117.0,66.32,56.683760683760674
2025-11-05,330,3,103.96,240.0,136.04000000000002,56.683333333333344
2025-11-05,506,1,29.89,69.0,39.11,56.68115942028985
2026-02-12,384,5,319.62,204.0,115.62,56.6764705882353
2026-02-23,319,2,62.67,40.0,22.67,56.67500000000001
2026-06-06,319,5,58.49,135.0,76.50999999999999,56.67407407407406
2026-07-07,521,0,18.8,12.0,6.800000000000001,56.66666666666668
2026-06-02,521,0,14.1,9.0,5.1,56.666666666666664
2026-07-08,334,2,9.1,21.0,11.9,56.666666666666664
2025-10-29,435,0,38.57,89.0,50.43,56.66292134831461
2025-12-25,280,7,244.0,563.0,319.0,56.6607460035524
2025-12-28,485,2,133.16,85.0,48.16,56.65882352941176
2025-08-31,282,3,54.18,125.0,70.82,56.65599999999999
2026-01-27,288,4,153.52,98.0,55.52000000000001,56.65306122448981
2025-11-17,363,1,8.67,20.0,11.33,56.65
2025-08-20,493,0,195.81,125.0,70.81,56.647999999999996
2025-10-02,308,8,445.25,1027.0,581.75,56.64556962025317
2026-01-19,281,0,1478.72,944.0,534.72,56.64406779661017
2026-02-25,509,6,4.77,11.0,6.23,56.63636363636364
2025-10-24,480,2,13.01,30.0,16.990000000000002,56.63333333333333
2026-01-01,410,0,91.94,212.0,120.06,56.632075471698116
2026-03-19,493,0,198.92,127.0,71.91999999999999,56.62992125984251
2025-11-10,392,1,147.23,94.0,53.22999999999999,56.62765957446807
2025-07-31,479,1,239.64,153.0,86.63999999999999,56.62745098039215
2025-09-20,351,3,159.76,102.0,57.75999999999999,56.62745098039215
2026-04-28,516,12,9.11,21.0,11.89,56.61904761904763
2025-12-29,398,2,20.39,47.0,26.61,56.61702127659575
2026-05-06,305,3,142.52,91.0,51.52000000000001,56.61538461538462
2026-03-03,333,0,510.56,326.0,184.56,56.61349693251534
2026-06-26,389,1,198.28,457.0,258.72,56.612691466083156
2026-05-05,441,0,128.42,82.0,46.41999999999999,56.60975609756096
2026-04-02,343,1,278.76,178.0,100.75999999999999,56.6067415730337
2025-09-06,365,2,1235.58,789.0,446.5799999999999,56.60076045627376
2025-10-23,316,2,490.16,313.0,177.16000000000003,56.60063897763579
2025-10-06,366,0,2527.53,1614.0,913.5300000000002,56.60037174721191
2025-11-08,319,4,6.51,15.0,8.49,56.60000000000001
2025-08-27,382,2,167.09,385.0,217.91,56.599999999999994
2025-10-22,390,1,696.86,445.0,251.86,56.597752808988766
2026-07-22,320,3,112.75,72.0,40.75,56.59722222222222
2026-02-26,398,3,178.52,114.0,64.52000000000001,56.59649122807019
2025-08-18,346,1,42.28,27.0,15.280000000000001,56.592592592592595
2026-07-11,332,7,67.72,156.0,88.28,56.58974358974359
2025-08-14,423,0,425.92,272.0,153.92000000000002,56.58823529411765
2026-05-29,505,2,35.6,82.0,46.4,56.58536585365853
2026-04-21,292,4,176.94,113.0,63.94,56.584070796460175
2025-10-30,401,1,176.94,113.0,63.94,56.584070796460175
2026-02-15,277,0,920.69,588.0,332.69000000000005,56.57993197278912
2025-10-21,351,4,224.92,518.0,293.08000000000004,56.579150579150586
2025-12-12,489,1,111.17,71.0,40.17,56.5774647887324
2026-03-17,320,8,128.39,82.0,46.389999999999986,56.5731707317073
2026-01-19,319,4,10.96,7.0,3.960000000000001,56.571428571428584
2026-06-01,334,2,10.96,7.0,3.960000000000001,56.571428571428584
2025-07-31,336,3,228.58,146.0,82.58000000000001,56.56164383561645
2025-08-19,383,1,14.09,9.0,5.09,56.55555555555556
2025-07-25,319,7,11.73,27.0,15.27,56.55555555555556
2026-01-15,390,1,719.95,1657.0,937.05,56.55099577549788
2026-03-19,348,5,192.48,443.0,250.52,56.550790067720094
2025-11-05,405,2,9.56,22.0,12.44,56.54545454545455
2025-08-05,414,1,108.64,250.0,141.36,56.544000000000004
2025-08-17,419,4,164.37,105.0,59.370000000000005,56.54285714285715
2026-03-05,475,1,147.15,94.0,53.150000000000006,56.54255319148936
2025-10-20,400,0,546.31,349.0,197.30999999999995,56.53581661891116
2026-04-23,328,0,358.58,825.0,466.42,56.53575757575757
2026-05-31,308,0,9097.83,5812.0,3285.83,56.53527185134205
2026-01-31,352,2,518.13,331.0,187.13,56.53474320241691
2026-01-06,332,1,237.93,152.0,85.93,56.53289473684211
2025-11-28,320,1,331.23,762.0,430.77,56.531496062992126
2025-09-19,486,1,42.6,98.0,55.4,56.53061224489796
2025-09-19,486,0,42.6,98.0,55.4,56.53061224489796
2026-06-15,495,0,436.72,279.0,157.72000000000003,56.530465949820794
2025-10-18,405,1,154.96,99.0,55.96000000000001,56.52525252525253
2025-11-14,320,5,131.48,84.0,47.47999999999999,56.52380952380951
2026-05-29,281,2,284.87,182.0,102.87,56.52197802197803
2025-08-04,425,1,66.96,154.0,87.04,56.519480519480524
2025-10-24,461,1,208.17,133.0,75.16999999999999,56.51879699248119
2026-06-26,389,0,198.72,457.0,258.28,56.516411378555794
2026-07-20,273,1,79.82,51.0,28.819999999999993,56.50980392156861
2025-08-15,336,7,160.92,370.0,209.08,56.50810810810811
2026-06-11,272,3,543.08,347.0,196.08000000000004,56.50720461095102
2026-07-08,442,2,2.61,6.0,3.39,56.50000000000001
2026-02-19,315,3,1.74,4.0,2.26,56.49999999999999
2026-01-14,277,2,6.26,4.0,2.26,56.49999999999999
2026-03-05,516,7,22.62,52.0,29.38,56.49999999999999
2026-05-18,289,4,25.04,16.0,9.04,56.49999999999999
2026-05-13,403,5,25.04,16.0,9.04,56.49999999999999
2025-12-28,459,1,7.83,18.0,10.17,56.49999999999999
2026-05-31,521,0,34.37,79.0,44.63,56.493670886075954
2026-02-16,514,1,586.85,375.0,211.85000000000002,56.49333333333334
2025-12-26,282,4,226.91,145.0,81.91,56.48965517241379
2025-11-08,474,1,201.87,129.0,72.87,56.488372093023266
2026-04-15,343,4,192.48,123.0,69.47999999999999,56.48780487804878
2026-01-17,371,0,931.1,595.0,336.1,56.48739495798319
2025-08-15,400,3,164.31,105.0,59.31,56.48571428571428
2025-12-18,339,5,103.28,66.0,37.28,56.484848484848484
2026-05-21,494,1,130.99,301.0,170.01,56.48172757475083
2025-12-06,410,0,65.28,150.0,84.72,56.48
2026-04-15,320,6,78.24,50.0,28.239999999999995,56.47999999999998
2025-09-30,297,1,497.6,318.0,179.60000000000002,56.47798742138366
2026-01-02,331,5,89.19,57.0,32.19,56.47368421052631
2026-06-29,356,3,317.64,203.0,114.63999999999999,56.47290640394088
2025-08-28,398,3,172.12,110.0,62.120000000000005,56.472727272727276
2026-03-25,340,4,15.67,36.0,20.33,56.472222222222214
2025-12-24,327,4,162.73,104.0,58.72999999999999,56.47115384615383
2026-03-04,472,2,123.61,79.0,44.61,56.46835443037974
2025-07-25,473,0,6.53,15.0,8.469999999999999,56.466666666666654
2026-05-04,509,1,13.06,30.0,16.939999999999998,56.466666666666654
2026-04-12,448,2,25.25,58.0,32.75,56.46551724137932
2025-10-12,288,6,12.19,28.0,15.81,56.46428571428571
2026-05-26,439,0,294.15,188.0,106.14999999999998,56.46276595744679
2025-10-20,481,2,57.47,132.0,74.53,56.46212121212121
2026-05-28,479,2,20.34,13.0,7.34,56.46153846153846
2026-03-21,414,0,406.79,260.0,146.79000000000002,56.45769230769232
2026-04-03,405,1,15.24,35.0,19.759999999999998,56.45714285714285
2026-07-03,503,2,175.06,402.0,226.94,56.45273631840796
2026-01-06,480,5,131.42,84.0,47.41999999999999,56.45238095238094
2025-10-29,382,1,111.05,255.0,143.95,56.45098039215686
2025-10-08,352,1,1290.72,825.0,465.72,56.45090909090909
2026-02-06,463,0,347.32,222.0,125.32,56.450450450450454
2026-01-23,318,3,48.34,111.0,62.66,56.450450450450454
2026-01-19,334,2,8.71,20.0,11.29,56.45
2025-12-26,445,0,212.77,136.0,76.77000000000001,56.44852941176472
2025-09-28,319,4,14.08,9.0,5.08,56.44444444444444
2025-10-20,374,4,56.32,36.0,20.32,56.44444444444444
2026-05-13,522,1,7.84,18.0,10.16,56.44444444444444
2025-08-05,414,0,108.89,250.0,141.11,56.444
2025-10-20,305,2,488.09,312.0,176.08999999999997,56.43910256410256
2026-06-29,477,0,308.18,197.0,111.18,56.43654822335026
2026-06-15,470,0,585.07,374.0,211.07000000000005,56.435828877005356
2025-10-26,303,0,664.84,425.0,239.84000000000003,56.4329411764706
2025-08-10,425,1,229.95,147.0,82.94999999999999,56.428571428571416
2025-11-25,438,1,278.44,178.0,100.44,56.42696629213483
2026-05-23,338,2,190.84,122.0,68.84,56.42622950819673
2026-03-11,274,6,36.17,83.0,46.83,56.42168674698795
2025-10-27,405,0,59.44,38.0,21.439999999999998,56.42105263157894
2026-07-08,362,3,134.52,86.0,48.52000000000001,56.41860465116281
2026-05-05,346,1,31.38,72.0,40.620000000000005,56.41666666666667
2025-09-26,404,1,5.23,12.0,6.77,56.41666666666666
2025-12-29,428,0,165.8,106.0,59.80000000000001,56.41509433962265
2026-05-01,291,6,128.14,294.0,165.86,56.41496598639456
2025-09-17,282,3,27.46,63.0,35.54,56.41269841269841
2026-01-18,329,2,528.67,338.0,190.66999999999996,56.411242603550285
2025-08-01,353,3,563.07,360.0,203.07000000000005,56.408333333333346
2025-07-24,383,2,50.05,32.0,18.049999999999997,56.40624999999999
2025-10-24,461,0,208.02,133.0,75.02000000000001,56.406015037593995
2026-05-09,522,0,31.28,20.0,11.280000000000001,56.400000000000006
2026-04-07,415,0,153.27,98.0,55.27000000000001,56.397959183673485
2025-07-24,325,1,106.35,68.0,38.349999999999994,56.3970588235294
2025-12-07,448,2,20.93,48.0,27.07,56.395833333333336
2026-03-05,483,0,433.21,277.0,156.20999999999998,56.39350180505415
2026-05-29,361,5,87.58,56.0,31.58,56.392857142857146
2026-02-16,319,5,43.79,28.0,15.79,56.392857142857146
2026-03-18,411,1,216.73,497.0,280.27,56.392354124748486
2026-01-13,359,1,240.84,154.0,86.84,56.38961038961039
2026-07-12,337,4,138.26,317.0,178.74,56.38485804416404
2025-07-28,482,0,101.65,65.0,36.650000000000006,56.38461538461539
2026-03-21,319,1,60.99,39.0,21.990000000000002,56.38461538461539
2026-03-09,289,2,20.33,13.0,7.329999999999998,56.384615384615365
2025-12-11,506,1,106.34,68.0,38.34,56.38235294117647
2025-11-10,336,4,53.17,34.0,19.17,56.38235294117647
2025-11-07,482,2,9.16,21.0,11.84,56.38095238095238
2025-09-12,463,2,90.73,208.0,117.27,56.37980769230769
2026-06-03,383,1,12.51,8.0,4.51,56.375
2025-09-23,463,0,366.89,841.0,474.11,56.374554102259225
2025-09-15,427,0,92.26,59.0,33.260000000000005,56.372881355932215
2026-01-08,425,2,283.03,181.0,102.02999999999997,56.37016574585634
2026-07-22,332,6,209.53,134.0,75.53,56.365671641791046
2025-12-01,336,7,68.8,44.0,24.799999999999997,56.36363636363636
2026-03-03,510,2,184.15,422.0,237.85,56.36255924170616
2026-04-30,294,4,247.9,568.0,320.1,56.355633802816904
2026-01-23,466,0,154.79,99.0,55.78999999999999,56.35353535353534
2025-07-25,289,4,26.58,17.0,9.579999999999998,56.35294117647058
2025-08-29,288,5,47.14,108.0,60.86,56.351851851851855
2025-12-01,281,5,120.39,77.0,43.39,56.35064935064935
2025-08-22,371,2,8.73,20.0,11.27,56.35
2026-07-17,288,1,211.07,135.0,76.07,56.34814814814815
2026-05-15,396,0,422.14,270.0,152.14,56.34814814814815
2025-10-25,388,2,76.61,49.0,27.61,56.3469387755102
2026-06-08,320,1,492.49,315.0,177.49,56.34603174603174
2026-03-24,411,1,95.37,61.0,34.370000000000005,56.34426229508197
2026-06-16,339,5,109.44,70.0,39.44,56.34285714285714
2026-03-27,289,1,82.86,53.0,29.86,56.339622641509436
2025-10-08,288,0,733.23,469.0,264.23,56.33901918976546
2026-05-26,460,0,458.06,293.0,165.06,56.3344709897611
2026-07-11,534,1,4.69,3.0,1.6900000000000004,56.33333333333334
2026-07-09,510,4,150.08,96.0,54.08000000000001,56.33333333333334
2025-11-10,348,7,1.31,3.0,1.69,56.333333333333336
2026-03-03,404,1,1.31,3.0,1.69,56.333333333333336
2025-09-25,346,5,356.44,228.0,128.44,56.333333333333336
2026-07-02,272,4,32.83,21.0,11.829999999999998,56.33333333333332
2025-08-19,386,3,23.45,15.0,8.45,56.33333333333332
2026-01-31,479,1,320.48,205.0,115.48000000000002,56.331707317073175
2025-11-13,356,0,922.35,590.0,332.35,56.33050847457628
2026-04-01,273,5,561.22,359.0,202.22000000000003,56.328690807799454
2026-03-21,516,9,29.26,67.0,37.739999999999995,56.32835820895522
2026-01-30,507,1,47.17,108.0,60.83,56.32407407407407
2025-10-20,372,4,83.43,191.0,107.57,56.31937172774869
2026-05-26,439,1,293.88,188.0,105.88,56.319148936170215
2025-12-04,306,0,118.8,76.0,42.8,56.315789473684205
2025-08-15,331,2,706.84,1618.0,911.16,56.31396786155748
2026-06-29,475,1,268.86,172.0,96.86000000000001,56.31395348837211
2025-09-04,419,4,22.72,52.0,29.28,56.307692307692314
2026-05-14,273,3,84.33,193.0,108.67,56.30569948186529
2025-08-18,364,1,204.76,131.0,73.75999999999999,56.30534351145038
2025-09-20,398,2,18.79,43.0,24.21,56.30232558139535
2025-11-05,336,5,115.8,265.0,149.2,56.30188679245283
2026-06-29,399,1,290.72,186.0,104.72000000000003,56.30107526881722
2026-07-16,445,1,56.81,130.0,73.19,56.3
2026-06-30,433,0,225.07,144.0,81.07,56.29861111111111
2026-01-02,409,0,173.48,111.0,62.47999999999999,56.28828828828828
2026-01-12,291,4,98.46,63.0,35.459999999999994,56.28571428571427
2025-12-25,327,4,212.02,485.0,272.98,56.28453608247423
2025-08-19,492,1,165.66,106.0,59.66,56.283018867924525
2026-01-12,345,3,57.27,131.0,73.72999999999999,56.2824427480916
2025-10-13,386,2,39.07,25.0,14.07,56.279999999999994
2026-07-09,355,4,118.77,76.0,42.769999999999996,56.27631578947367
2026-03-18,338,2,44.6,102.0,57.4,56.27450980392157
2026-02-14,336,2,51.6,118.0,66.4,56.271186440677965
2026-01-05,320,6,104.7,67.0,37.7,56.26865671641792
2025-08-28,354,0,2340.89,1498.0,842.8899999999999,56.26769025367155
2026-03-16,331,4,403.17,258.0,145.17000000000002,56.26744186046512
2025-10-20,320,4,215.17,492.0,276.83000000000004,56.26626016260163
2025-08-15,348,5,606.17,1386.0,779.83,56.264790764790774
2026-05-11,459,1,16.62,38.0,21.38,56.263157894736835
2025-08-18,477,0,107.82,69.0,38.81999999999999,56.260869565217384
2026-03-23,291,3,290.64,186.0,104.63999999999999,56.258064516129025
2026-05-25,418,1,28.87,66.0,37.129999999999995,56.25757575757575
2026-05-26,460,1,457.83,293.0,164.82999999999998,56.25597269624573
2026-06-22,474,1,99.74,228.0,128.26,56.25438596491228
2026-07-07,355,5,253.13,162.0,91.13,56.25308641975308
2026-02-15,321,4,162.5,104.0,58.5,56.25
2026-04-09,472,1,54.69,125.0,70.31,56.248
2026-07-17,288,0,1106.23,708.0,398.23,56.24717514124294
2025-12-26,274,4,196.87,126.0,70.87,56.246031746031754
2025-07-25,318,2,76.56,49.0,27.560000000000002,56.24489795918368
2026-05-03,479,2,12.69,29.0,16.310000000000002,56.24137931034483
2025-09-28,441,0,279.67,179.0,100.67000000000002,56.24022346368716
2025-08-08,318,3,38.51,88.0,49.49,56.23863636363636
2025-09-12,501,2,331.22,212.0,119.22000000000003,56.23584905660378
2025-11-24,291,6,114.05,73.0,41.05,56.23287671232876
2025-10-20,289,5,54.68,35.0,19.68,56.22857142857143
2026-06-07,334,1,1410.72,903.0,507.72,56.22591362126246
2025-11-06,332,6,223.4,143.0,80.4,56.22377622377622
2025-09-24,315,3,3.94,9.0,5.0600000000000005,56.22222222222223
2026-04-30,509,1,10.07,23.0,12.93,56.21739130434783
2026-01-02,484,1,340.55,218.0,122.55000000000001,56.21559633027523
2025-09-30,384,1,34.59,79.0,44.41,56.215189873417714
2026-04-06,482,1,65.61,42.0,23.61,56.214285714285715
2026-02-09,471,1,184.33,118.0,66.33000000000001,56.211864406779675
2026-02-01,383,1,29.68,19.0,10.68,56.21052631578948
2025-11-06,289,0,451.44,289.0,162.44,56.207612456747405
2025-09-27,423,1,860.69,551.0,309.69000000000005,56.20508166969148
2025-08-10,419,2,85.84,196.0,110.16,56.20408163265306
2025-10-20,317,3,221.18,505.0,283.82,56.2019801980198
2026-03-31,355,1,21.9,50.0,28.1,56.2
2026-06-27,404,0,334.25,214.0,120.25,56.19158878504673
2026-01-12,371,2,189.27,432.0,242.73,56.1875
2026-02-21,315,1,477.92,306.0,171.92000000000002,56.18300653594772
2025-08-30,475,2,19.28,44.0,24.72,56.18181818181818
2025-10-16,405,2,19.28,44.0,24.72,56.18181818181818
2026-03-05,465,1,96.84,221.0,124.16,56.180995475113114
2025-10-05,374,3,17.53,40.0,22.47,56.175
2025-08-26,318,3,26.3,60.0,33.7,56.16666666666668
2025-12-01,319,5,74.96,48.0,26.959999999999994,56.16666666666666
2026-03-16,405,1,18.74,12.0,6.739999999999998,56.16666666666666
2025-12-11,506,0,106.19,68.0,38.19,56.16176470588235
2025-09-21,374,2,13.59,31.0,17.41,56.16129032258065
2025-10-10,405,1,48.41,31.0,17.409999999999997,56.16129032258064
2026-05-29,444,0,1193.07,764.0,429.06999999999994,56.1609947643979
2025-08-20,493,1,195.2,125.0,70.19999999999999,56.15999999999999
2025-10-05,340,3,1360.13,871.0,489.1300000000001,56.15729047072332
2025-12-23,303,2,36.83,84.0,47.17,56.154761904761905
2025-10-21,274,4,59.63,136.0,76.37,56.154411764705884
2025-08-20,319,7,5.7,13.0,7.3,56.15384615384615
2026-07-13,535,3,14.91,34.0,19.09,56.14705882352942
2025-11-18,459,1,6.14,14.0,7.86,56.14285714285715
2026-07-02,472,0,299.79,192.0,107.79000000000002,56.140625000000014
2025-08-18,380,1,190.49,122.0,68.49000000000001,56.13934426229509
2025-12-05,319,1,45.28,29.0,16.28,56.137931034482754
2026-01-25,371,1,402.83,258.0,144.82999999999998,56.13565891472868
2025-11-05,506,0,30.27,69.0,38.730000000000004,56.13043478260871
2025-12-27,289,4,35.91,23.0,12.909999999999997,56.13043478260869
2026-03-05,419,3,17.11,39.0,21.89,56.12820512820513
2026-03-23,510,3,184.23,118.0,66.22999999999999,56.127118644067785
2025-07-28,334,2,10.53,24.0,13.47,56.125
2026-02-21,459,1,3.51,8.0,4.49,56.125
2026-04-03,279,1,53.1,121.0,67.9,56.11570247933885
2026-07-16,445,0,57.05,130.0,72.95,56.11538461538462
2026-07-20,297,1,256.02,164.0,92.01999999999998,56.10975609756097
2025-10-27,495,1,341.88,219.0,122.88,56.10958904109589
2026-05-23,336,2,44.77,102.0,57.23,56.107843137254896
2025-09-10,340,4,29.66,19.0,10.66,56.10526315789473
2025-12-03,419,3,16.68,38.0,21.32,56.10526315789473
2025-11-16,315,2,244.07,556.0,311.93,56.10251798561151
2025-08-12,325,1,92.1,59.0,33.099999999999994,56.10169491525423
2025-09-26,364,2,170.15,109.0,61.150000000000006,56.10091743119266
2026-05-26,501,2,93.66,60.0,33.66,56.099999999999994
2025-08-24,386,2,95.22,61.0,34.22,56.0983606557377
2026-05-30,282,1,224.78,144.0,80.78,56.09722222222222
2026-01-30,507,2,45.22,103.0,57.78,56.09708737864077
2025-08-26,383,2,32.78,21.0,11.780000000000001,56.095238095238095
2026-02-27,481,2,23.27,53.0,29.73,56.094339622641506
2025-08-27,398,2,9.66,22.0,12.34,56.09090909090909
2026-07-07,333,3,234.13,150.0,84.13,56.08666666666666
2026-07-06,392,2,288.76,185.0,103.75999999999999,56.086486486486486
2025-10-03,486,0,127.99,82.0,45.989999999999995,56.08536585365853
2026-01-01,392,3,146.68,334.0,187.32,56.08383233532934
2025-11-07,289,0,365.23,234.0,131.23000000000002,56.08119658119659
2025-08-19,336,3,156.08,100.0,56.08000000000001,56.080000000000005
2026-07-03,510,0,1698.14,1088.0,610.1400000000001,56.07904411764707
2026-06-22,474,0,100.14,228.0,127.86,56.07894736842105
2026-01-15,315,1,298.11,191.0,107.11000000000001,56.07853403141362
2026-03-26,357,1,318.4,204.0,114.39999999999998,56.07843137254901
2026-04-04,418,1,120.18,77.0,43.18000000000001,56.07792207792208
2026-01-20,460,0,243.47,156.0,87.47,56.07051282051282
2025-08-23,441,1,778.78,499.0,279.78,56.06813627254509
2026-06-22,520,3,93.64,60.0,33.64,56.06666666666666
2025-10-13,480,6,71.79,46.0,25.790000000000006,56.06521739130436
2025-08-18,384,2,41.74,95.0,53.26,56.06315789473684
2025-09-20,353,2,202.88,130.0,72.88,56.06153846153846
2026-01-25,348,4,137.53,313.0,175.47,56.06070287539936
2026-03-21,314,0,1861.78,1193.0,668.78,56.05867560771165
2026-06-11,403,4,135.77,87.0,48.77000000000001,56.057471264367834
2026-07-05,361,5,112.36,72.0,40.36,56.05555555555556
2026-04-07,384,3,28.09,18.0,10.09,56.05555555555556
2026-04-26,448,2,23.73,54.0,30.27,56.05555555555556
2026-01-28,437,0,170.1,109.0,61.099999999999994,56.05504587155963
2026-03-18,411,0,218.42,497.0,278.58000000000004,56.05231388329981
2026-01-23,466,1,154.49,99.0,55.49000000000001,56.05050505050506
2026-05-09,289,4,31.21,20.0,11.21,56.05
2025-08-14,282,2,62.42,40.0,22.42,56.05
2026-07-07,415,0,235.63,151.0,84.63,56.04635761589404
2026-06-19,337,1,258.89,589.0,330.11,56.045840407470294
2026-05-21,336,2,34.33,22.0,12.329999999999998,56.04545454545454
2025-11-06,332,0,1616.62,1036.0,580.6199999999999,56.04440154440154
2026-01-16,347,3,182.57,117.0,65.57,56.04273504273504
2026-03-23,392,3,98.03,223.0,124.97,56.04035874439462
2026-06-19,459,1,39.01,25.0,14.009999999999998,56.03999999999999
2025-08-13,480,4,43.69,28.0,15.689999999999998,56.03571428571428
2026-07-12,509,1,57.6,131.0,73.4,56.03053435114504
2025-07-26,447,0,371.35,238.0,133.35000000000002,56.02941176470589
2025-12-03,341,1,212.2,136.0,76.19999999999999,56.02941176470587
2026-05-26,411,1,115.46,74.0,41.459999999999994,56.02702702702702
2026-02-24,516,1,18.91,43.0,24.09,56.02325581395349
2025-10-21,355,6,81.36,185.0,103.64,56.02162162162162
2025-12-06,410,1,65.98,150.0,84.02,56.01333333333333
2025-12-25,415,0,473.3,1076.0,602.7,56.01301115241636
2025-08-17,494,2,96.78,220.0,123.22,56.00909090909091
2025-11-30,282,3,72.59,165.0,92.41,56.0060606060606
2026-06-02,273,7,0.88,2.0,1.12,56.00000000000001
2025-10-17,315,3,6.24,4.0,2.24,56.00000000000001
2026-05-27,479,2,14.08,32.0,17.92,56.00000000000001
2025-12-23,383,1,18.04,41.0,22.96,56.00000000000001
2025-09-03,409,2,0.44,1.0,0.56,56.00000000000001
2026-06-15,509,4,11.0,25.0,14.0,56.00000000000001
2026-04-27,405,2,7.8,5.0,2.8,55.99999999999999
2026-05-21,405,1,10.92,7.0,3.92,55.99999999999999
2026-01-30,374,3,4.68,3.0,1.6799999999999997,55.99999999999999
2025-09-26,383,1,18.72,12.0,6.719999999999999,55.99999999999999
2026-05-20,319,4,7.8,5.0,2.8,55.99999999999999
2026-04-07,289,4,21.84,14.0,7.84,55.99999999999999
2025-12-08,406,0,56.16,36.0,20.159999999999997,55.99999999999999
2025-08-27,466,1,71.73,163.0,91.27,55.99386503067484
2026-01-12,389,1,182.51,117.0,65.50999999999999,55.99145299145298
2025-08-24,279,4,350.98,225.0,125.98000000000002,55.99111111111112
2025-10-27,341,2,230.86,148.0,82.86000000000001,55.9864864864865
2026-05-30,512,1,547.51,351.0,196.51,55.98575498575499
2025-10-21,310,1,437.1,993.0,555.9,55.98187311178248
2026-04-08,344,2,219.93,141.0,78.93,55.97872340425533
2026-02-06,505,3,39.18,89.0,49.82,55.97752808988764
2025-09-24,368,0,2916.63,6625.0,3708.37,55.9753962264151
2026-03-12,390,2,100.39,228.0,127.61,55.96929824561403
2026-03-19,493,1,198.08,127.0,71.08000000000001,55.96850393700789
2025-11-27,505,3,25.1,57.0,31.9,55.96491228070175
2025-08-04,340,4,40.55,26.0,14.549999999999997,55.96153846153845
2025-08-27,289,5,40.55,26.0,14.549999999999997,55.96153846153845
2025-08-09,280,7,157.52,101.0,56.52000000000001,55.960396039603964
2026-05-30,405,0,55.05,125.0,69.95,55.96
2026-04-15,465,0,180.91,116.0,64.91,55.956896551724135
2026-06-05,338,2,71.74,46.0,25.739999999999995,55.95652173913043
2026-06-15,454,1,709.6,455.0,254.60000000000002,55.95604395604396
2026-02-26,336,2,34.31,22.0,12.310000000000002,55.95454545454547
2025-08-19,303,2,18.06,41.0,22.94,55.951219512195124
2026-04-14,388,1,116.73,265.0,148.26999999999998,55.95094339622641
2025-12-21,364,4,2348.62,1506.0,842.6199999999999,55.95086321381142
2025-08-12,348,1,180.9,116.0,64.9,55.948275862068975
2026-03-12,509,4,7.93,18.0,10.07,55.94444444444444
2026-07-22,480,2,112.28,72.0,40.28,55.94444444444444
2025-07-24,374,3,7.05,16.0,8.95,55.93749999999999
2026-05-06,516,9,13.22,30.0,16.78,55.93333333333334
2026-06-28,273,2,1040.07,667.0,373.06999999999994,55.932533733133425
2026-05-13,509,6,6.17,14.0,7.83,55.92857142857143
2026-06-08,525,1,29.97,68.0,38.03,55.9264705882353
2025-08-12,274,7,20.27,13.0,7.27,55.92307692307692
2026-06-15,462,0,268.18,172.0,96.18,55.918604651162795
2025-12-25,415,1,474.35,1076.0,601.65,55.91542750929368
2025-09-22,389,0,182.42,117.0,65.41999999999999,55.91452991452991
2026-05-27,496,1,734.32,471.0,263.32000000000005,55.906581740976655
2026-01-06,510,1,32.74,21.0,11.740000000000002,55.90476190476191
2025-10-21,399,0,275.95,177.0,98.94999999999999,55.90395480225988
2025-09-01,413,0,285.3,183.0,102.30000000000001,55.9016393442623
2025-08-28,354,1,681.29,437.0,244.28999999999996,55.90160183066361
2026-07-17,516,8,15.59,10.0,5.59,55.89999999999999
2026-02-10,485,2,35.28,80.0,44.72,55.89999999999999
2026-05-04,320,7,136.27,309.0,172.73,55.899676375404525
2025-08-27,466,0,71.89,163.0,91.11,55.895705521472394
2025-09-06,362,0,236.96,152.0,84.96000000000001,55.89473684210526
2025-10-30,454,1,782.57,502.0,280.57000000000005,55.890438247011964
2026-03-05,509,4,14.03,9.0,5.029999999999999,55.88888888888888
2025-08-01,374,3,14.03,9.0,5.029999999999999,55.88888888888888
2026-03-20,289,2,27.35,62.0,34.65,55.887096774193544
2025-09-19,343,4,179.27,115.0,64.27000000000001,55.88695652173914
2026-03-05,280,4,570.83,1294.0,723.17,55.88639876352396
2025-09-27,318,3,61.76,140.0,78.24000000000001,55.88571428571429
2025-08-14,403,5,53.0,34.0,19.0,55.88235294117647
2026-02-01,507,3,110.74,251.0,140.26,55.8804780876494
2026-02-26,480,4,24.94,16.0,8.940000000000001,55.87500000000001
2026-07-17,494,1,226.01,145.0,81.00999999999999,55.86896551724138
2026-05-22,482,0,95.08,61.0,34.08,55.868852459016395
2025-08-12,482,2,23.38,15.0,8.379999999999999,55.86666666666667
2026-02-20,361,2,288.35,185.0,103.35000000000002,55.864864864864884
2025-10-21,310,0,438.27,993.0,554.73,55.864048338368576
2026-04-24,513,1,3.09,7.0,3.91,55.85714285714286
2025-10-08,318,5,470.67,302.0,168.67000000000002,55.85099337748345
2026-03-23,427,1,112.21,72.0,40.209999999999994,55.847222222222214
2026-04-15,465,1,180.78,116.0,64.78,55.844827586206904
2026-05-16,387,2,98.18,63.0,35.18000000000001,55.84126984126985
2026-04-22,341,2,130.27,295.0,164.73,55.840677966101694
2026-01-07,283,2,252.46,162.0,90.46000000000001,55.83950617283951
2025-08-27,382,1,273.81,620.0,346.19,55.837096774193554
2026-03-05,334,3,115.72,262.0,146.28,55.83206106870229
2025-08-16,301,2,274.26,176.0,98.25999999999999,55.829545454545446
2025-10-25,338,2,93.2,211.0,117.8,55.829383886255926
2026-05-05,441,1,127.78,82.0,45.78,55.82926829268293
2026-01-18,339,3,165.65,375.0,209.35,55.82666666666667
2026-01-18,388,2,160.5,103.0,57.5,55.8252427184466
2026-02-21,372,2,467.46,300.0,167.45999999999998,55.81999999999999
2025-10-22,289,2,38.88,88.0,49.12,55.81818181818181
2026-04-26,398,3,406.68,261.0,145.68,55.816091954022994
2026-04-06,343,4,143.35,92.0,51.349999999999994,55.81521739130434
2026-05-29,470,0,1023.69,657.0,366.69000000000005,55.812785388127864
2025-08-22,409,1,124.65,80.0,44.650000000000006,55.81250000000001
2026-05-29,429,1,1243.35,798.0,445.3499999999999,55.80827067669172
2025-10-21,289,1,68.5,155.0,86.5,55.80645161290323
2026-07-02,386,2,48.3,31.0,17.299999999999997,55.80645161290322
2026-04-07,327,2,183.85,118.0,65.85,55.80508474576271
2025-10-25,274,5,143.34,92.0,51.34,55.80434782608697
2025-08-15,418,0,415.0,939.0,524.0,55.80404685835995
2025-11-03,318,3,26.96,61.0,34.04,55.80327868852459
2026-05-16,336,2,40.22,91.0,50.78,55.8021978021978
2026-02-25,479,2,7.79,5.0,2.79,55.800000000000004
2026-06-28,531,1,7.79,5.0,2.79,55.800000000000004
2026-04-20,334,2,4.42,10.0,5.58,55.800000000000004
2025-08-17,345,1,1202.75,772.0,430.75,55.79663212435233
2026-07-16,344,1,190.07,122.0,68.07,55.795081967213115
2026-06-17,272,1,1099.9,706.0,393.9000000000001,55.793201133144485
2025-12-12,339,3,90.19,204.0,113.81,55.78921568627451
2025-08-16,315,1,992.36,637.0,355.36,55.78649921507065
2025-10-25,382,1,482.93,310.0,172.93,55.78387096774193
2025-08-18,477,1,107.49,69.0,38.489999999999995,55.78260869565217
2025-12-22,336,1,143.32,92.0,51.31999999999999,55.78260869565217
2025-10-27,476,0,163.57,105.0,58.56999999999999,55.78095238095238
2025-08-27,274,4,63.87,41.0,22.869999999999997,55.78048780487804
2026-06-18,337,3,97.29,220.0,122.71,55.77727272727272
2026-03-19,382,0,416.63,942.0,525.37,55.77176220806794
2025-10-29,422,1,125.61,284.0,158.39,55.77112676056337
2026-03-05,482,2,11.5,26.0,14.5,55.769230769230774
2026-01-13,423,1,171.62,388.0,216.38,55.768041237113394
2026-03-10,320,4,99.69,64.0,35.69,55.765625
2025-10-27,405,1,52.96,34.0,18.96,55.76470588235294
2026-06-30,433,1,224.3,144.0,80.30000000000001,55.7638888888889
2026-07-01,482,1,91.9,59.0,32.900000000000006,55.76271186440679
2025-08-10,332,6,489.09,314.0,175.08999999999997,55.761146496815286
2026-03-05,280,6,363.69,822.0,458.31,55.75547445255474
2025-08-28,452,0,95.01,61.0,34.010000000000005,55.754098360655746
2025-09-13,447,1,356.67,229.0,127.67000000000002,55.75109170305678
2025-09-28,371,2,103.1,233.0,129.9,55.751072961373396
2026-06-22,334,2,6.23,4.0,2.2300000000000004,55.750000000000014
2025-08-29,436,1,295.92,190.0,105.92000000000002,55.74736842105265
2025-08-29,436,0,295.92,190.0,105.92000000000002,55.74736842105265
2025-12-26,488,0,563.8,362.0,201.79999999999995,55.74585635359115
2025-09-10,320,8,91.89,59.0,32.89,55.74576271186441
2025-09-15,493,0,144.84,93.0,51.84,55.741935483870975
2025-12-01,291,6,132.38,85.0,47.379999999999995,55.74117647058823
2026-01-26,494,2,138.09,312.0,173.91,55.74038461538462
2026-01-02,413,1,266.31,171.0,95.31,55.736842105263165
2026-06-21,417,2,308.35,198.0,110.35000000000002,55.732323232323246
2026-05-29,390,0,1049.63,674.0,375.6300000000001,55.73145400593474
2025-08-18,344,2,202.45,130.0,72.44999999999999,55.73076923076922
2026-02-16,359,0,194.66,125.0,69.66,55.728
2026-03-12,388,6,34.26,22.0,12.259999999999998,55.72727272727271
2025-11-29,371,1,233.59,150.0,83.59,55.72666666666667
2025-08-16,308,5,703.88,452.0,251.88,55.725663716814154
2026-01-11,334,2,7.97,18.0,10.030000000000001,55.72222222222223
2025-07-30,435,0,189.98,122.0,67.97999999999999,55.72131147540983
2025-08-15,336,6,340.51,769.0,428.49,55.720416124837456
2026-03-07,336,2,31.44,71.0,39.56,55.718309859154935
2025-11-28,319,0,693.48,1566.0,872.52,55.71647509578545
2026-05-06,471,0,278.73,179.0,99.73000000000002,55.715083798882695
2026-02-16,348,4,65.4,42.0,23.400000000000006,55.71428571428573
2025-09-05,396,3,186.89,422.0,235.11,55.71327014218009
2025-08-30,319,0,783.23,503.0,280.23,55.711729622266404
2025-08-20,337,3,39.42,89.0,49.58,55.70786516853933
2025-10-13,386,3,18.16,41.0,22.84,55.707317073170735
2025-07-31,411,0,116.78,75.0,41.78,55.70666666666667
2026-03-05,465,0,97.9,221.0,123.1,55.70135746606335
2026-01-08,482,1,77.85,50.0,27.849999999999994,55.699999999999996
2025-09-05,450,0,256.52,579.0,322.48,55.69602763385147
2025-10-16,427,2,42.09,95.0,52.91,55.694736842105264
2025-08-18,386,2,40.48,26.0,14.479999999999997,55.692307692307686
2026-07-01,308,10,583.84,375.0,208.84000000000003,55.69066666666668
2025-09-07,336,6,467.07,300.0,167.07,55.69
2026-06-15,428,0,79.4,51.0,28.400000000000006,55.68627450980394
2026-03-05,308,2,88.74,57.0,31.739999999999995,55.68421052631578
2026-06-16,384,1,34.25,22.0,12.25,55.68181818181818
2025-11-21,383,2,43.59,28.0,15.590000000000003,55.678571428571445
2025-11-10,282,2,48.26,31.0,17.259999999999998,55.67741935483871
2025-11-06,327,5,317.58,204.0,113.57999999999998,55.67647058823528
2026-03-22,372,4,382.96,246.0,136.95999999999998,55.67479674796747
2025-10-26,325,3,720.77,463.0,257.77,55.67386609071274
2025-08-16,279,0,1590.97,1022.0,568.97,55.672211350293544
2025-10-02,482,1,97.08,219.0,121.92,55.67123287671233
2026-02-21,509,2,144.77,93.0,51.77000000000001,55.66666666666668
2026-02-09,509,6,4.67,3.0,1.67,55.666666666666664
2026-01-09,374,2,4.67,3.0,1.67,55.666666666666664
2025-11-27,383,1,14.01,9.0,5.01,55.666666666666664
2026-02-06,494,2,19.95,45.0,25.05,55.666666666666664
2026-04-23,419,2,11.97,27.0,15.03,55.666666666666664
2025-10-13,325,3,339.35,218.0,121.35000000000002,55.665137614678905
2026-03-28,510,3,273.97,176.0,97.97000000000003,55.66477272727274
2026-05-29,291,1,505.89,325.0,180.89,55.65846153846154
2025-07-30,435,1,189.9,122.0,67.9,55.65573770491804
2025-10-07,491,1,100.23,226.0,125.77,55.650442477876105
2026-02-11,291,4,62.26,40.0,22.259999999999998,55.65
2026-01-15,390,0,734.88,1657.0,922.12,55.649969824984915
2026-04-03,336,2,22.62,51.0,28.38,55.647058823529406
2025-08-28,347,1,449.82,289.0,160.82,55.647058823529406
2025-08-09,327,3,266.15,171.0,95.14999999999998,55.64327485380116
2025-11-06,278,0,418.67,269.0,149.67000000000002,55.63940520446097
2026-04-24,336,3,94.94,61.0,33.94,55.639344262295076
2025-08-16,398,3,664.57,427.0,237.57000000000005,55.637002341920386
2026-07-12,535,3,51.36,33.0,18.36,55.63636363636364
2025-09-05,450,1,256.87,579.0,322.13,55.63557858376511
2026-05-02,488,0,473.13,304.0,169.13,55.63486842105263
2026-03-21,318,3,77.64,175.0,97.36,55.63428571428572
2026-07-23,480,6,46.69,30.0,16.689999999999998,55.633333333333326
2026-05-31,521,1,35.05,79.0,43.95,55.63291139240507
2026-06-02,384,5,368.85,237.0,131.85000000000002,55.63291139240507
2025-11-05,356,3,130.0,293.0,163.0,55.631399317406135
2026-05-29,364,0,2776.45,1784.0,992.4499999999998,55.63060538116591
2026-02-25,280,1,49.8,32.0,17.799999999999997,55.62499999999999
2025-08-19,397,3,376.61,242.0,134.61,55.62396694214876
2025-10-29,422,0,126.03,284.0,157.97,55.62323943661972
2026-06-03,509,3,5.77,13.0,7.23,55.61538461538462
2026-07-11,427,1,124.28,280.0,155.72,55.614285714285714
2026-04-25,419,2,19.53,44.0,24.47,55.61363636363637
2026-03-05,336,2,15.98,36.0,20.02,55.611111111111114
2025-11-06,480,5,174.28,112.0,62.28,55.607142857142854
2026-01-22,338,2,87.14,56.0,31.14,55.607142857142854
2025-10-25,482,0,174.28,112.0,62.28,55.607142857142854
2026-04-25,336,2,39.51,89.0,49.49,55.606741573033716
2025-08-16,294,4,1078.34,693.0,385.3399999999999,55.60461760461759
2026-07-15,385,2,399.9,257.0,142.89999999999998,55.60311284046692
2025-08-27,388,7,96.35,217.0,120.65,55.59907834101383
2025-10-21,399,1,275.41,177.0,98.41000000000003,55.598870056497184
2026-04-14,361,4,49.73,112.0,62.27,55.598214285714285
2026-04-20,289,5,49.79,32.0,17.79,55.59375
2026-04-06,397,4,126.03,81.0,45.03,55.592592592592595
2026-02-27,384,1,34.23,22.0,12.229999999999997,55.59090909090908
2025-11-03,291,1,189.82,122.0,67.82,55.59016393442623
2026-01-20,460,1,242.71,156.0,86.71000000000001,55.58333333333334
2025-11-30,403,2,56.01,36.0,20.009999999999998,55.58333333333333
2026-03-31,449,1,195.89,441.0,245.11,55.580498866213155
2026-01-02,413,2,325.16,209.0,116.16000000000003,55.57894736842106
2026-01-13,423,0,172.37,388.0,215.63,55.574742268041234
2025-08-28,348,5,168.02,108.0,60.02000000000001,55.57407407407409
2025-08-26,321,4,51.98,117.0,65.02000000000001,55.57264957264958
2025-10-15,272,1,21.78,14.0,7.780000000000001,55.571428571428584
2026-05-20,479,2,6.22,14.0,7.78,55.57142857142857
2026-01-30,318,4,420.04,270.0,150.04000000000002,55.570370370370384
2026-01-28,437,1,169.57,109.0,60.56999999999999,55.568807339449535
2026-03-28,459,2,298.69,192.0,106.69,55.56770833333333
2025-10-22,397,4,138.21,311.0,172.79,55.559485530546624
2025-10-03,361,1,66.89,43.0,23.89,55.55813953488372
2026-07-20,530,2,19.11,43.0,23.89,55.55813953488372
2026-05-29,334,3,57.33,129.0,71.67,55.55813953488372
2026-02-26,371,1,126.0,81.0,45.0,55.55555555555556
2025-12-10,274,2,59.11,38.0,21.11,55.55263157894736
2026-02-16,359,1,194.44,125.0,69.44,55.552
2025-07-24,362,0,169.55,109.0,60.55000000000001,55.55045871559634
2026-01-15,388,3,83.57,188.0,104.43,55.54787234042553
2026-07-18,404,1,4.89,11.0,6.11,55.545454545454554
2025-12-29,315,3,4.89,11.0,6.11,55.545454545454554
2026-05-29,509,4,17.11,11.0,6.109999999999999,55.54545454545454
2026-06-02,438,0,255.09,164.0,91.09,55.542682926829265
2026-04-17,310,0,552.17,355.0,197.16999999999996,55.54084507042253
2025-09-30,424,1,56.02,126.0,69.97999999999999,55.53968253968253
2025-12-14,327,4,357.73,230.0,127.73000000000002,55.534782608695664
2026-05-09,404,0,213.0,479.0,266.0,55.53235908141963
2025-11-06,290,3,202.19,130.0,72.19,55.53076923076923
2026-03-06,392,3,102.65,66.0,36.650000000000006,55.53030303030304
2026-04-13,516,9,26.44,17.0,9.440000000000001,55.52941176470589
2026-06-05,508,0,52.88,34.0,18.880000000000003,55.52941176470589
2026-05-29,462,0,398.15,256.0,142.14999999999998,55.52734374999999
2026-02-09,405,1,29.55,19.0,10.55,55.52631578947369
2026-07-15,445,1,36.47,82.0,45.53,55.524390243902445
2026-03-31,449,0,196.14,441.0,244.86,55.52380952380953
2025-10-20,364,1,334.91,753.0,418.09,55.52324037184595
2025-10-27,363,1,101.09,65.0,36.09,55.52307692307693
2026-06-15,308,9,342.15,220.0,122.14999999999998,55.52272727272726
2026-05-09,339,3,213.06,137.0,76.06,55.518248175182485
2026-05-21,463,1,110.32,248.0,137.68,55.516129032258064
2025-10-20,487,2,144.63,93.0,51.629999999999995,55.51612903225806
2025-09-07,283,1,813.34,523.0,290.34000000000003,55.51434034416827
2026-06-01,488,0,230.16,148.0,82.16,55.513513513513516
2025-11-06,278,1,418.33,269.0,149.32999999999998,55.51301115241635
2025-08-19,421,1,149.29,96.0,53.28999999999999,55.510416666666664
2026-05-27,496,0,732.42,471.0,261.41999999999996,55.50318471337579
2026-06-25,335,1,118.18,76.0,42.18000000000001,55.50000000000001
2026-04-13,319,4,18.66,12.0,6.66,55.50000000000001
2026-02-07,409,2,0.89,2.0,1.1099999999999999,55.49999999999999
2025-12-03,448,2,6.23,14.0,7.77,55.49999999999999
2025-09-13,448,2,7.12,16.0,8.879999999999999,55.49999999999999
2025-12-12,348,7,0.89,2.0,1.1099999999999999,55.49999999999999
2025-10-26,421,1,570.67,367.0,203.66999999999996,55.49591280653949
2026-07-17,407,1,873.88,562.0,311.88,55.494661921708186
2025-12-29,503,2,86.35,194.0,107.65,55.48969072164949
2025-09-01,338,1,325.38,731.0,405.62,55.48837209302325
2026-02-19,419,4,13.8,31.0,17.2,55.483870967741936
2026-01-27,416,0,228.56,147.0,81.56,55.482993197278915
2025-08-16,277,0,1111.7,715.0,396.70000000000005,55.482517482517494
2026-04-03,291,5,287.59,646.0,358.41,55.48142414860682
2026-05-29,462,1,398.02,256.0,142.01999999999998,55.47656249999999
2026-07-15,364,5,217.66,140.0,77.66,55.471428571428575
2026-06-29,308,3,143.03,92.0,51.03,55.46739130434782
2025-07-31,411,1,116.6,75.0,41.599999999999994,55.46666666666666
2026-03-05,291,3,248.74,160.0,88.74000000000001,55.462500000000006
2026-04-27,354,3,696.47,448.0,248.47000000000003,55.462053571428584
2025-11-10,320,2,236.3,152.0,84.30000000000001,55.46052631578948
2026-05-29,343,3,1209.45,778.0,431.45000000000005,55.45629820051414
2025-08-27,290,2,68.4,44.0,24.400000000000006,55.45454545454547
2025-10-21,327,5,147.0,330.0,183.0,55.45454545454545
2025-11-07,370,2,226.96,146.0,80.96000000000001,55.452054794520556
2026-05-02,516,12,8.91,20.0,11.09,55.45
2025-07-30,361,3,110.93,249.0,138.07,55.44979919678714
2026-06-22,341,2,293.8,189.0,104.80000000000001,55.449735449735456
2026-01-06,461,0,121.25,78.0,43.25,55.44871794871795
2026-07-02,406,0,90.16,58.0,32.16,55.44827586206896
2026-01-28,509,4,12.03,27.0,14.97,55.44444444444445
2026-01-01,320,5,511.41,329.0,182.41000000000003,55.44376899696049
2026-06-18,482,1,94.82,61.0,33.81999999999999,55.44262295081966
2025-09-12,418,0,222.28,143.0,79.28,55.44055944055945
2025-08-02,302,1,503.6,324.0,179.60000000000002,55.4320987654321
2026-07-07,415,1,234.7,151.0,83.69999999999999,55.43046357615893
2026-07-05,334,3,113.21,254.0,140.79000000000002,55.42913385826772
2026-05-30,502,0,763.13,491.0,272.13,55.42362525458249
2026-07-07,384,3,11.59,26.0,14.41,55.42307692307692
2025-10-03,446,1,280.39,629.0,348.61,55.42289348171702
2025-08-18,319,8,99.47,64.0,35.47,55.421875
2026-05-26,274,3,50.82,114.0,63.18,55.421052631578945
2026-02-04,289,4,8.47,19.0,10.53,55.421052631578945
2026-06-29,507,4,366.79,236.0,130.79000000000002,55.41949152542374
2025-11-08,474,0,200.49,129.0,71.49000000000001,55.418604651162795
2026-02-15,277,1,912.3,587.0,325.29999999999995,55.41737649063032
2026-06-15,372,2,394.76,254.0,140.76,55.41732283464567
2025-08-28,425,0,5.35,12.0,6.65,55.41666666666667
2025-09-25,357,5,48.15,108.0,59.85,55.41666666666667
2025-11-06,316,2,388.52,250.0,138.51999999999998,55.40799999999999
2025-10-26,341,2,694.66,447.0,247.65999999999997,55.40492170022371
2025-10-08,321,3,158.51,102.0,56.50999999999999,55.40196078431372
2026-03-30,319,4,4.46,10.0,5.54,55.400000000000006
2026-07-13,291,6,108.78,70.0,38.78,55.400000000000006
2025-11-29,448,2,15.61,35.0,19.39,55.400000000000006
2026-06-04,479,2,7.77,5.0,2.7699999999999996,55.39999999999999
2025-09-28,359,1,812.74,523.0,289.74,55.39961759082218
2026-01-19,510,1,1373.69,884.0,489.69000000000005,55.394796380090504
2026-05-29,416,0,323.22,208.0,115.22000000000003,55.39423076923078
2025-10-29,435,1,39.7,89.0,49.3,55.393258426966284
2025-10-21,319,8,94.57,212.0,117.43,55.39150943396227
2025-08-11,403,1,198.9,128.0,70.9,55.39062500000001
2026-03-06,386,3,18.29,41.0,22.71,55.39024390243903
2025-09-06,373,0,2183.2,1405.0,778.1999999999998,55.38790035587188
2026-03-04,289,0,196.74,441.0,244.26,55.38775510204081
2025-09-02,301,2,96.34,62.0,34.34,55.38709677419356
2026-05-24,516,9,47.29,106.0,58.71,55.38679245283019
2026-02-19,480,4,11.6,26.0,14.4,55.38461538461539
2026-03-08,516,11,93.23,60.0,33.230000000000004,55.38333333333334
2025-08-19,301,1,172.23,386.0,213.77,55.380829015544045
2026-05-29,371,1,175.58,113.0,62.58000000000001,55.380530973451336
2026-07-01,308,6,217.53,140.0,77.53,55.37857142857143
2026-01-14,507,4,298.08,668.0,369.92,55.37724550898204
2026-06-25,348,1,223.74,144.0,79.74000000000001,55.37500000000001
2026-02-10,303,2,14.28,32.0,17.72,55.375
2025-11-03,364,5,211.31,136.0,75.31,55.375
2025-09-11,336,5,128.96,83.0,45.96000000000001,55.37349397590362
2026-01-15,420,1,187.01,419.0,231.99,55.36754176610978
2025-08-27,364,1,103.56,232.0,128.44,55.36206896551724
2026-07-02,272,6,503.37,324.0,179.37,55.361111111111114
2026-01-05,384,1,43.5,28.0,15.5,55.35714285714286
2025-09-07,384,0,1848.75,1190.0,658.75,55.35714285714286
2026-03-05,339,4,52.82,34.0,18.82,55.352941176470594
2026-03-20,431,0,273.42,176.0,97.42000000000002,55.352272727272734
2025-09-04,415,1,121.45,272.0,150.55,55.34926470588236
2026-03-20,505,3,35.73,23.0,12.729999999999997,55.34782608695651
2025-09-13,447,0,355.74,229.0,126.74000000000001,55.344978165938876
2026-03-17,325,1,99.42,64.0,35.42,55.34375
2025-10-13,279,5,63.69,41.0,22.689999999999998,55.34146341463414
2026-03-02,493,1,116.56,261.0,144.44,55.34099616858238
2026-04-14,510,6,375.18,840.0,464.82,55.33571428571429
2025-10-01,409,2,4.66,3.0,1.6600000000000001,55.333333333333336
2025-08-06,288,6,23.3,15.0,8.3,55.333333333333336
2026-04-20,487,1,167.76,108.0,59.75999999999999,55.33333333333332
2026-02-24,291,6,65.24,42.0,23.239999999999995,55.33333333333332
2025-08-30,317,4,250.08,161.0,89.08000000000001,55.32919254658386
2025-10-05,356,3,675.68,435.0,240.67999999999995,55.3287356321839
2026-02-16,345,3,42.89,96.0,53.11,55.322916666666664
2026-06-23,272,4,43.34,97.0,53.66,55.319587628865975
2025-08-20,317,2,113.38,73.0,40.379999999999995,55.315068493150676
2026-01-09,315,0,538.94,347.0,191.94000000000005,55.31412103746399
2025-08-25,411,0,160.87,360.0,199.13,55.31388888888888
2025-09-26,371,2,61.22,137.0,75.78,55.31386861313868
2026-01-22,348,1,149.1,96.0,53.099999999999994,55.3125
2026-05-29,439,0,402.25,259.0,143.25,55.308880308880305
2026-06-25,341,0,632.09,407.0,225.09000000000003,55.30466830466831
2026-05-06,471,1,277.99,179.0,98.99000000000001,55.301675977653645
2025-10-26,322,0,2400.94,1546.0,854.94,55.30012936610609
2026-06-04,317,2,177.04,114.0,63.03999999999999,55.29824561403508
2026-01-10,348,4,60.35,135.0,74.65,55.2962962962963
2026-04-07,415,1,152.19,98.0,54.19,55.29591836734694
2026-01-29,412,1,34.87,78.0,43.13,55.2948717948718
2025-09-05,317,2,80.47,180.0,99.53,55.294444444444444
2026-02-11,361,1,26.4,17.0,9.399999999999999,55.29411764705882
2025-10-13,357,2,169.27,109.0,60.27000000000001,55.29357798165139
2026-06-04,362,1,18.33,41.0,22.67,55.29268292682927
2026-06-30,530,1,63.67,41.0,22.67,55.29268292682927
2026-02-02,315,2,225.17,145.0,80.16999999999999,55.28965517241379
2026-02-21,509,4,9.39,21.0,11.61,55.285714285714285
2025-12-08,404,1,3.13,7.0,3.87,55.285714285714285
2026-01-02,429,0,384.12,859.0,474.88,55.282887077997664
2025-10-21,403,3,61.71,138.0,76.28999999999999,55.28260869565217
2026-02-02,372,3,131.99,85.0,46.99000000000001,55.282352941176484
2026-02-09,292,4,194.1,125.0,69.1,55.279999999999994
2026-03-31,419,4,25.94,58.0,32.06,55.27586206896552
2025-10-06,486,0,108.69,70.0,38.69,55.27142857142857
2026-04-20,509,4,13.42,30.0,16.58,55.266666666666666
2026-05-29,416,1,322.95,208.0,114.94999999999999,55.26442307692307
2026-03-20,346,1,48.13,31.0,17.130000000000003,55.25806451612903
2025-12-12,339,1,251.51,162.0,89.50999999999999,55.25308641975308
2025-10-28,346,4,184.75,119.0,65.75,55.25210084033614
2026-03-05,456,0,142.83,92.0,50.83000000000001,55.25000000000001
2025-12-25,459,1,24.84,16.0,8.84,55.25
2025-11-07,319,4,1.79,4.0,2.21,55.25
2026-04-01,486,0,117.99,76.0,41.989999999999995,55.249999999999986
2025-09-05,413,2,113.67,254.0,140.32999999999998,55.248031496062985
2026-07-15,445,0,36.7,82.0,45.3,55.24390243902438
2025-07-31,383,1,38.81,25.0,13.810000000000002,55.24000000000001
2025-10-11,486,1,207.25,463.0,255.75,55.23758099352052
2025-10-21,472,1,164.73,368.0,203.27,55.23641304347826
2026-06-22,475,2,45.66,102.0,56.34,55.23529411764706
2025-12-21,505,2,230.1,514.0,283.9,55.23346303501945
2026-04-03,383,0,53.72,120.0,66.28,55.233333333333334
2025-10-20,317,1,242.64,542.0,299.36,55.23247232472325
2026-06-15,413,2,127.29,82.0,45.290000000000006,55.23170731707317
2025-09-28,493,1,315.12,203.0,112.12,55.231527093596064
2026-02-28,448,2,5.82,13.0,7.18,55.230769230769226
2025-12-23,385,1,454.82,293.0,161.82,55.22866894197952
2025-12-14,470,0,852.2,549.0,303.20000000000005,55.227686703096545
2026-02-08,274,7,41.64,93.0,51.36,55.225806451612904
2026-06-02,438,1,254.57,164.0,90.57,55.22560975609756
2025-12-25,302,1,518.05,1157.0,638.95,55.2247191011236
2025-08-17,469,1,350.8,226.0,124.80000000000001,55.221238938053105
2026-03-19,273,0,161.21,360.0,198.79,55.21944444444444
2025-09-18,385,2,290.26,187.0,103.25999999999999,55.21925133689839
2025-08-23,441,0,774.54,499.0,275.53999999999996,55.21843687374749
2026-02-09,392,2,109.27,244.0,134.73000000000002,55.2172131147541
2025-09-24,448,2,6.27,14.0,7.73,55.214285714285715
2025-12-31,476,1,180.49,403.0,222.51,55.21339950372208
2026-07-07,442,1,290.24,187.0,103.24000000000001,55.20855614973262
2026-05-29,439,1,401.99,259.0,142.99,55.20849420849421
2025-11-20,383,1,10.75,24.0,13.25,55.208333333333336
2026-07-02,406,2,90.02,58.0,32.019999999999996,55.20689655172413
2026-02-15,471,1,412.85,266.0,146.85000000000002,55.20676691729324
2025-10-04,348,2,78.39,175.0,96.61,55.20571428571428
2025-10-08,493,0,136.58,88.0,48.58000000000001,55.204545454545475
2025-08-01,282,2,54.32,35.0,19.32,55.2
2025-11-28,448,2,6.72,15.0,8.280000000000001,55.2
2026-05-26,513,1,15.52,10.0,5.52,55.199999999999996
2026-03-17,319,4,7.76,5.0,2.76,55.199999999999996
2025-10-27,462,1,341.44,220.0,121.44,55.199999999999996
2026-03-29,422,1,304.19,196.0,108.19,55.19897959183674
2026-01-15,389,0,187.27,418.0,230.73,55.198564593301434
2025-10-26,279,3,369.37,238.0,131.37,55.19747899159664
2025-08-28,452,1,94.67,61.0,33.67,55.196721311475414
2026-07-03,496,1,721.66,465.0,256.65999999999997,55.195698924731175
2026-01-07,321,1,184.68,119.0,65.68,55.19327731092437
2025-11-11,480,2,11.65,26.0,14.35,55.19230769230769
2025-10-26,398,0,1107.99,714.0,393.99,55.18067226890756
2026-06-19,488,1,137.6,307.0,169.4,55.17915309446254
2026-05-30,316,1,1156.08,745.0,411.0799999999999,55.17852348993287
2026-01-29,507,0,224.15,500.0,275.85,55.17000000000001
2025-10-07,491,0,101.32,226.0,124.68,55.168141592920364
2026-05-02,488,1,471.71,304.0,167.70999999999998,55.16776315789473
2026-05-15,509,3,9.31,6.0,3.3100000000000005,55.16666666666667
2025-08-21,419,4,37.24,24.0,13.240000000000002,55.16666666666667
2025-08-21,419,1,2.69,6.0,3.31,55.166666666666664
2025-11-29,463,0,806.85,520.0,286.85,55.16346153846155
2025-10-22,353,3,323.29,721.0,397.71,55.16088765603329
2026-04-13,339,4,45.74,102.0,56.26,55.15686274509803
2026-07-05,521,0,34.98,78.0,43.02,55.15384615384615
2026-04-28,360,2,51.2,33.0,18.200000000000003,55.15151515151516
2025-10-20,289,1,82.23,53.0,29.230000000000004,55.150943396226424
2025-10-02,502,0,1720.62,1109.0,611.6199999999999,55.150586113615866
2026-06-24,448,2,12.11,27.0,14.89,55.148148148148145
2025-10-13,382,2,169.11,109.0,60.110000000000014,55.1467889908257
2026-07-06,291,4,96.19,62.0,34.19,55.14516129032258
2026-03-04,508,1,46.65,104.0,57.35,55.144230769230774
2026-05-06,327,1,184.62,119.0,65.62,55.142857142857146
2026-01-22,509,6,10.86,7.0,3.8599999999999994,55.14285714285714
2026-03-04,475,2,32.75,73.0,40.25,55.13698630136986
2025-12-10,444,1,127.86,285.0,157.14,55.13684210526315
2026-04-01,398,2,9.87,22.0,12.13,55.13636363636364
2025-08-25,411,1,161.51,360.0,198.49,55.13611111111112
2026-07-10,446,1,172.73,385.0,212.27,55.13506493506494
2026-01-04,321,4,209.43,135.0,74.43,55.13333333333333
2025-12-04,306,1,117.9,76.0,41.900000000000006,55.13157894736843
2026-03-19,513,0,387.68,864.0,476.32,55.129629629629626
2025-08-24,282,3,62.37,139.0,76.63,55.1294964028777
2025-09-05,435,1,145.83,325.0,179.17,55.129230769230766
2025-12-25,335,2,2012.01,1297.0,715.01,55.127987663839626
2026-06-08,320,6,110.14,71.0,39.14,55.12676056338029
2026-01-02,429,1,385.47,859.0,473.53,55.12572759022119
2025-11-05,315,2,54.3,121.0,66.7,55.12396694214876
2026-07-09,397,4,113.24,73.0,40.239999999999995,55.123287671232866
2025-09-02,288,1,100.83,65.0,35.83,55.12307692307692
2026-07-06,446,1,179.94,116.0,63.94,55.12068965517242
2026-05-29,368,3,893.49,576.0,317.49,55.11979166666667
2025-11-02,429,1,2137.52,1378.0,759.52,55.11756168359941
2025-09-05,435,0,145.87,325.0,179.13,55.11692307692307
2025-10-27,495,0,339.7,219.0,120.69999999999999,55.11415525114155
2025-11-28,319,5,51.17,114.0,62.83,55.114035087719294
2025-11-05,494,1,110.42,246.0,135.57999999999998,55.11382113821137
2026-03-21,414,1,403.29,260.0,143.29000000000002,55.111538461538466
2026-03-05,361,2,182.71,407.0,224.29,55.10810810810811
2025-09-04,415,0,122.11,272.0,149.89,55.10661764705882
2026-03-19,364,4,485.75,1082.0,596.25,55.106284658040664
2026-03-18,303,2,25.59,57.0,31.41,55.10526315789473
2025-08-21,320,3,88.41,57.0,31.409999999999997,55.10526315789473
2025-08-16,292,3,435.84,281.0,154.83999999999997,55.10320284697507
2025-12-12,507,2,41.31,92.0,50.69,55.097826086956516
2025-08-05,328,1,325.99,726.0,400.01,55.09779614325069
2026-06-19,488,0,137.85,307.0,169.15,55.09771986970684
2026-05-29,374,4,63.59,41.0,22.590000000000003,55.09756097560976
2025-09-27,404,1,9.43,21.0,11.57,55.095238095238095
2025-12-27,374,2,17.06,11.0,6.059999999999999,55.09090909090908
2026-07-08,534,3,18.61,12.0,6.609999999999999,55.08333333333333
2026-04-30,333,1,145.98,325.0,179.02,55.08307692307692
2026-01-01,348,4,20.16,13.0,7.16,55.07692307692308
2025-10-22,364,2,223.32,497.0,273.68,55.06639839034205
2026-01-27,316,2,308.58,199.0,109.57999999999998,55.065326633165824
2026-04-25,412,0,75.94,169.0,93.06,55.06508875739645
2026-06-20,455,1,431.08,278.0,153.07999999999998,55.06474820143884
2026-03-05,319,3,28.31,63.0,34.69,55.063492063492056
2025-08-28,454,0,637.25,411.0,226.25,55.04866180048662
2026-06-09,482,1,97.68,63.0,34.68000000000001,55.04761904761906
2025-10-19,327,0,2328.78,1502.0,826.7800000000002,55.04527296937418
2025-11-06,366,3,652.74,421.0,231.74,55.04513064133016
2025-12-01,405,1,37.21,24.0,13.21,55.041666666666664
2025-07-28,289,1,122.48,79.0,43.480000000000004,55.03797468354431
2026-01-15,389,1,187.95,418.0,230.05,55.035885167464116
2026-04-02,320,7,151.93,98.0,53.93000000000001,55.030612244897966
2026-07-12,272,3,1097.61,708.0,389.6099999999999,55.02966101694914
2026-07-10,446,0,173.14,385.0,211.86,55.028571428571425
2026-07-06,528,2,54.26,35.0,19.259999999999998,55.028571428571425
2025-08-25,281,5,64.76,144.0,79.24,55.02777777777778
2025-10-29,388,5,53.07,118.0,64.93,55.025423728813564
2026-01-06,425,2,306.95,198.0,108.94999999999999,55.02525252525252
2025-10-01,441,1,208.69,464.0,255.31,55.02370689655173
2025-08-07,400,3,43.63,97.0,53.37,55.02061855670103
2025-10-20,404,0,94.01,209.0,114.99,55.019138755980855
2025-10-21,305,4,165.53,368.0,202.47,55.01902173913044
2025-08-28,332,3,217.02,140.0,77.02000000000001,55.01428571428573
2026-02-01,507,4,319.01,709.0,389.99,55.00564174894217
2026-03-09,512,1,169.18,376.0,206.82,55.005319148936174
2026-04-23,405,2,4.65,3.0,1.6500000000000004,55.000000000000014
2026-06-17,520,5,1.55,1.0,0.55,55.00000000000001
2026-03-28,459,1,7.75,5.0,2.75,55.00000000000001
2026-06-06,520,5,3.1,2.0,1.1,55.00000000000001
2025-10-30,290,2,0.45,1.0,0.55,55.00000000000001
2025-11-23,396,1,0.45,1.0,0.55,55.00000000000001
2025-08-29,383,1,13.05,29.0,15.95,54.99999999999999
2025-10-04,315,3,1.35,3.0,1.65,54.99999999999999
2026-02-25,355,1,43.4,28.0,15.399999999999999,54.99999999999999
2026-05-08,281,5,2.7,6.0,3.3,54.99999999999999
2025-09-28,493,0,314.64,203.0,111.63999999999999,54.99507389162561
2025-11-05,406,2,41.86,93.0,51.14,54.98924731182796
2025-11-07,320,1,392.11,253.0,139.11,54.98418972332016
2026-01-13,293,0,1301.86,840.0,461.8599999999999,54.98333333333332
2026-07-04,532,0,99.94,222.0,122.06,54.98198198198199
2025-11-23,279,4,334.75,216.0,118.75,54.97685185185185
2026-04-03,516,9,17.56,39.0,21.44,54.97435897435897
2026-05-26,320,6,116.23,75.0,41.230000000000004,54.97333333333334
2026-06-16,281,5,67.54,150.0,82.46,54.97333333333333
2026-07-14,470,0,548.6,354.0,194.60000000000002,54.971751412429384
2026-06-29,304,2,686.51,443.0,243.51,54.96839729119639
2025-08-28,321,2,285.14,184.0,101.13999999999999,54.96739130434782
2026-01-27,355,6,189.06,122.0,67.06,54.9672131147541
2026-06-15,421,1,328.53,212.0,116.52999999999997,54.96698113207545
2026-02-21,373,5,275.84,178.0,97.83999999999997,54.96629213483145
2025-09-22,389,1,181.31,117.0,64.31,54.96581196581197
2025-09-06,315,0,736.08,475.0,261.08000000000004,54.964210526315796
2026-02-26,361,1,24.77,55.0,30.23,54.96363636363636
2026-05-29,332,6,297.53,192.0,105.52999999999997,54.96354166666665
2026-01-03,503,1,210.74,136.0,74.74000000000001,54.95588235294119
2025-11-24,320,8,134.81,87.0,47.81,54.95402298850575
2025-12-11,494,0,201.44,130.0,71.44,54.95384615384615
2025-11-05,487,0,304.08,675.0,370.92,54.95111111111112
2025-09-08,372,0,1354.26,874.0,480.26,54.94965675057208
2026-06-29,281,3,409.06,264.0,145.06,54.946969696969695
2025-12-30,428,1,121.65,270.0,148.35,54.94444444444444
2025-09-15,291,3,229.31,148.0,81.31,54.939189189189186
2025-10-11,303,2,36.5,81.0,44.5,54.93827160493827
2026-02-02,487,2,374.95,242.0,132.95,54.938016528925615
2025-09-19,419,2,24.79,16.0,8.79,54.93749999999999
2025-09-15,336,4,72.82,47.0,25.819999999999993,54.936170212765944
2025-10-04,480,1,334.66,216.0,118.66000000000003,54.9351851851852
2025-09-18,363,4,161.13,104.0,57.129999999999995,54.9326923076923
2025-10-03,446,0,283.48,629.0,345.52,54.93163751987281
2025-09-30,424,0,56.79,126.0,69.21000000000001,54.92857142857144
2026-01-28,509,7,168.87,109.0,59.870000000000005,54.92660550458716
2026-06-09,481,1,61.97,40.0,21.97,54.925000000000004
2026-02-15,471,0,412.1,266.0,146.10000000000002,54.9248120300752
2025-11-05,336,1,23.89,53.0,29.11,54.92452830188679
2026-03-05,483,1,429.14,277.0,152.14,54.92418772563177
2026-06-15,428,1,79.01,51.0,28.010000000000005,54.92156862745099
2025-10-12,282,3,50.04,111.0,60.96,54.918918918918926
2026-04-27,424,1,37.87,84.0,46.13,54.91666666666667
2025-08-05,328,0,327.31,726.0,398.69,54.9159779614325
2026-04-05,413,1,292.79,189.0,103.79000000000002,54.915343915343925
2026-04-18,396,2,570.08,368.0,202.08000000000004,54.91304347826088
2026-03-20,339,3,17.04,11.0,6.039999999999999,54.9090909090909
2025-10-01,441,0,209.24,464.0,254.76,54.9051724137931
2025-11-28,308,8,466.29,1034.0,567.71,54.904255319148945
2026-02-02,320,8,206.02,133.0,73.02000000000001,54.90225563909775
2025-08-19,364,1,142.51,92.0,50.50999999999999,54.90217391304347
2025-12-15,480,4,46.47,30.0,16.47,54.89999999999999
2026-03-30,273,5,554.54,358.0,196.53999999999996,54.89944134078212
2025-11-02,291,1,590.14,381.0,209.14,54.892388451443566
2025-08-11,382,1,394.96,255.0,139.95999999999998,54.88627450980391
2026-07-02,388,2,54.21,35.0,19.21,54.88571428571429
2026-06-26,321,4,59.1,131.0,71.9,54.88549618320611
2025-11-09,451,0,148.69,96.0,52.69,54.885416666666664
2026-03-19,331,4,388.89,862.0,473.11,54.885150812064964
2026-02-09,319,2,80.54,52.0,28.540000000000006,54.8846153846154
2025-08-11,355,1,40.27,26.0,14.270000000000003,54.8846153846154
2025-11-28,503,0,476.88,1057.0,580.12,54.88363292336802
2026-04-25,448,2,26.33,17.0,9.329999999999998,54.88235294117646
2026-01-26,384,3,75.89,49.0,26.89,54.87755102040816
2025-09-02,362,1,14.44,32.0,17.560000000000002,54.87500000000001
2025-11-14,491,0,374.79,242.0,132.79000000000002,54.871900826446286
2026-07-13,516,11,108.41,70.0,38.41,54.871428571428574
2026-06-29,297,0,447.57,289.0,158.57,54.86851211072664
2026-06-20,404,2,291.57,646.0,354.43,54.86532507739938
2026-03-19,382,1,255.93,567.0,311.07,54.86243386243386
2026-07-07,532,0,89.82,58.0,31.819999999999993,54.86206896551723
2025-08-07,467,0,735.58,475.0,260.58000000000004,54.85894736842106
2025-12-04,413,0,291.13,188.0,103.13,54.8563829787234
2025-08-13,280,3,1018.95,658.0,360.95000000000005,54.855623100303966
2026-07-23,391,2,139.37,90.0,49.370000000000005,54.855555555555554
2025-11-05,336,0,483.53,1071.0,587.47,54.85247432306256
2026-01-24,304,3,1068.48,690.0,378.48,54.85217391304348
2026-05-26,516,12,12.19,27.0,14.81,54.851851851851855
2026-04-21,403,5,14.9,33.0,18.1,54.84848484848486
2026-05-04,388,5,122.33,79.0,43.33,54.84810126582278
2026-05-17,424,0,20.13,13.0,7.129999999999999,54.84615384615383
2025-07-31,421,1,215.23,139.0,76.22999999999999,54.84172661870503
2025-10-06,384,0,684.4,442.0,242.39999999999998,54.841628959276015
2026-07-23,289,5,97.55,63.0,34.55,54.841269841269835
2026-06-19,460,0,388.65,251.0,137.64999999999998,54.84063745019919
2026-04-04,475,0,270.97,175.0,95.97000000000003,54.84000000000001
2025-09-06,475,1,173.42,112.0,61.41999999999999,54.8392857142857
2025-07-31,487,2,84.0,186.0,102.0,54.83870967741935
2025-10-02,415,0,665.8,430.0,235.79999999999995,54.837209302325576
2026-07-23,272,3,170.32,110.0,60.31999999999999,54.83636363636363
2025-09-04,365,2,543.47,351.0,192.47000000000003,54.83475783475784
2025-11-10,480,2,18.58,12.0,6.579999999999998,54.83333333333332
2026-05-28,291,6,107.05,237.0,129.95,54.83122362869198
2025-07-24,427,0,201.28,130.0,71.28,54.83076923076923
2025-10-03,486,1,126.96,82.0,44.959999999999994,54.82926829268292
2026-06-27,514,0,1377.94,890.0,487.94000000000005,54.8247191011236
2026-05-29,386,2,52.64,34.0,18.64,54.8235294117647
2025-08-16,277,1,1102.34,712.0,390.3399999999999,54.82303370786516
2025-08-29,316,2,348.35,225.0,123.35000000000002,54.82222222222223
2025-08-13,382,1,362.28,234.0,128.27999999999997,54.82051282051281
2025-10-19,280,7,171.85,111.0,60.849999999999994,54.81981981981981
2025-11-08,361,5,94.44,61.0,33.44,54.819672131147534
2026-01-28,274,7,17.17,38.0,20.83,54.815789473684205
2025-11-03,417,2,78.17,173.0,94.83,54.81502890173411
2026-03-02,493,0,117.95,261.0,143.05,54.80842911877395
2025-09-22,370,0,577.43,373.0,204.42999999999995,54.80697050938337
2026-07-01,332,2,260.07,168.0,92.07,54.80357142857143
2025-10-06,322,2,699.71,452.0,247.71000000000004,54.803097345132755
2026-03-19,387,2,59.21,131.0,71.78999999999999,54.801526717557245
2026-02-08,374,3,9.04,20.0,10.96,54.800000000000004
2026-05-15,404,1,2.26,5.0,2.74,54.800000000000004
2026-03-22,459,1,6.78,15.0,8.219999999999999,54.79999999999999
2026-03-04,329,1,31.19,69.0,37.81,54.79710144927537
2026-07-04,448,2,19.89,44.0,24.11,54.79545454545455
2026-05-14,282,5,89.78,58.0,31.78,54.79310344827586
2025-09-24,406,0,37.15,24.0,13.149999999999999,54.79166666666666
2026-01-02,389,0,396.26,256.0,140.26,54.7890625
2026-06-19,460,1,388.52,251.0,137.51999999999998,54.78884462151393
2026-05-22,512,1,357.56,231.0,126.56,54.78787878787878
2026-01-04,334,2,6.33,14.0,7.67,54.785714285714285
2025-11-16,282,3,61.04,135.0,73.96000000000001,54.78518518518519
2026-02-02,332,1,229.08,148.0,81.08000000000001,54.78378378378379
2025-09-02,372,1,354.09,783.0,428.91,54.77777777777778
2025-10-20,480,2,22.16,49.0,26.84,54.775510204081634
2025-10-06,332,2,267.75,173.0,94.75,54.76878612716764
2026-03-24,273,1,245.62,543.0,297.38,54.76611418047882
2026-07-14,289,2,28.95,64.0,35.05,54.76562499999999
2025-09-18,321,3,157.86,102.0,55.860000000000014,54.764705882352956
2025-07-24,340,4,23.07,51.0,27.93,54.764705882352935
2025-09-15,292,4,143.93,93.0,50.93000000000001,54.76344086021506
2026-04-04,305,5,634.53,410.0,224.52999999999997,54.763414634146336
2025-08-25,475,1,68.76,152.0,83.24,54.763157894736835
2026-05-26,479,2,9.5,21.0,11.5,54.761904761904766
2025-10-29,425,0,382.26,247.0,135.26,54.76113360323887
2025-08-03,280,5,1727.13,1116.0,611.1300000000001,54.760752688172055
2026-01-01,486,1,121.25,268.0,146.75,54.75746268656716
2026-06-25,516,10,63.45,41.0,22.450000000000003,54.75609756097561
2026-05-11,505,3,25.79,57.0,31.21,54.75438596491228
2025-10-22,391,1,584.97,378.0,206.97000000000003,54.75396825396827
2025-09-27,339,5,324.98,210.0,114.98000000000002,54.75238095238096
2026-05-30,481,1,168.68,109.0,59.68000000000001,54.75229357798166
2026-06-25,338,0,793.87,513.0,280.87,54.75048732943469
2026-06-17,319,4,7.24,16.0,8.76,54.75
2025-10-29,427,2,30.95,20.0,10.95,54.75
2026-07-07,521,1,18.57,12.0,6.57,54.75
2026-05-16,523,1,60.35,39.0,21.35,54.74358974358975
2025-12-03,339,2,93.23,206.0,112.77,54.742718446601934
2026-02-16,419,2,26.25,58.0,31.75,54.741379310344826
2026-04-17,310,1,549.33,355.0,194.33000000000004,54.74084507042255
2025-09-06,328,0,940.82,608.0,332.82000000000005,54.740131578947384
2026-02-26,346,1,35.59,23.0,12.590000000000003,54.73913043478262
2026-02-19,510,2,331.14,214.0,117.13999999999999,54.738317757009334
2025-10-21,382,0,733.44,474.0,259.44000000000005,54.73417721518988
2026-03-04,398,1,23.54,52.0,28.46,54.730769230769226
2026-03-04,400,2,40.23,26.0,14.229999999999997,54.73076923076922
2026-03-15,516,9,28.52,63.0,34.480000000000004,54.73015873015874
2026-06-12,410,1,41.65,92.0,50.35,54.72826086956522
2025-10-18,420,0,373.5,825.0,451.5,54.72727272727273
2026-06-15,470,1,578.68,374.0,204.67999999999995,54.72727272727271
2025-11-28,385,1,406.57,898.0,491.43,54.7249443207127
2026-04-24,520,2,32.6,72.0,39.4,54.722222222222214
2026-02-23,274,4,49.51,32.0,17.509999999999998,54.71874999999999
2026-06-01,308,4,120.68,78.0,42.68000000000001,54.71794871794873
2026-03-16,516,9,21.66,14.0,7.66,54.714285714285715
2026-04-18,346,1,86.64,56.0,30.64,54.714285714285715
2025-11-27,404,1,3.17,7.0,3.83,54.714285714285715
2026-03-25,364,5,165.54,107.0,58.53999999999999,54.710280373831765
2025-09-30,419,4,31.25,69.0,37.75,54.710144927536234
2026-04-15,371,1,143.88,93.0,50.879999999999995,54.70967741935483
2025-08-14,498,0,137.69,89.0,48.69,54.70786516853933
2026-01-06,282,2,63.43,41.0,22.43,54.707317073170735
2026-01-01,442,2,26.3,17.0,9.3,54.70588235294118
2026-06-18,516,8,12.23,27.0,14.77,54.703703703703695
2025-08-30,295,1,482.66,312.0,170.66000000000003,54.698717948717956
2025-12-23,383,0,68.41,151.0,82.59,54.69536423841059
2026-07-07,319,4,5.89,13.0,7.11,54.69230769230769
2025-11-01,355,2,303.19,196.0,107.19,54.68877551020408
2025-10-20,372,1,317.21,700.0,382.79,54.68428571428572
2025-12-02,355,4,156.23,101.0,55.22999999999999,54.683168316831676
2026-03-04,508,0,47.13,104.0,56.87,54.68269230769231
2025-09-17,386,2,19.94,44.0,24.06,54.68181818181817
2025-11-18,383,2,19.94,44.0,24.06,54.68181818181817
2025-12-16,498,0,61.87,40.0,21.869999999999997,54.675
2026-04-25,412,1,76.6,169.0,92.4,54.67455621301775
2026-02-26,392,1,80.43,52.0,28.430000000000007,54.673076923076934
2025-11-24,281,5,88.4,195.0,106.6,54.666666666666664
2025-09-25,403,1,167.04,108.0,59.03999999999999,54.666666666666664
2026-01-29,334,2,5.44,12.0,6.56,54.666666666666664
2026-01-12,479,2,9.28,6.0,3.2799999999999994,54.66666666666665
2026-07-01,535,1,9.28,6.0,3.2799999999999994,54.66666666666665
2025-11-18,277,2,4.64,3.0,1.6399999999999997,54.66666666666665
2026-04-03,421,1,184.51,407.0,222.49,54.665847665847664
2025-08-27,450,1,166.39,367.0,200.61,54.66212534059945
2026-03-19,450,1,291.07,642.0,350.93,54.661993769470406
2026-03-03,509,0,400.57,259.0,141.57,54.66023166023166
2025-11-05,419,2,21.31,47.0,25.69,54.659574468085104
2026-02-23,329,1,40.21,26.0,14.21,54.65384615384615
2026-05-29,319,3,66.5,43.0,23.5,54.65116279069767
2025-12-04,475,2,30.93,20.0,10.93,54.65
2025-11-17,324,1,150.01,97.0,53.00999999999999,54.64948453608246
2026-01-02,320,6,171.66,111.0,60.66,54.648648648648646
2026-05-21,340,2,24.49,54.0,29.51,54.648148148148145
2025-10-13,418,0,394.35,255.0,139.35000000000002,54.64705882352941
2026-07-17,348,1,218.05,141.0,77.05000000000001,54.645390070922
2026-04-23,480,4,16.33,36.0,19.67,54.63888888888889
2025-10-27,338,0,440.71,285.0,155.70999999999998,54.635087719298234
2025-10-23,495,1,320.09,207.0,113.08999999999997,54.63285024154588
2025-08-22,409,0,129.89,84.0,45.889999999999986,54.630952380952365
2026-03-17,273,2,58.98,130.0,71.02000000000001,54.63076923076924
2026-02-22,516,1,58.98,130.0,71.02000000000001,54.63076923076924
2025-10-21,425,2,240.46,530.0,289.53999999999996,54.63018867924527
2025-10-20,485,2,19.51,43.0,23.49,54.62790697674418
2026-07-07,425,0,513.36,332.0,181.36,54.626506024096386
2025-09-23,370,1,139.16,90.0,49.16,54.62222222222222
2025-08-23,332,6,157.48,347.0,189.52,54.616714697406344
2025-10-22,432,0,465.39,301.0,164.39,54.61461794019933
2026-04-30,333,0,350.41,772.0,421.59,54.61010362694301
2025-08-21,357,6,270.56,175.0,95.56,54.60571428571429
2026-03-07,324,4,487.55,1074.0,586.45,54.60428305400373
2025-11-02,442,2,33.14,73.0,39.86,54.602739726027394
2026-01-06,461,1,120.59,78.0,42.59,54.60256410256411
2026-06-01,488,1,228.81,148.0,80.81,54.601351351351354
2026-05-17,272,3,608.36,1340.0,731.64,54.6
2025-09-01,404,1,2.27,5.0,2.73,54.6
2025-09-22,336,7,15.46,10.0,5.460000000000001,54.6
2025-09-18,374,3,7.73,5.0,2.7300000000000004,54.6
2026-05-29,294,3,1239.89,802.0,437.8900000000001,54.59975062344141
2026-05-06,516,1,28.15,62.0,33.85,54.59677419354839
2026-01-02,339,4,72.66,47.0,25.659999999999997,54.595744680851055
2026-04-10,472,1,84.91,187.0,102.09,54.593582887700535
2025-11-01,461,1,239.62,155.0,84.62,54.59354838709678
2026-04-08,297,2,41.74,27.0,14.740000000000002,54.5925925925926
2025-10-08,321,4,83.48,54.0,29.480000000000004,54.5925925925926
2025-10-02,487,0,553.52,1219.0,665.48,54.59228876127974
2026-03-20,420,0,217.97,141.0,76.97,54.58865248226951
2025-10-21,318,4,292.45,644.0,351.55,54.588509316770185
2025-08-24,305,3,367.91,238.0,129.91000000000003,54.58403361344539
2026-05-18,516,8,18.55,12.0,6.550000000000001,54.58333333333334
2026-06-23,386,3,19.53,43.0,23.47,54.581395348837205
2025-11-18,447,1,97.66,215.0,117.34,54.57674418604651
2026-04-23,355,1,21.64,14.0,7.640000000000001,54.57142857142857
2025-08-11,371,2,9.54,21.0,11.46,54.57142857142857
2025-10-02,336,2,89.04,196.0,106.96,54.57142857142857
2026-01-01,486,0,121.76,268.0,146.24,54.56716417910448
2025-08-30,320,5,227.21,147.0,80.21000000000001,54.56462585034014
2026-04-03,507,1,141.31,311.0,169.69,54.56270096463023
2025-08-27,450,0,166.77,367.0,200.23,54.55858310626702
2025-11-18,447,0,97.7,215.0,117.3,54.55813953488372
2026-02-22,516,2,52.26,115.0,62.74,54.55652173913044
2026-03-24,467,1,411.12,266.0,145.12,54.55639097744361
2025-10-18,420,1,374.92,825.0,450.08,54.555151515151515
2025-12-30,428,0,122.71,270.0,147.29000000000002,54.551851851851865
2025-11-06,292,1,531.64,344.0,187.64,54.546511627906966
2025-08-21,449,0,103.18,227.0,123.82,54.54625550660792
2025-10-01,364,1,268.91,174.0,94.91000000000003,54.54597701149426
2025-12-12,274,3,68.0,44.0,24.0,54.54545454545454
2025-10-26,485,2,47.73,105.0,57.27,54.54285714285715
2026-05-24,522,1,77.28,170.0,92.72,54.54117647058824
2026-01-15,419,0,134.45,87.0,47.44999999999999,54.54022988505746
2025-10-24,419,4,77.27,50.0,27.269999999999996,54.53999999999999
2026-06-20,455,0,429.62,278.0,151.62,54.539568345323744
2025-08-30,370,0,1546.94,1001.0,545.94,54.53946053946055
2025-11-28,503,1,173.66,382.0,208.34,54.539267015706805
2026-05-29,340,0,2571.49,1664.0,907.4899999999998,54.53665865384614
2025-12-26,336,0,1329.01,860.0,469.01,54.53604651162791
2025-09-21,289,4,36.83,81.0,44.17,54.53086419753087
2026-05-21,424,1,7.73,17.0,9.27,54.529411764705884
2026-04-20,488,0,193.15,125.0,68.15,54.52
2026-05-03,282,2,64.13,141.0,76.87,54.51773049645391
2026-01-15,318,4,540.81,350.0,190.80999999999995,54.517142857142844
2026-04-03,421,0,185.13,407.0,221.87,54.51351351351351
2026-02-15,427,0,315.2,204.0,111.19999999999999,54.509803921568626
2026-06-25,357,1,270.39,175.0,95.38999999999999,54.508571428571415
2025-12-13,289,2,27.75,61.0,33.25,54.50819672131148
2026-01-30,347,3,106.61,69.0,37.61,54.507246376811594
2025-12-31,476,0,183.34,403.0,219.66,54.50620347394541
2026-06-07,319,7,62.33,137.0,74.67,54.5036496350365
2026-05-26,427,2,12.74,28.0,15.26,54.50000000000001
2026-02-27,315,3,0.91,2.0,1.0899999999999999,54.49999999999999
2025-11-26,289,4,18.54,12.0,6.539999999999999,54.49999999999999
2026-02-12,277,2,1.82,4.0,2.1799999999999997,54.49999999999999
2026-04-15,332,3,197.76,128.0,69.75999999999999,54.49999999999999
2025-10-14,282,2,37.08,24.0,13.079999999999998,54.49999999999999
2026-05-14,459,2,174.58,113.0,61.58000000000001,54.495575221238944
2025-10-14,486,1,202.04,444.0,241.96,54.4954954954955
2025-12-16,385,1,431.03,279.0,152.02999999999997,54.491039426523294
2026-02-21,494,0,97.39,214.0,116.61,54.490654205607484
2025-10-30,463,1,83.74,184.0,100.26,54.48913043478261
2026-02-02,308,7,208.56,135.0,73.56,54.48888888888889
2026-06-03,289,5,58.71,129.0,70.28999999999999,54.48837209302325
2025-12-02,282,4,57.16,37.0,20.159999999999997,54.48648648648648
2026-02-06,348,1,81.93,180.0,98.07,54.48333333333333
2026-06-13,410,1,125.13,81.0,44.129999999999995,54.481481481481474
2025-08-16,472,0,1714.74,1110.0,604.74,54.481081081081086
2025-10-20,364,5,232.15,510.0,277.85,54.48039215686274
2026-03-09,324,2,344.14,756.0,411.86,54.47883597883598
2025-11-17,320,1,336.76,218.0,118.75999999999999,54.47706422018348
2025-09-08,441,1,111.08,244.0,132.92000000000002,54.47540983606558
2025-11-14,336,2,26.26,17.0,9.260000000000002,54.47058823529412
2026-07-05,388,2,142.11,92.0,50.110000000000014,54.46739130434784
2025-11-10,320,9,321.29,208.0,113.29000000000002,54.46634615384617
2026-02-05,510,3,159.1,103.0,56.099999999999994,54.46601941747572
2026-05-11,319,8,89.59,58.0,31.590000000000003,54.46551724137932
2025-08-26,387,0,276.49,179.0,97.49000000000001,54.46368715083799
2025-11-05,406,0,42.35,93.0,50.65,54.46236559139784
2026-02-07,462,1,460.29,298.0,162.29000000000002,54.459731543624166
2026-03-22,291,3,908.22,588.0,320.22,54.45918367346939
2026-07-12,272,2,2610.35,1690.0,920.3499999999999,54.458579881656796
2026-06-18,303,1,15.94,35.0,19.060000000000002,54.45714285714286
2025-12-28,451,0,250.22,162.0,88.22,54.45679012345679
2026-05-16,279,5,101.94,66.0,35.94,54.45454545454545
2025-12-25,336,4,200.4,440.0,239.6,54.45454545454545
2025-09-07,388,2,137.46,89.0,48.46000000000001,54.4494382022472
2025-10-04,361,1,58.69,38.0,20.689999999999998,54.44736842105262
2026-03-02,279,1,51.02,112.0,60.98,54.44642857142858
2026-03-05,361,5,41.91,92.0,50.09,54.445652173913054
2025-10-04,321,5,316.61,205.0,111.61000000000001,54.44390243902439
2026-03-30,482,0,80.31,52.0,28.310000000000002,54.4423076923077
2026-01-16,425,0,257.91,167.0,90.91000000000003,54.437125748503014
2026-01-05,332,7,109.65,71.0,38.650000000000006,54.43661971830986
2025-09-07,355,5,328.95,213.0,115.94999999999999,54.436619718309856
2026-06-02,516,8,10.48,23.0,12.52,54.434782608695656
2026-03-25,339,1,140.8,309.0,168.2,54.4336569579288
2026-06-20,510,1,361.37,234.0,127.37,54.43162393162393
2025-11-15,340,4,53.32,117.0,63.68,54.42735042735043
2026-03-05,490,1,140.37,308.0,167.63,54.425324675324674
2025-10-29,353,2,174.5,113.0,61.5,54.424778761061944
2025-12-29,428,1,163.69,106.0,57.69,54.42452830188679
2025-10-13,337,2,182.22,118.0,64.22,54.42372881355932
2025-09-05,382,0,422.5,927.0,504.5,54.42286947141316
2026-03-15,448,2,14.13,31.0,16.869999999999997,54.419354838709666
2026-02-12,398,2,14.13,31.0,16.869999999999997,54.419354838709666
2026-05-07,385,3,344.35,223.0,121.35000000000002,54.41704035874441
2026-05-01,479,2,18.53,12.0,6.530000000000001,54.41666666666668
2026-04-09,514,0,430.82,279.0,151.82,54.41577060931899
2025-08-16,421,1,463.24,300.0,163.24,54.413333333333334
2026-06-21,384,2,54.71,120.0,65.28999999999999,54.408333333333324
2026-01-14,505,2,64.85,42.0,22.849999999999994,54.40476190476189
2026-07-15,341,2,328.88,213.0,115.88,54.4037558685446
2025-08-18,331,4,480.19,311.0,169.19,54.40192926045015
2026-06-03,405,2,6.84,15.0,8.16,54.400000000000006
2025-11-01,337,3,2.28,5.0,2.72,54.400000000000006
2025-10-06,485,0,222.33,144.0,78.33000000000001,54.39583333333334
2026-06-23,428,1,62.48,137.0,74.52000000000001,54.394160583941606
2026-03-19,450,0,292.79,642.0,349.21,54.39408099688473
2026-06-29,319,6,192.99,125.0,67.99000000000001,54.39200000000001
2025-11-28,446,0,276.36,179.0,97.36000000000001,54.39106145251398
2025-11-11,330,2,450.81,292.0,158.81,54.386986301369866
2025-08-22,362,1,20.07,44.0,23.93,54.38636363636363
2026-02-11,501,1,40.14,26.0,14.14,54.38461538461539
2025-11-14,491,1,373.61,242.0,131.61,54.384297520661164
2026-04-01,486,1,117.33,76.0,41.33,54.38157894736841
2026-04-17,305,5,335.0,217.0,118.0,54.377880184331794
2025-10-11,486,0,211.24,463.0,251.76,54.375809935205176
2026-07-03,403,5,37.05,24.0,13.049999999999997,54.374999999999986
2025-09-09,280,7,73.46,161.0,87.54,54.37267080745342
2026-03-05,325,0,347.69,762.0,414.31,54.371391076115486
2025-10-23,380,2,551.09,357.0,194.09000000000003,54.36694677871149
2026-03-19,385,3,203.98,447.0,243.02,54.3668903803132
2026-06-03,507,3,97.25,63.0,34.25,54.36507936507936
2026-02-16,463,2,146.64,95.0,51.639999999999986,54.35789473684209
2025-08-24,336,7,111.37,244.0,132.63,54.35655737704918
2026-06-30,356,1,589.63,382.0,207.63,54.353403141361255
2025-08-09,403,5,57.06,125.0,67.94,54.352000000000004
2025-12-09,472,2,197.57,128.0,69.57,54.35156249999999
2026-07-05,521,1,35.61,78.0,42.39,54.34615384615385
2025-08-15,325,1,214.13,469.0,254.87,54.343283582089555
2026-05-24,463,1,250.66,549.0,298.34000000000003,54.3424408014572
2026-03-04,289,1,40.18,88.0,47.82,54.34090909090909
2026-02-18,383,2,20.09,44.0,23.91,54.34090909090909
2026-03-25,405,2,9.26,6.0,3.26,54.333333333333336
2025-10-06,384,1,37.04,24.0,13.04,54.333333333333336
2025-12-03,386,2,46.3,30.0,16.299999999999997,54.33333333333332
2025-09-04,425,0,195.93,429.0,233.07,54.32867132867133
2026-07-08,532,1,30.6,67.0,36.4,54.328358208955216
2025-11-21,505,2,94.55,207.0,112.45,54.32367149758455
2026-03-24,364,1,191.36,124.0,67.36000000000001,54.3225806451613
2026-05-16,340,4,535.34,1172.0,636.66,54.322525597269625
2025-12-01,405,0,43.21,28.0,15.21,54.32142857142858
2026-02-27,289,2,11.42,25.0,13.58,54.32
2025-09-08,441,0,111.46,244.0,132.54000000000002,54.31967213114754
2025-12-29,403,5,33.95,22.0,11.950000000000003,54.318181818181834
2026-01-06,465,0,219.13,142.0,77.13,54.316901408450704
2026-07-23,477,1,79.95,175.0,95.05,54.31428571428572
2025-10-16,480,2,24.69,16.0,8.690000000000001,54.31250000000001
2025-09-12,369,4,239.18,155.0,84.18,54.30967741935484
2026-06-10,308,3,84.87,55.0,29.870000000000005,54.30909090909092
2026-06-10,509,3,5.94,13.0,7.06,54.3076923076923
2025-10-06,386,3,20.06,13.0,7.059999999999999,54.3076923076923
2026-06-07,485,2,226.83,147.0,79.83000000000001,54.3061224489796
2026-06-24,516,12,10.51,23.0,12.49,54.30434782608696
2026-02-15,322,1,342.55,222.0,120.55000000000001,54.30180180180181
2026-01-08,472,0,680.47,441.0,239.47000000000003,54.301587301587304
2026-07-01,390,1,395.01,256.0,139.01,54.30078125
2025-09-04,362,1,15.43,10.0,5.43,54.29999999999999
2026-03-09,385,2,294.71,191.0,103.70999999999998,54.29842931937172
2026-04-27,424,0,38.39,84.0,45.61,54.29761904761905
2026-05-09,509,4,20.11,44.0,23.89,54.29545454545455
2026-01-29,412,0,35.65,78.0,42.35,54.2948717948718
2025-09-28,459,1,52.46,34.0,18.46,54.294117647058826
2025-08-18,495,1,342.53,222.0,120.52999999999997,54.292792792792774
2026-01-01,482,1,95.99,210.0,114.01,54.29047619047619
2026-07-03,273,5,191.32,124.0,67.32,54.29032258064515
2026-06-20,356,1,1007.51,653.0,354.51,54.289433384379784
2025-12-09,494,0,253.03,164.0,89.03,54.286585365853654
2026-07-16,361,4,6.4,14.0,7.6,54.285714285714285
2026-07-21,482,2,6.4,14.0,7.6,54.285714285714285
2026-03-09,494,1,65.83,144.0,78.17,54.28472222222223
2025-11-09,451,1,148.11,96.0,52.110000000000014,54.281250000000014
2026-01-26,472,2,415.59,909.0,493.41,54.28052805280529
2025-11-05,361,6,144.48,316.0,171.52,54.27848101265823
2026-02-10,318,2,83.31,54.0,29.310000000000002,54.27777777777778
2025-09-15,493,1,143.47,93.0,50.47,54.26881720430108
2026-04-14,516,4,64.94,142.0,77.06,54.267605633802816
2026-05-28,404,2,91.01,199.0,107.99,54.266331658291456
2025-10-25,280,1,42.99,94.0,51.01,54.265957446808514
2026-04-03,333,3,103.36,226.0,122.64,54.26548672566371
2026-01-26,371,3,140.38,91.0,49.379999999999995,54.26373626373626
2026-03-19,390,0,300.5,657.0,356.5,54.26179604261796
2026-01-20,338,2,70.96,46.0,24.959999999999994,54.26086956521738
2026-03-13,289,5,41.65,27.0,14.649999999999999,54.25925925925925
2025-10-21,364,4,1365.19,885.0,480.19000000000005,54.2587570621469
2025-10-08,318,2,152.71,99.0,53.71000000000001,54.25252525252526
2026-01-05,417,2,135.74,88.0,47.74000000000001,54.25000000000001
2025-12-16,498,1,61.7,40.0,21.700000000000003,54.25000000000001
2025-11-26,409,2,1.83,4.0,2.17,54.25
2025-07-30,404,1,3.66,8.0,4.34,54.25
2026-03-24,467,0,410.3,266.0,144.3,54.24812030075188
2025-12-01,346,2,424.18,275.0,149.18,54.24727272727273
2025-10-21,327,4,99.29,217.0,117.71,54.2442396313364
2025-07-24,418,0,256.04,166.0,90.04000000000002,54.2409638554217
2025-08-16,427,2,128.02,83.0,45.02000000000001,54.2409638554217
2026-03-03,320,8,75.51,165.0,89.49,54.236363636363635
2026-06-29,462,0,530.57,344.0,186.57000000000005,54.23546511627908
2025-10-04,357,2,283.79,184.0,99.79000000000002,54.23369565217392
2026-06-23,428,0,62.7,137.0,74.3,54.23357664233577
2025-08-28,385,0,1693.45,1098.0,595.45,54.2304189435337
2025-12-25,320,6,260.91,570.0,309.09,54.22631578947368
2026-05-22,516,8,13.88,9.0,4.880000000000001,54.22222222222223
2026-02-13,509,1,13.88,9.0,4.880000000000001,54.22222222222223
2025-08-16,348,3,980.84,636.0,344.84000000000003,54.22012578616353
2026-07-01,289,2,35.47,23.0,12.469999999999999,54.217391304347814
2025-11-12,356,1,582.94,378.0,204.94000000000005,54.21693121693123
2026-03-03,509,2,78.65,51.0,27.650000000000006,54.215686274509814
2026-07-04,516,5,25.64,56.0,30.36,54.214285714285715
2025-09-22,289,1,57.24,125.0,67.75999999999999,54.20799999999999
2026-06-28,327,5,772.58,501.0,271.58000000000004,54.20758483033933
2026-03-05,336,4,37.55,82.0,44.45,54.207317073170735
2025-08-16,332,3,763.31,495.0,268.30999999999995,54.204040404040384
2025-12-10,459,1,2.29,5.0,2.71,54.2
2025-11-06,421,2,171.16,111.0,60.16,54.1981981981982
2025-10-13,302,1,234.38,152.0,82.38,54.19736842105263
2026-03-05,482,0,58.17,127.0,68.83,54.19685039370079
2026-06-03,322,1,141.86,92.0,49.860000000000014,54.195652173913054
2025-11-13,356,1,427.12,277.0,150.12,54.194945848375454
2026-01-27,363,4,239.0,155.0,84.0,54.19354838709678
2025-08-18,471,1,223.58,145.0,78.58000000000001,54.19310344827587
2026-01-28,489,0,97.14,63.0,34.14,54.19047619047619
2026-07-03,345,0,798.7,518.0,280.70000000000005,54.1891891891892
2025-10-03,373,1,115.64,75.0,40.64,54.186666666666675
2026-01-27,471,0,248.24,161.0,87.24000000000001,54.186335403726716
2025-10-14,288,5,107.93,70.0,37.93000000000001,54.18571428571429
2026-04-22,493,0,126.43,82.0,44.43000000000001,54.1829268292683
2025-09-04,481,1,213.97,467.0,253.03,54.182012847965744
2026-01-27,308,1,333.03,216.0,117.02999999999997,54.18055555555554
2025-08-30,295,0,481.04,312.0,169.04000000000002,54.17948717948718
2026-03-19,331,6,309.77,676.0,366.23,54.176035502958584
2025-11-10,324,1,140.3,91.0,49.30000000000001,54.17582417582418
2026-07-02,318,2,114.09,74.0,40.09,54.175675675675684
2026-07-04,525,1,61.67,40.0,21.67,54.175000000000004
2026-06-13,410,0,124.88,81.0,43.879999999999995,54.172839506172835
2026-07-05,505,2,126.42,82.0,44.42,54.170731707317074
2026-04-21,448,2,11.0,24.0,13.0,54.166666666666664
2026-02-22,334,2,8.25,18.0,9.75,54.166666666666664
2025-08-27,385,5,152.17,332.0,179.83,54.16566265060241
2026-01-11,420,1,236.05,515.0,278.95,54.16504854368932
2025-11-25,310,1,597.28,1303.0,705.72,54.161166538756724
2025-11-06,318,3,38.54,25.0,13.54,54.16
2026-06-29,324,2,550.35,357.0,193.35000000000002,54.15966386554623
2025-08-07,484,0,194.24,126.0,68.24000000000001,54.158730158730165
2025-09-13,325,1,52.26,114.0,61.74,54.1578947368421
2026-01-21,319,8,89.41,58.0,31.409999999999997,54.155172413793096
2025-08-30,317,0,1416.68,919.0,497.68000000000006,54.154515778019594
2026-05-29,347,0,1194.69,775.0,419.69000000000005,54.153548387096784
2026-03-20,431,1,271.31,176.0,95.31,54.153409090909086
2025-10-26,341,0,1478.33,959.0,519.3299999999999,54.153284671532845
2026-05-13,463,0,188.89,412.0,223.11,54.15291262135923
2025-09-12,490,0,312.93,203.0,109.93,54.15270935960591
2026-02-12,291,5,275.93,179.0,96.93,54.150837988826815
2026-06-05,508,1,52.41,34.0,18.409999999999997,54.147058823529406
2025-08-06,281,5,82.08,179.0,96.92,54.14525139664804
2026-02-01,321,6,160.31,104.0,56.31,54.144230769230774
2025-08-22,487,2,300.58,195.0,105.57999999999998,54.143589743589736
2025-09-20,315,3,3.21,7.0,3.79,54.142857142857146
2025-08-12,289,4,21.58,14.0,7.579999999999998,54.142857142857125
2026-03-29,282,3,48.61,106.0,57.39,54.14150943396226
2026-07-23,477,0,80.26,175.0,94.74,54.13714285714285
2026-07-17,346,4,174.17,113.0,61.16999999999999,54.132743362831846
2025-11-03,363,3,232.74,151.0,81.74000000000001,54.13245033112584
2025-12-30,348,5,696.67,452.0,244.66999999999996,54.13053097345132
2025-10-04,334,2,10.55,23.0,12.45,54.130434782608695
2026-07-10,516,7,97.1,63.0,34.099999999999994,54.12698412698413
2025-08-21,343,4,194.2,126.0,68.19999999999999,54.12698412698413
2025-09-05,336,2,39.91,87.0,47.09,54.1264367816092
2026-07-13,477,1,120.65,263.0,142.35,54.1254752851711
2026-03-06,289,2,24.66,16.0,8.66,54.125
2026-02-20,405,1,12.33,8.0,4.33,54.125
2025-09-28,297,2,380.68,247.0,133.68,54.121457489878544
2025-10-20,384,0,671.78,1464.0,792.22,54.11338797814208
2026-06-23,481,0,102.33,223.0,120.67,54.11210762331839
2025-09-22,422,1,173.0,377.0,204.0,54.11140583554377
2026-07-04,340,2,70.89,46.0,24.89,54.10869565217391
2026-05-08,404,0,136.3,297.0,160.7,54.107744107744104
2025-10-25,293,2,695.02,451.0,244.01999999999998,54.10643015521064
2025-11-12,348,4,52.32,114.0,61.68,54.10526315789473
2026-03-26,485,2,39.47,86.0,46.53,54.104651162790695
2026-05-30,274,1,177.22,115.0,62.22,54.10434782608695
2025-12-19,463,1,244.19,532.0,287.81,54.099624060150376
2025-11-24,292,3,124.82,81.0,43.81999999999999,54.09876543209876
2025-08-27,405,1,37.18,81.0,43.82,54.09876543209876
2026-03-15,282,2,57.38,125.0,67.62,54.096
2025-12-18,383,1,16.95,11.0,5.949999999999999,54.090909090909086
2026-07-01,481,1,123.27,80.0,43.269999999999996,54.0875
2025-11-06,341,2,192.6,125.0,67.6,54.08
2026-06-15,495,1,429.88,279.0,150.88,54.07885304659498
2026-06-30,360,2,118.64,77.0,41.64,54.07792207792208
2025-09-28,448,2,18.83,41.0,22.17,54.07317073170732
2025-10-24,438,0,363.61,236.0,127.61000000000001,54.072033898305094
2026-01-19,413,0,258.84,168.0,90.83999999999997,54.07142857142856
2026-03-02,279,4,101.97,222.0,120.03,54.067567567567565
2026-06-12,410,0,42.26,92.0,49.74,54.06521739130435
2026-01-26,351,4,531.52,345.0,186.51999999999998,54.063768115942025
2025-09-30,481,1,78.1,170.0,91.9,54.05882352941177
2026-05-26,441,0,135.57,88.0,47.56999999999999,54.05681818181818
2025-11-05,369,2,318.39,693.0,374.61,54.05627705627706
2026-03-21,404,1,8.27,18.0,9.73,54.05555555555556
2025-08-04,325,1,120.16,78.0,42.16,54.051282051282044
2026-02-15,474,1,220.29,143.0,77.28999999999999,54.04895104895105
2026-02-28,282,0,443.65,288.0,155.64999999999998,54.04513888888888
2026-02-14,348,1,221.05,481.0,259.95,54.04365904365904
2026-05-29,362,1,35.43,23.0,12.43,54.04347826086956
2025-10-26,501,2,640.82,416.0,224.82000000000005,54.04326923076924
2026-04-02,325,3,187.93,122.0,65.93,54.04098360655738
2026-03-27,514,1,422.38,919.0,496.62,54.03917301414582
2026-03-12,346,1,43.13,28.0,15.130000000000003,54.0357142857143
2026-03-04,368,3,432.84,281.0,151.83999999999997,54.03558718861209
2026-07-07,529,1,50.83,33.0,17.83,54.03030303030303
2025-12-25,480,2,61.14,133.0,71.86,54.03007518796993
2026-04-12,282,3,61.6,134.0,72.4,54.02985074626866
2026-04-22,412,0,60.07,39.0,21.07,54.02564102564102
2025-12-15,291,6,124.76,81.0,43.760000000000005,54.024691358024704
2025-08-12,336,1,66.23,43.0,23.230000000000004,54.0232558139535
2025-11-28,446,1,275.7,179.0,96.69999999999999,54.02234636871508
2026-06-18,384,3,21.15,46.0,24.85,54.02173913043479
2025-10-14,486,0,204.15,444.0,239.85,54.02027027027027
2026-07-09,319,2,120.13,78.0,42.129999999999995,54.012820512820504
2026-03-29,422,0,301.86,196.0,105.86000000000001,54.010204081632665
2026-07-21,280,6,150.93,98.0,52.93000000000001,54.010204081632665
2025-11-17,495,0,386.56,251.0,135.56,54.00796812749004
2025-12-25,364,2,527.14,1146.0,618.86,54.00174520069808
2025-11-13,485,2,32.34,21.0,11.340000000000003,54.000000000000014
2026-03-23,338,2,73.92,48.0,25.92,54.0
2026-04-16,348,7,1.54,1.0,0.54,54.0
2026-03-12,516,8,9.24,6.0,3.24,54.0
2026-02-06,424,1,18.86,41.0,22.14,54.0
2026-02-21,509,3,3.68,8.0,4.32,54.0
2025-10-23,451,0,58.52,38.0,20.520000000000003,54.0
2026-07-09,272,4,8.28,18.0,9.72,54.0
2026-06-15,442,2,13.86,9.0,4.859999999999999,53.99999999999999
2026-04-02,334,2,10.78,7.0,3.7799999999999994,53.99999999999999
2026-03-20,420,1,217.13,141.0,76.13,53.99290780141843
2026-06-30,459,2,183.25,119.0,64.25,53.99159663865546
2026-03-05,456,1,141.67,92.0,49.66999999999999,53.989130434782595
2026-03-14,279,2,121.65,79.0,42.650000000000006,53.98734177215191
2025-10-24,308,3,230.98,150.0,80.97999999999999,53.98666666666666
2026-02-09,294,2,266.39,173.0,93.38999999999999,53.98265895953757
2026-03-05,507,4,237.13,154.0,83.13,53.980519480519476
2026-06-30,470,1,608.22,395.0,213.22000000000003,53.979746835443045
2026-02-12,512,2,72.37,47.0,25.370000000000005,53.97872340425533
2025-10-20,370,2,242.09,526.0,283.90999999999997,53.97528517110266
2025-12-04,370,0,1100.92,715.0,385.9200000000001,53.97482517482518
2025-10-31,288,6,71.8,156.0,84.2,53.97435897435897
2026-03-05,490,0,141.76,308.0,166.24,53.97402597402598
2025-12-14,332,7,166.29,108.0,58.28999999999999,53.97222222222221
2025-12-20,362,1,16.11,35.0,18.89,53.97142857142857
2026-03-25,334,3,15.65,34.0,18.35,53.97058823529412
2025-10-03,418,1,86.22,56.0,30.22,53.96428571428571
2026-01-12,406,0,40.03,26.0,14.030000000000001,53.96153846153846
2026-01-05,281,2,266.35,173.0,93.35000000000002,53.95953757225435
2025-11-25,310,0,599.91,1303.0,703.09,53.95932463545664
2025-07-29,467,1,478.81,311.0,167.81,53.958199356913184
2026-03-27,514,0,423.13,919.0,495.87,53.95756256800871
2026-01-18,388,4,397.21,258.0,139.20999999999998,53.95736434108527
2026-05-29,495,1,700.5,455.0,245.5,53.956043956043956
2025-09-24,424,1,41.9,91.0,49.1,53.956043956043956
2025-12-09,355,2,104.69,68.0,36.69,53.955882352941174
2025-10-30,320,5,323.3,210.0,113.30000000000001,53.95238095238096
2025-12-09,339,3,67.23,146.0,78.77,53.95205479452054
2025-10-02,357,0,2784.98,1809.0,975.98,53.95135433941404
2025-08-27,320,7,103.61,225.0,121.39,53.95111111111112
2026-06-12,446,0,301.74,196.0,105.74000000000001,53.948979591836746
2025-10-24,291,2,89.29,58.0,31.290000000000006,53.948275862068975
2025-11-10,291,5,237.08,154.0,83.08000000000001,53.948051948051955
2026-04-19,386,3,43.75,95.0,51.25,53.94736842105263
2025-10-21,279,1,87.04,189.0,101.96,53.94708994708994
2026-04-22,493,1,126.23,82.0,44.230000000000004,53.93902439024391
2025-10-26,345,2,212.43,138.0,74.43,53.934782608695656
2026-04-03,281,1,478.64,1039.0,560.36,53.932627526467755
2026-01-15,423,0,523.37,340.0,183.37,53.932352941176475
2025-09-06,274,7,20.27,44.0,23.73,53.93181818181818
2026-06-21,386,3,44.64,29.0,15.64,53.93103448275862
2026-07-16,361,1,19.35,42.0,22.65,53.92857142857142
2026-02-07,462,0,458.7,298.0,160.7,53.92617449664429
2026-03-04,388,6,18.43,40.0,21.57,53.925
2025-08-07,467,1,731.14,475.0,256.14,53.92421052631578
2026-06-29,292,0,1948.65,1266.0,682.6500000000001,53.921800947867304
2025-11-16,486,0,146.07,317.0,170.93,53.9211356466877
2025-11-29,331,5,70.04,152.0,81.96,53.921052631578945
2026-05-12,411,0,96.97,63.0,33.97,53.92063492063491
2025-10-08,493,1,135.45,88.0,47.44999999999999,53.92045454545453
2026-05-01,320,5,232.41,151.0,81.41,53.913907284768214
2025-09-06,320,4,158.08,343.0,184.92,53.91253644314868
2025-07-25,297,1,315.52,205.0,110.51999999999998,53.912195121951214
2025-11-02,444,1,524.84,341.0,183.84000000000003,53.912023460410566
2026-03-08,348,0,1986.99,1291.0,695.99,53.91092176607282
2026-06-23,473,1,169.61,368.0,198.39,53.910326086956516
2026-07-03,482,0,118.51,77.0,41.510000000000005,53.90909090909092
2025-08-11,480,4,33.86,22.0,11.86,53.90909090909091
2026-02-24,482,2,10.14,22.0,11.86,53.90909090909091
2026-06-28,425,0,1177.4,765.0,412.4000000000001,53.90849673202616
2026-01-17,340,4,35.03,76.0,40.97,53.907894736842096
2025-07-25,274,2,44.71,97.0,52.29,53.90721649484536
2025-09-23,383,1,14.75,32.0,17.25,53.90625
2025-10-27,462,0,338.59,220.0,118.58999999999997,53.90454545454544
2026-05-28,372,0,2350.12,1527.0,823.1199999999999,53.904387688277666
2025-10-25,447,1,543.28,353.0,190.27999999999997,53.90368271954673
2025-10-19,374,3,30.78,20.0,10.780000000000001,53.900000000000006
2026-04-28,288,4,121.58,79.0,42.58,53.89873417721519
2025-12-15,319,9,130.81,85.0,45.81,53.89411764705883
2025-09-24,424,0,41.96,91.0,49.04,53.8901098901099
2026-01-19,406,0,27.7,18.0,9.7,53.888888888888886
2026-06-26,309,2,407.74,884.0,476.26,53.87556561085973
2026-02-06,473,0,172.34,112.0,60.34,53.87500000000001
2025-11-01,461,0,238.5,155.0,83.5,53.87096774193548
2026-06-02,421,0,340.05,221.0,119.05000000000001,53.868778280543
2025-07-26,332,6,222.82,483.0,260.18,53.86749482401656
2026-02-02,308,3,123.09,80.0,43.09,53.862500000000004
2025-12-12,396,3,164.63,107.0,57.629999999999995,53.85981308411214
2026-05-04,372,1,332.33,216.0,116.32999999999998,53.85648148148148
2025-11-10,480,1,126.16,82.0,44.16,53.85365853658536
2025-08-19,281,3,356.94,232.0,124.94,53.85344827586207
2025-08-20,388,4,144.62,94.0,50.620000000000005,53.851063829787236
2025-11-21,392,3,173.85,113.0,60.849999999999994,53.849557522123895
2026-06-26,317,4,114.92,249.0,134.07999999999998,53.847389558232926
2025-10-08,439,0,338.46,220.0,118.45999999999998,53.845454545454544
2026-01-09,420,1,104.31,226.0,121.69,53.84513274336283
2026-01-26,371,0,733.84,477.0,256.84000000000003,53.84486373165619
2025-11-05,383,0,35.08,76.0,40.92,53.842105263157904
2026-06-14,320,4,231.26,501.0,269.74,53.840319361277444
2025-10-27,361,6,219.99,143.0,76.99000000000001,53.83916083916085
2026-07-06,446,0,178.45,116.0,62.44999999999999,53.83620689655172
2026-05-12,305,5,270.75,176.0,94.75,53.83522727272727
2026-01-16,331,3,361.51,235.0,126.50999999999999,53.83404255319149
2026-05-06,516,2,33.24,72.0,38.76,53.833333333333336
2025-10-30,383,2,46.15,30.0,16.15,53.833333333333336
2026-05-31,332,6,615.33,400.0,215.33000000000004,53.8325
2025-08-04,282,4,109.22,71.0,38.22,53.83098591549296
2025-11-28,348,4,54.48,118.0,63.52,53.83050847457628
2026-04-15,289,1,81.53,53.0,28.53,53.83018867924528
2026-02-03,360,2,72.3,47.0,25.299999999999997,53.82978723404255
2025-11-16,345,3,72.3,47.0,25.299999999999997,53.82978723404255
2025-12-14,355,3,226.12,147.0,79.12,53.823129251700685
2025-10-08,439,1,338.41,220.0,118.41000000000003,53.82272727272729
2025-07-29,467,0,478.37,311.0,167.37,53.81672025723473
2026-06-25,309,2,502.98,327.0,175.98000000000002,53.8165137614679
2025-11-10,491,1,326.09,212.0,114.08999999999997,53.816037735849044
2025-10-26,292,4,676.79,440.0,236.78999999999996,53.81590909090909
2026-06-30,470,0,607.57,395.0,212.57000000000005,53.81518987341774
2025-09-28,357,6,779.83,507.0,272.83000000000004,53.812623274161744
2026-01-22,390,0,492.2,320.0,172.2,53.8125
2025-11-23,475,2,66.51,144.0,77.49,53.8125
2026-01-11,420,0,237.87,515.0,277.13,53.81165048543689
2026-02-15,474,0,219.95,143.0,76.94999999999999,53.811188811188806
2026-03-05,495,0,252.25,164.0,88.25,53.8109756097561
2026-01-24,355,1,55.89,121.0,65.11,53.80991735537191
2026-04-16,412,0,64.6,42.0,22.599999999999994,53.809523809523796
2025-08-15,373,5,402.32,871.0,468.68,53.80941446613089
2026-03-27,289,2,39.99,26.0,13.990000000000002,53.807692307692314
2026-01-19,411,0,190.72,124.0,66.72,53.80645161290323
2025-07-31,485,2,16.63,36.0,19.37,53.805555555555564
2026-03-18,423,0,521.4,339.0,182.39999999999998,53.805309734513266
2026-04-12,519,1,145.52,315.0,169.48,53.8031746031746
2026-01-01,289,5,218.4,142.0,76.4,53.802816901408455
2026-05-23,336,7,37.42,81.0,43.58,53.80246913580247
2026-06-23,473,0,170.01,368.0,197.99,53.80163043478261
2026-07-23,277,2,2.31,5.0,2.69,53.800000000000004
2025-10-02,487,2,320.65,694.0,373.35,53.79682997118156
2026-06-01,346,1,67.67,44.0,23.67,53.79545454545455
2026-04-22,412,1,59.98,39.0,20.979999999999997,53.79487179487179
2025-10-05,291,6,366.03,238.0,128.02999999999997,53.79411764705881
2025-08-29,400,2,44.6,29.0,15.600000000000001,53.79310344827587
2025-11-06,305,5,407.55,265.0,142.55,53.79245283018869
2025-10-05,463,1,516.74,336.0,180.74,53.79166666666667
2026-03-24,345,3,42.05,91.0,48.95,53.79120879120879
2026-05-30,391,2,333.72,217.0,116.72000000000003,53.788018433179744
2025-11-08,415,1,252.21,164.0,88.21000000000001,53.78658536585367
2026-04-28,511,1,209.81,454.0,244.19,53.7863436123348
2026-01-26,364,2,360.02,779.0,418.98,53.78433889602054
2026-03-19,385,4,176.09,381.0,204.91,53.78215223097113
2025-09-01,374,1,98.42,64.0,34.42,53.78125
2026-01-15,484,0,273.73,178.0,95.73000000000002,53.78089887640451
2026-02-13,372,4,65.17,141.0,75.83,53.78014184397163
2026-06-20,404,0,312.91,677.0,364.09,53.779911373707534
2026-02-21,362,0,362.92,236.0,126.92000000000002,53.779661016949156
2025-09-24,456,1,56.39,122.0,65.61,53.778688524590166
2025-10-05,319,4,13.84,9.0,4.84,53.77777777777778
2026-05-13,522,0,8.32,18.0,9.68,53.77777777777778
2026-03-24,282,4,69.2,45.0,24.200000000000003,53.77777777777778
2026-04-22,319,4,8.32,18.0,9.68,53.77777777777778
2026-02-28,362,3,252.19,164.0,88.19,53.77439024390244
2026-06-13,404,1,10.17,22.0,11.83,53.77272727272727
2025-10-30,276,0,222.97,145.0,77.97,53.772413793103446
2026-02-05,345,3,53.82,35.0,18.82,53.77142857142857
2026-03-27,388,7,78.42,51.0,27.42,53.76470588235295
2026-05-21,424,0,7.86,17.0,9.14,53.76470588235295
2026-02-06,459,1,7.86,17.0,9.14,53.76470588235295
2025-08-15,472,0,1285.89,2781.0,1495.11,53.761596548004306
2026-03-04,307,0,934.87,608.0,326.87,53.76151315789473
2026-03-04,279,3,109.17,71.0,38.17,53.76056338028169
2025-08-30,348,6,378.25,246.0,132.25,53.760162601626014
2025-09-05,348,1,113.29,245.0,131.70999999999998,53.75918367346938
2026-05-24,522,0,78.61,170.0,91.39,53.75882352941177
2026-02-23,388,2,44.59,29.0,15.590000000000003,53.75862068965518
2026-01-15,396,0,571.98,372.0,199.98000000000002,53.75806451612903
2025-11-16,486,1,146.59,317.0,170.41,53.7570977917981
2025-10-26,433,0,794.91,517.0,277.90999999999997,53.75435203094777
2026-01-06,465,1,218.33,142.0,76.33000000000001,53.753521126760575
2025-10-30,276,1,222.94,145.0,77.94,53.751724137931035
2026-02-11,509,3,6.15,4.0,2.1500000000000004,53.75000000000001
2026-05-01,374,2,18.45,12.0,6.449999999999999,53.75
2026-04-28,511,0,209.99,454.0,244.01,53.746696035242294
2025-08-13,280,6,1133.11,737.0,396.1099999999999,53.7462686567164
2026-03-04,392,3,55.97,121.0,65.03,53.743801652892564
2025-08-14,498,1,136.83,89.0,47.83000000000001,53.74157303370788
2026-06-10,418,1,31.92,69.0,37.08,53.73913043478261
2025-10-22,354,3,784.06,510.0,274.05999999999995,53.737254901960775
2026-03-21,314,1,868.61,565.0,303.61,53.736283185840705
2026-06-29,324,1,219.84,143.0,76.84,53.73426573426574
2026-04-04,400,2,69.18,45.0,24.180000000000007,53.73333333333334
2025-09-24,456,0,56.45,122.0,65.55,53.72950819672131
2026-01-01,447,0,428.89,279.0,149.89,53.724014336917556
2025-11-06,468,0,144.5,94.0,50.5,53.72340425531915
2025-09-12,485,2,30.08,65.0,34.92,53.72307692307693
2025-11-18,319,7,11.57,25.0,13.43,53.72
2025-12-26,488,1,556.45,362.0,194.45000000000005,53.71546961325968
2026-07-13,374,3,10.76,7.0,3.76,53.714285714285715
2025-10-02,502,1,1704.68,1109.0,595.6800000000001,53.71325518485123
2026-02-03,386,3,24.07,52.0,27.93,53.71153846153847
2026-03-19,308,3,87.49,189.0,101.51,53.70899470899471
2026-01-17,288,4,195.21,127.0,68.21000000000001,53.708661417322844
2026-02-06,424,0,18.98,41.0,22.02,53.707317073170735
2026-07-04,537,1,28.24,61.0,32.760000000000005,53.7049180327869
2026-03-07,282,3,29.63,64.0,34.370000000000005,53.70312500000001
2025-12-01,398,1,56.87,37.0,19.869999999999997,53.702702702702695
2026-01-15,484,1,273.59,178.0,95.58999999999997,53.702247191011224
2025-09-27,405,1,41.67,90.0,48.33,53.7
2026-03-27,510,2,256.54,554.0,297.46,53.69314079422382
2026-01-02,335,1,155.23,101.0,54.22999999999999,53.69306930693069
2025-10-23,409,1,219.78,143.0,76.78,53.69230769230769
2026-05-24,516,5,18.06,39.0,20.94,53.69230769230769
2026-03-19,364,1,203.78,440.0,236.22,53.68636363636363
2025-07-25,470,1,450.3,293.0,157.3,53.68600682593857
2026-06-01,372,1,493.33,321.0,172.32999999999998,53.68535825545171
2025-10-31,427,2,29.2,19.0,10.2,53.68421052631579
2025-08-09,431,1,267.41,174.0,93.41000000000003,53.68390804597703
2026-06-12,446,1,301.22,196.0,105.22000000000003,53.68367346938777
2025-11-05,361,3,248.26,536.0,287.74,53.68283582089553
2025-08-20,279,3,164.44,107.0,57.44,53.6822429906542
2025-08-02,319,7,20.38,44.0,23.62,53.68181818181819
2026-04-18,339,5,153.68,100.0,53.68000000000001,53.68000000000001
2026-05-14,523,0,38.42,25.0,13.420000000000002,53.68000000000001
2025-12-01,390,0,408.78,266.0,142.77999999999997,53.6766917293233
2026-01-19,411,1,190.55,124.0,66.55000000000001,53.66935483870968
2026-04-02,308,6,106.03,69.0,37.03,53.66666666666667
2026-07-10,534,5,9.22,6.0,3.2200000000000006,53.66666666666667
2026-03-07,509,3,9.22,6.0,3.2200000000000006,53.66666666666667
2026-05-29,487,1,262.77,171.0,91.76999999999998,53.66666666666665
2025-08-21,449,1,105.18,227.0,121.82,53.665198237885456
2026-04-03,363,1,105.18,227.0,121.82,53.665198237885456
2025-12-01,390,1,408.73,266.0,142.73000000000002,53.65789473684212
2026-01-03,463,1,516.29,336.0,180.28999999999996,53.65773809523808
2025-09-18,318,2,112.17,73.0,39.17,53.657534246575345
2025-10-03,386,2,44.56,29.0,15.560000000000002,53.6551724137931
2026-01-17,282,5,133.68,87.0,46.68000000000001,53.6551724137931
2026-07-02,461,0,145.97,95.0,50.97,53.652631578947364
2026-05-10,357,5,106.6,230.0,123.4,53.65217391304348
2025-08-28,344,2,233.55,152.0,81.55000000000001,53.6513157894737
2025-09-22,317,2,76.48,165.0,88.52,53.64848484848485
2026-02-09,291,4,78.36,51.0,27.36,53.64705882352941
2026-01-27,364,3,480.91,313.0,167.91000000000003,53.64536741214059
2026-01-03,451,1,181.3,118.0,63.30000000000001,53.64406779661019
2025-09-05,396,0,722.24,1558.0,835.76,53.643132220795884
2025-08-28,272,2,64.53,42.0,22.53,53.642857142857146
2026-04-24,302,2,145.58,314.0,168.42,53.636942675159226
2026-01-18,382,0,1708.43,1112.0,596.4300000000001,53.63579136690648
2025-10-20,387,1,290.24,626.0,335.76,53.635782747603834
2026-05-29,470,1,1009.38,657.0,352.38,53.63470319634703
2026-02-20,289,0,276.54,180.0,96.54000000000002,53.63333333333335
2025-11-05,351,3,101.08,218.0,116.92,53.633027522935784
2025-11-08,427,2,55.18,119.0,63.82,53.63025210084034
2026-07-14,470,1,543.85,354.0,189.85000000000002,53.62994350282486
2026-07-17,361,5,42.2,91.0,48.8,53.62637362637363
2026-07-03,320,9,353.34,230.0,123.33999999999997,53.626086956521725
2025-09-17,282,5,64.46,139.0,74.54,53.62589928057554
2026-07-01,427,2,73.74,48.0,25.739999999999995,53.624999999999986
2025-11-06,355,7,930.96,606.0,324.96000000000004,53.62376237623763
2026-06-11,370,2,221.21,144.0,77.21000000000001,53.618055555555564
2026-01-08,382,0,566.84,369.0,197.84000000000003,53.615176151761524
2026-05-26,441,1,135.18,88.0,47.18000000000001,53.613636363636374
2026-05-22,319,6,141.32,92.0,49.31999999999999,53.60869565217391
2026-01-27,416,1,225.8,147.0,78.80000000000001,53.60544217687075
2026-04-07,374,2,7.68,5.0,2.6799999999999997,53.599999999999994
2025-12-10,303,2,23.04,15.0,8.04,53.599999999999994
2026-07-03,482,1,92.16,60.0,32.16,53.599999999999994
2026-07-01,344,3,514.56,335.0,179.55999999999995,53.59999999999998
2026-05-01,308,4,149.43,322.0,172.57,53.59316770186335
2026-04-12,321,6,158.2,103.0,55.19999999999999,53.59223300970872
2026-01-16,291,5,394.73,257.0,137.73000000000002,53.59143968871596
2026-04-16,409,2,20.42,44.0,23.58,53.590909090909086
2025-08-13,340,3,577.5,376.0,201.5,53.590425531914896
2026-05-01,427,2,65.44,141.0,75.56,53.5886524822695
2026-06-29,391,3,182.77,119.0,63.77000000000001,53.58823529411766
2026-05-20,505,3,26.11,17.0,9.11,53.588235294117645
2026-05-29,453,0,867.77,565.0,302.77,53.587610619469025
2026-04-16,416,0,251.88,164.0,87.88,53.58536585365853
2026-01-22,425,1,58.36,38.0,20.36,53.57894736842105
2026-01-28,361,4,69.11,45.0,24.11,53.57777777777778
2026-04-15,356,3,218.08,142.0,76.08000000000001,53.5774647887324
2025-09-30,445,1,88.67,191.0,102.33,53.575916230366495
2026-05-01,389,1,195.45,421.0,225.55,53.57482185273159
2025-11-05,332,5,130.92,282.0,151.08,53.57446808510639
2025-08-04,296,2,3.25,7.0,3.75,53.57142857142857
2025-08-16,363,4,658.82,429.0,229.82000000000005,53.57109557109558
2026-01-13,315,0,460.71,300.0,160.70999999999998,53.56999999999999
2026-06-06,405,1,66.86,144.0,77.14,53.56944444444445
2026-03-04,480,2,69.66,150.0,80.34,53.56000000000001
2026-03-16,345,3,40.87,88.0,47.13,53.55681818181819
2025-10-20,387,0,290.75,626.0,335.25,53.55431309904153
2026-02-06,510,2,495.98,323.0,172.98000000000002,53.55417956656348
2025-08-28,454,1,631.1,411.0,220.10000000000002,53.552311435523116
2025-08-16,364,1,712.48,464.0,248.48000000000002,53.55172413793103
2025-09-12,490,1,311.71,203.0,108.70999999999998,53.551724137931025
2026-03-04,360,2,30.71,20.0,10.71,53.55000000000001
2026-04-29,451,1,52.49,113.0,60.51,53.54867256637168
2025-08-20,272,1,47.6,31.0,16.6,53.5483870967742
2026-07-08,320,9,149.11,321.0,171.89,53.54828660436136
2026-03-06,447,0,182.72,119.0,63.72,53.54621848739496
2026-04-10,281,1,439.14,286.0,153.14,53.54545454545454
2025-12-24,492,1,290.2,189.0,101.19999999999999,53.54497354497354
2025-08-29,274,5,70.63,46.0,24.629999999999995,53.54347826086956
2026-04-15,388,3,73.7,48.0,25.700000000000003,53.54166666666668
2026-04-14,516,10,55.75,120.0,64.25,53.541666666666664
2025-11-21,444,1,39.49,85.0,45.51,53.54117647058823
2026-07-13,325,1,99.8,65.0,34.8,53.53846153846153
2025-12-16,494,0,188.85,123.0,65.85,53.536585365853654
2026-06-28,527,1,115.15,75.0,40.150000000000006,53.533333333333346
2026-06-22,386,3,23.03,15.0,8.030000000000001,53.533333333333346
2025-11-01,336,7,48.79,105.0,56.21,53.53333333333333
2026-04-25,282,1,199.59,130.0,69.59,53.53076923076924
2025-08-31,318,1,503.58,328.0,175.57999999999998,53.53048780487805
2026-02-07,509,5,130.5,85.0,45.5,53.529411764705884
2025-08-16,479,1,508.18,331.0,177.18,53.52870090634442
2025-09-22,422,0,175.2,377.0,201.8,53.52785145888595
2026-07-01,510,1,254.85,166.0,88.85,53.524096385542165
2025-08-23,320,5,290.16,189.0,101.16000000000003,53.52380952380954
2025-08-07,484,1,193.44,126.0,67.44,53.52380952380952
2025-10-21,458,1,177.54,382.0,204.46,53.52356020942408
2026-03-01,448,2,10.69,23.0,12.31,53.52173913043479
2026-04-09,319,5,38.38,25.0,13.380000000000003,53.52000000000001
2026-01-17,351,3,288.61,188.0,100.61000000000001,53.515957446808514
2026-04-12,519,0,146.43,315.0,168.57,53.51428571428571
2026-04-26,361,4,107.46,70.0,37.459999999999994,53.514285714285705
2025-10-13,502,0,353.08,230.0,123.07999999999998,53.513043478260855
2026-05-25,372,2,448.6,965.0,516.4,53.512953367875646
2025-10-19,327,1,650.89,424.0,226.89,53.511792452830186
2026-04-09,292,4,171.93,112.0,59.93000000000001,53.508928571428584
2026-02-07,480,3,331.57,216.0,115.57,53.50462962962963
2026-07-06,385,6,385.29,251.0,134.29000000000002,53.50199203187251
2025-09-01,482,0,67.54,44.0,23.540000000000006,53.500000000000014
2025-09-22,290,2,51.15,110.0,58.85,53.5
2026-05-07,384,1,52.19,34.0,18.189999999999998,53.49999999999999
2026-02-07,277,2,0.93,2.0,1.0699999999999998,53.49999999999999
2025-11-06,468,1,144.29,94.0,50.28999999999999,53.49999999999999
2026-03-16,348,7,0.93,2.0,1.0699999999999998,53.49999999999999
2025-10-24,438,1,362.24,236.0,126.24000000000001,53.49152542372882
2026-04-28,398,1,46.51,100.0,53.49,53.49
2026-04-01,318,3,43.72,94.0,50.28,53.48936170212766
2025-12-09,418,2,107.44,70.0,37.44,53.48571428571428
2026-03-20,512,0,500.36,326.0,174.36,53.48466257668713
2025-10-08,383,0,145.81,95.0,50.81,53.48421052631579
2026-05-19,463,2,107.46,231.0,123.54,53.48051948051948
2026-04-30,333,2,138.63,298.0,159.37,53.47986577181209
2026-04-29,451,0,52.57,113.0,60.43,53.477876106194685
2025-12-25,279,1,185.16,398.0,212.84,53.47738693467336
2026-02-28,510,2,406.71,265.0,141.70999999999998,53.475471698113196
2026-06-17,282,4,119.71,78.0,41.709999999999994,53.47435897435897
2025-10-26,433,1,793.44,517.0,276.44000000000005,53.47001934235978
2025-10-26,308,7,372.93,243.0,129.93,53.46913580246914
2026-05-11,424,0,49.11,32.0,17.11,53.46875
2025-10-21,380,0,406.22,873.0,466.78,53.46849942726231
2026-03-07,509,2,121.24,79.0,42.239999999999995,53.46835443037974
2026-01-24,283,2,400.55,261.0,139.55,53.46743295019157
2025-11-17,495,1,385.2,251.0,134.2,53.46613545816733
2026-04-15,319,5,42.97,28.0,14.969999999999999,53.46428571428571
2026-06-30,446,0,308.46,201.0,107.45999999999998,53.46268656716416
2025-08-30,282,1,222.52,145.0,77.52000000000001,53.462068965517254
2026-02-24,509,1,6.05,13.0,6.95,53.46153846153846
2026-07-01,305,5,504.88,329.0,175.88,53.45896656534954
2026-02-24,319,4,5.12,11.0,5.88,53.45454545454545
2025-09-05,362,1,14.43,31.0,16.57,53.45161290322581
2025-10-05,486,1,219.25,471.0,251.75,53.45010615711253
2026-04-06,319,2,58.31,38.0,20.310000000000002,53.44736842105263
2025-11-16,485,2,85.2,183.0,97.8,53.442622950819676
2025-11-23,482,2,28.4,61.0,32.6,53.442622950819676
2026-03-01,419,2,35.29,23.0,12.29,53.434782608695656
2026-05-13,487,0,498.66,325.0,173.66000000000003,53.43384615384616
2026-06-01,403,2,41.91,90.0,48.09,53.43333333333333
2026-04-20,488,1,191.79,125.0,66.78999999999999,53.43199999999999
2025-08-29,319,9,78.25,51.0,27.25,53.431372549019606
2026-04-09,405,2,10.74,7.0,3.74,53.42857142857144
2025-10-26,320,5,670.47,437.0,233.47000000000003,53.42562929061786
2026-03-04,370,0,868.37,566.0,302.37,53.42226148409894
2025-11-05,274,2,42.86,92.0,49.14,53.41304347826087
2025-12-03,506,0,74.54,160.0,85.46,53.412499999999994
2026-05-23,482,2,15.84,34.0,18.16,53.41176470588236
2026-05-16,523,0,59.83,39.0,20.83,53.41025641025641
2025-11-14,485,2,30.75,66.0,35.25,53.40909090909091
2026-07-18,318,2,158.01,103.0,55.00999999999999,53.40776699029125
2026-04-03,380,1,130.0,279.0,149.0,53.40501792114696
2026-05-01,389,0,196.2,421.0,224.8,53.396674584323044
2025-08-08,398,3,168.71,362.0,193.29,53.395027624309385
2026-02-20,303,2,17.71,38.0,20.29,53.39473684210526
2026-03-18,423,1,520.0,339.0,181.0,53.392330383480825
2026-02-17,338,2,55.22,36.0,19.22,53.388888888888886
2026-06-06,473,1,260.76,170.0,90.75999999999999,53.388235294117635
2026-06-09,336,6,130.38,85.0,45.379999999999995,53.388235294117635
2025-10-26,388,4,337.45,220.0,117.44999999999999,53.38636363636363
2025-07-29,425,1,79.71,171.0,91.29,53.385964912280706
2026-07-18,445,0,71.32,153.0,81.68,53.38562091503268
2026-03-05,334,0,539.38,1157.0,617.62,53.381158167675025
2025-10-22,336,2,32.21,21.0,11.21,53.38095238095239
2026-01-28,489,1,96.63,63.0,33.629999999999995,53.38095238095237
2026-01-16,345,1,1075.19,701.0,374.19000000000005,53.379457917261064
2025-08-18,388,6,44.48,29.0,15.479999999999997,53.37931034482758
2026-01-23,320,5,186.02,399.0,212.98,53.37844611528821
2025-08-21,302,2,414.12,270.0,144.12,53.37777777777778
2025-12-06,320,4,199.38,130.0,69.38,53.36923076923077
2026-05-11,418,2,128.83,84.0,44.83000000000001,53.369047619047635
2026-03-05,448,1,71.35,153.0,81.65,53.36601307189542
2026-06-30,343,1,440.16,287.0,153.16000000000003,53.3658536585366
2025-08-18,495,0,340.47,222.0,118.47000000000003,53.36486486486488
2026-03-23,463,1,151.83,99.0,52.83000000000001,53.36363636363638
2026-06-29,363,3,361.93,236.0,125.93,53.360169491525426
2026-04-02,346,1,38.34,25.0,13.340000000000003,53.36000000000002
2025-12-06,482,2,11.66,25.0,13.34,53.36
2026-05-14,380,2,251.51,164.0,87.50999999999999,53.359756097560975
2026-02-09,463,2,199.36,130.0,69.36000000000001,53.35384615384616
2026-04-30,320,8,151.82,99.0,52.81999999999999,53.35353535353534
2025-11-29,318,1,504.53,329.0,175.52999999999997,53.35258358662613
2026-03-27,380,2,283.7,185.0,98.69999999999999,53.35135135135135
2025-10-21,305,3,118.49,254.0,135.51,53.3503937007874
2026-06-29,477,1,302.1,197.0,105.10000000000002,53.350253807106604
2026-01-09,420,0,105.43,226.0,120.57,53.34955752212389
2026-05-29,308,3,127.28,83.0,44.28,53.34939759036145
2026-02-06,473,1,171.75,112.0,59.75,53.34821428571429
2026-02-15,445,1,159.48,104.0,55.47999999999999,53.34615384615383
2025-10-06,502,1,489.16,319.0,170.16000000000003,53.34169278996866
2026-06-18,427,2,38.26,82.0,43.74,53.34146341463415
2025-12-22,339,5,148.74,97.0,51.74000000000001,53.34020618556702
2026-06-13,428,0,85.87,56.0,29.870000000000005,53.33928571428572
2025-11-06,277,2,1.4,3.0,1.6,53.333333333333336
2026-04-07,459,1,4.6,3.0,1.5999999999999996,53.33333333333332
2026-06-23,477,1,174.55,374.0,199.45,53.328877005347586
2025-12-26,325,3,406.32,265.0,141.32,53.32830188679245
2026-05-25,523,1,24.27,52.0,27.73,53.32692307692308
2025-09-07,487,2,673.1,439.0,234.10000000000002,53.32574031890661
2026-07-04,503,1,153.32,100.0,53.31999999999999,53.31999999999999
2025-12-14,418,1,182.45,119.0,63.44999999999999,53.31932773109243
2025-10-11,383,2,107.84,231.0,123.16,53.316017316017316
2025-08-14,403,3,174.78,114.0,60.78,53.31578947368422
2025-08-20,353,1,127.25,83.0,44.25,53.31325301204819
2025-07-25,319,4,7.47,16.0,8.530000000000001,53.31250000000001
2025-11-28,315,0,648.05,1388.0,739.95,53.31051873198847
2025-12-25,320,7,578.95,1240.0,661.05,53.31048387096774
2026-06-29,337,1,630.1,411.0,219.10000000000002,53.30900243309002
2025-10-05,486,0,219.93,471.0,251.07,53.30573248407643
2026-01-24,505,2,50.43,108.0,57.57,53.30555555555555
2026-06-13,428,1,85.85,56.0,29.849999999999994,53.303571428571416
2025-12-28,282,3,142.44,305.0,162.56,53.29836065573771
2026-05-25,372,3,247.99,531.0,283.01,53.29755178907721
2026-02-02,465,0,171.69,112.0,59.69,53.29464285714286
2025-08-09,431,0,266.73,174.0,92.73000000000002,53.29310344827587
2025-08-31,415,0,243.83,522.0,278.16999999999996,53.28927203065133
2025-10-12,419,2,69.6,149.0,79.4,53.28859060402685
2025-10-21,315,0,359.68,770.0,410.32,53.28831168831169
2026-06-29,314,2,645.34,421.0,224.34000000000003,53.28741092636581
2026-02-25,334,2,10.73,7.0,3.7300000000000004,53.28571428571429
2026-01-18,282,5,180.32,386.0,205.68,53.284974093264246
2026-02-16,320,8,113.43,74.0,39.43000000000001,53.28378378378379
2026-06-16,320,5,185.47,121.0,64.47,53.280991735537185
2026-05-01,508,0,65.91,43.0,22.909999999999997,53.279069767441854
2025-12-15,336,6,131.82,86.0,45.81999999999999,53.279069767441854
2026-01-18,329,1,116.49,76.0,40.489999999999995,53.276315789473685
2026-07-16,320,3,122.62,80.0,42.620000000000005,53.275000000000006
2025-12-03,364,2,162.47,106.0,56.47,53.27358490566038
2026-03-19,385,5,334.58,716.0,381.42,53.27094972067039
2025-12-24,492,0,289.68,189.0,100.68,53.26984126984128
2026-06-22,319,3,85.83,56.0,29.83,53.267857142857146
2026-01-18,431,1,393.89,257.0,136.89,53.264591439688715
2025-08-14,388,1,211.5,138.0,73.5,53.2608695652174
2025-10-21,355,1,21.5,46.0,24.5,53.2608695652174
2026-01-02,321,2,614.57,401.0,213.57000000000005,53.25935162094765
2026-03-15,386,3,41.38,27.0,14.380000000000003,53.259259259259274
2026-04-18,405,1,13.09,28.0,14.91,53.25
2025-10-27,482,1,85.82,56.0,29.819999999999993,53.249999999999986
2025-10-14,366,3,465.65,996.0,530.35,53.247991967871485
2026-07-07,296,1,378.52,247.0,131.51999999999998,53.246963562753024
2025-08-15,302,1,574.16,1228.0,653.84,53.244299674267104
2025-12-03,506,1,74.81,160.0,85.19,53.24375
2025-11-27,289,1,102.67,67.0,35.67,53.23880597014926
2026-03-24,309,2,121.58,260.0,138.42000000000002,53.23846153846154
2025-11-06,346,2,494.96,323.0,171.95999999999998,53.23839009287925
2026-04-06,305,3,160.9,105.0,55.900000000000006,53.23809523809524
2026-01-03,451,0,180.82,118.0,62.81999999999999,53.23728813559322
2025-12-04,413,2,142.51,93.0,49.50999999999999,53.23655913978493
2026-01-16,400,3,26.05,17.0,9.05,53.23529411764706
2025-12-15,470,0,234.45,153.0,81.44999999999999,53.235294117647044
2025-12-12,444,1,161.34,345.0,183.66,53.23478260869565
2026-02-14,348,5,425.1,909.0,483.9,53.23432343234323
2025-08-18,425,1,85.81,56.0,29.810000000000002,53.23214285714286
2026-04-10,472,0,164.16,351.0,186.84,53.23076923076924
2026-02-04,336,7,52.85,113.0,60.15,53.230088495575224
2026-02-21,372,0,1002.12,654.0,348.12,53.22935779816513
2026-07-13,382,1,289.6,189.0,100.60000000000002,53.227513227513235
2025-10-02,412,1,137.05,293.0,155.95,53.22525597269624
2026-05-16,396,2,103.38,221.0,117.62,53.22171945701357
2026-07-18,521,1,40.23,86.0,45.77,53.22093023255814
2025-10-04,294,2,687.96,449.0,238.96000000000004,53.22048997772829
2025-11-08,388,2,66.43,142.0,75.57,53.21830985915492
2026-04-14,361,3,276.96,592.0,315.04,53.21621621621622
2025-12-28,451,1,248.21,162.0,86.21000000000001,53.21604938271606
2025-08-01,391,3,175.44,375.0,199.56,53.215999999999994
2025-08-27,452,1,73.92,158.0,84.08,53.21518987341772
2025-12-22,391,3,206.84,135.0,71.84,53.214814814814815
2026-01-14,282,0,542.37,354.0,188.37,53.21186440677966
2026-01-03,308,2,289.55,189.0,100.55000000000001,53.2010582010582
2025-09-29,331,5,38.3,25.0,13.299999999999997,53.19999999999999
2025-12-13,507,2,82.84,177.0,94.16,53.19774011299435
2025-10-21,458,0,178.8,382.0,203.2,53.193717277486904
2026-07-03,337,2,286.47,187.0,99.47000000000003,53.192513368983974
2026-06-21,475,2,114.68,245.0,130.32,53.19183673469388
2026-03-06,485,2,41.66,89.0,47.34,53.19101123595505
2025-07-25,470,0,448.84,293.0,155.83999999999997,53.1877133105802
2026-07-20,337,5,148.59,97.0,51.59,53.185567010309285
2026-06-23,477,0,175.09,374.0,198.91,53.18449197860963
2025-09-22,358,1,295.64,193.0,102.63999999999999,53.181347150259064
2026-03-19,291,6,72.57,155.0,82.43,53.18064516129033
2026-04-09,435,0,179.22,117.0,62.22,53.17948717948718
2026-06-18,482,0,130.2,85.0,45.19999999999999,53.17647058823528
2025-10-27,480,0,542.21,354.0,188.21000000000004,53.16666666666667
2026-06-29,480,0,928.19,606.0,322.19000000000005,53.16666666666667
2026-03-04,374,2,2.81,6.0,3.19,53.166666666666664
2026-07-06,361,4,9.19,6.0,3.1899999999999995,53.166666666666664
2025-09-13,411,0,116.62,249.0,132.38,53.164658634538156
2026-02-07,344,1,223.62,146.0,77.62,53.16438356164384
2025-10-04,501,1,74.47,159.0,84.53,53.16352201257861
2026-01-02,409,1,170.01,111.0,59.00999999999999,53.162162162162154
2026-01-30,345,3,43.56,93.0,49.44,53.16129032258065
2025-11-06,450,0,317.04,207.0,110.04000000000002,53.159420289855085
2025-08-28,461,1,52.93,113.0,60.07,53.15929203539823
2025-07-30,487,2,61.83,132.0,70.17,53.159090909090914
2026-01-21,510,6,411.74,879.0,467.26,53.15813424345848
2025-09-06,374,2,8.9,19.0,10.1,53.1578947368421
2026-03-26,512,2,107.21,70.0,37.209999999999994,53.157142857142844
2026-02-15,281,2,430.36,281.0,149.36,53.153024911032034
2025-08-19,412,1,27.64,59.0,31.36,53.15254237288135
2026-03-04,293,2,203.69,133.0,70.69,53.150375939849624
2026-01-16,410,0,41.35,27.0,14.350000000000001,53.14814814814815
2026-07-22,396,1,192.1,410.0,217.9,53.146341463414636
2025-10-11,419,4,58.57,125.0,66.43,53.144000000000005
2026-04-07,357,5,64.32,42.0,22.319999999999993,53.142857142857125
2026-05-30,472,1,388.98,254.0,134.98000000000002,53.14173228346457
2026-01-16,418,0,174.58,114.0,60.58000000000001,53.140350877193
2025-10-11,361,1,43.58,93.0,49.42,53.13978494623656
2025-08-26,387,1,274.12,179.0,95.12,53.13966480446928
2025-10-21,330,0,874.44,1866.0,991.56,53.138263665594856
2026-03-23,385,1,295.55,193.0,102.55000000000001,53.13471502590674
2025-10-21,318,5,244.18,521.0,276.82,53.132437619961614
2026-06-03,386,2,35.62,76.0,40.38,53.13157894736843
2025-09-26,384,1,28.59,61.0,32.41,53.131147540983605
2025-10-01,364,2,176.1,115.0,61.099999999999994,53.130434782608695
2026-04-14,386,2,43.59,93.0,49.41,53.12903225806451
2026-04-29,419,2,14.53,31.0,16.47,53.12903225806451
2026-06-29,331,0,2367.32,1546.0,821.3200000000002,53.12548512289781
2026-05-22,479,2,7.5,16.0,8.5,53.125
2025-12-12,374,2,7.5,16.0,8.5,53.125
2025-08-28,461,0,52.97,113.0,60.03,53.12389380530974
2025-11-16,383,2,52.97,113.0,60.03,53.12389380530974
2026-03-19,331,5,45.47,97.0,51.53,53.12371134020619
2025-12-23,398,2,22.97,49.0,26.03,53.12244897959184
2025-09-05,288,4,84.85,181.0,96.15,53.12154696132597
2025-08-16,479,0,506.83,331.0,175.82999999999998,53.12084592145014
2026-02-23,405,2,7.97,17.0,9.030000000000001,53.117647058823536
2026-06-08,291,2,91.87,60.0,31.870000000000005,53.11666666666668
2025-09-13,320,4,186.8,122.0,64.80000000000001,53.11475409836066
2025-09-02,494,1,53.45,114.0,60.55,53.114035087719294
2026-04-16,416,1,251.1,164.0,87.1,53.10975609756097
2025-11-10,491,0,324.59,212.0,112.58999999999997,53.10849056603772
2026-06-23,447,1,242.92,518.0,275.08000000000004,53.104247104247115
2025-09-20,398,1,67.53,144.0,76.47,53.104166666666664
2026-04-03,512,2,86.76,185.0,98.24,53.1027027027027
2026-06-29,459,1,30.62,20.0,10.620000000000001,53.1
2026-02-24,306,0,110.23,72.0,38.230000000000004,53.09722222222223
2026-04-07,362,0,127.07,83.0,44.06999999999999,53.09638554216867
2026-06-14,362,1,19.7,42.0,22.3,53.095238095238095
2025-09-06,328,1,930.8,608.0,322.79999999999995,53.09210526315788
2025-09-05,289,2,20.64,44.0,23.36,53.090909090909086
2026-04-26,387,0,681.25,445.0,236.25,53.08988764044944
2025-10-07,501,1,110.71,236.0,125.29,53.08898305084746
2026-05-28,469,1,66.15,141.0,74.85,53.08510638297872
2026-05-31,334,2,18.37,12.0,6.370000000000001,53.083333333333336
2026-04-26,513,0,583.24,381.0,202.24,53.08136482939633
2026-04-01,365,2,791.43,517.0,274.42999999999995,53.081237911025134
2025-12-15,470,1,234.21,153.0,81.21000000000001,53.078431372549026
2026-07-18,445,1,71.79,153.0,81.21,53.07843137254902
2026-05-25,523,0,24.4,52.0,27.6,53.07692307692308
2025-10-24,308,4,812.81,531.0,281.80999999999995,53.07156308851223
2025-10-22,288,6,6.57,14.0,7.43,53.07142857142857
2025-08-13,321,3,226.54,148.0,78.53999999999999,53.067567567567565
2026-03-05,461,1,42.24,90.0,47.76,53.06666666666666
2026-01-19,400,2,68.88,45.0,23.879999999999995,53.06666666666666
2025-12-11,318,3,35.2,75.0,39.8,53.06666666666666
2026-04-26,409,2,57.26,122.0,64.74000000000001,53.06557377049182
2025-10-02,412,0,137.53,293.0,155.47,53.06143344709897
2025-11-28,444,1,75.0,49.0,26.0,53.06122448979592
2026-02-06,480,2,54.45,116.0,61.55,53.060344827586206
2025-11-26,291,5,280.1,183.0,97.10000000000002,53.06010928961749
2025-08-23,480,4,23.94,51.0,27.06,53.05882352941176
2025-08-07,405,0,80.27,171.0,90.73,53.05847953216375
2026-01-16,340,3,782.12,511.0,271.12,53.05675146771037
2026-06-23,447,0,243.17,518.0,274.83000000000004,53.05598455598456
2026-04-08,362,1,17.37,37.0,19.63,53.054054054054056
2026-07-13,477,0,123.47,263.0,139.53,53.0532319391635
2025-10-07,334,2,8.92,19.0,10.08,53.05263157894737
2025-11-06,297,2,59.69,39.0,20.689999999999998,53.051282051282044
2025-09-12,320,5,151.52,99.0,52.52000000000001,53.05050505050506
2026-01-27,297,0,399.46,261.0,138.45999999999998,53.04980842911876
2025-11-08,415,0,251.0,164.0,87.0,53.04878048780488
2025-07-24,273,3,30.52,65.0,34.480000000000004,53.04615384615386
2026-04-03,510,2,317.88,677.0,359.12,53.045790251107825
2026-07-20,364,3,414.75,271.0,143.75,53.04428044280443
2026-03-03,355,1,36.73,24.0,12.729999999999997,53.04166666666666
2025-08-12,348,3,391.78,256.0,135.77999999999997,53.039062499999986
2025-11-18,482,2,12.21,26.0,13.79,53.03846153846153
2025-10-20,493,0,136.2,89.0,47.19999999999999,53.03370786516852
2026-05-27,451,1,59.18,126.0,66.82,53.03174603174603
2025-08-29,459,1,15.03,32.0,16.97,53.03125
2025-10-30,274,2,50.5,33.0,17.5,53.03030303030303
2025-12-01,385,1,437.66,286.0,151.66000000000003,53.027972027972034
2025-08-01,330,2,321.32,684.0,362.68,53.0233918128655
2026-01-19,291,4,68.86,45.0,23.86,53.022222222222226
2025-08-08,480,2,24.43,52.0,27.57,53.019230769230774
2025-09-01,481,0,195.45,416.0,220.55,53.01682692307692
2025-10-24,288,2,212.69,139.0,73.69,53.01438848920863
2025-11-22,288,3,243.29,159.0,84.28999999999999,53.0125786163522
2026-06-28,386,1,645.71,422.0,223.71000000000004,53.01184834123224
2025-12-13,281,5,261.65,171.0,90.64999999999998,53.011695906432735
2026-05-29,322,2,1123.1,734.0,389.0999999999999,53.0108991825613
2025-10-22,361,1,69.55,148.0,78.45,53.00675675675676
2026-01-15,345,0,1917.17,1253.0,664.1700000000001,53.00638467677574
2025-12-13,503,0,468.19,306.0,162.19,53.003267973856204
2025-11-11,348,7,2.35,5.0,2.65,53.0
2026-03-31,374,3,12.24,8.0,4.24,53.0
2025-10-24,396,4,1.53,1.0,0.53,53.0
2026-06-02,403,5,20.68,44.0,23.32,53.0
2025-12-22,409,2,0.47,1.0,0.53,53.0
2026-07-18,521,0,40.42,86.0,45.58,53.0
2026-03-04,405,2,4.23,9.0,4.77,52.99999999999999
2025-11-28,308,6,154.18,328.0,173.82,52.99390243902439
2025-08-27,452,0,74.27,158.0,83.73,52.99367088607595
2026-05-28,469,0,66.28,141.0,74.72,52.99290780141844
2025-08-31,415,1,245.38,522.0,276.62,52.99233716475096
2026-04-14,325,3,162.18,345.0,182.82,52.99130434782609
2026-03-27,483,0,495.68,324.0,171.68,52.98765432098765
2026-01-31,418,1,71.46,152.0,80.54,52.986842105263165
2025-11-05,319,3,34.79,74.0,39.21,52.986486486486484
2025-10-06,486,1,107.09,70.0,37.09,52.985714285714295
2025-10-31,452,0,87.45,186.0,98.55,52.98387096774193
2025-10-31,452,1,87.46,186.0,98.54,52.97849462365591
2025-08-24,475,2,65.36,139.0,73.64,52.97841726618705
2026-04-14,351,3,98.28,209.0,110.72,52.97607655502392
2026-01-21,398,2,15.05,32.0,16.95,52.96875
2026-05-27,451,0,59.26,126.0,66.74000000000001,52.968253968253975
2026-06-26,419,2,28.69,61.0,32.31,52.967213114754095
2025-11-28,475,2,27.28,58.0,30.72,52.96551724137931
2026-03-05,495,1,250.86,164.0,86.86000000000001,52.96341463414635
2026-03-28,463,1,305.92,200.0,105.92000000000002,52.96000000000001
2025-08-25,339,3,23.52,50.0,26.48,52.959999999999994
2026-07-08,301,2,151.43,99.0,52.43000000000001,52.95959595959596
2025-09-06,314,2,780.06,510.0,270.05999999999995,52.95294117647058
2026-01-12,364,5,226.37,148.0,78.37,52.9527027027027
2026-05-12,411,1,96.36,63.0,33.36,52.95238095238095
2026-01-29,475,2,19.29,41.0,21.71,52.951219512195124
2025-08-08,449,1,558.47,1187.0,628.53,52.951137320977246
2025-08-11,482,1,87.18,57.0,30.180000000000007,52.947368421052644
2026-06-29,289,4,29.06,19.0,10.059999999999999,52.94736842105262
2025-08-14,482,1,84.12,55.0,29.120000000000005,52.94545454545455
2026-01-03,405,2,24.47,52.0,27.53,52.9423076923077
2026-06-20,356,2,391.53,256.0,135.52999999999997,52.941406249999986
2026-03-19,448,2,8.0,17.0,9.0,52.94117647058824
2026-03-05,472,2,101.65,216.0,114.35,52.93981481481481
2026-01-15,321,6,54.12,115.0,60.88,52.93913043478261
2026-03-31,442,2,7.53,16.0,8.469999999999999,52.93749999999999
2025-09-30,445,0,89.9,191.0,101.1,52.931937172774866
2025-09-05,413,1,88.49,188.0,99.51,52.930851063829785
2025-12-08,364,1,195.75,128.0,67.75,52.9296875
2026-04-16,412,1,64.23,42.0,22.230000000000004,52.92857142857144
2025-08-04,291,4,85.64,56.0,29.64,52.92857142857142
2025-08-30,391,1,241.61,158.0,83.61000000000001,52.91772151898735
2025-09-25,282,2,51.32,109.0,57.68,52.917431192660544
2025-08-24,337,3,161.5,343.0,181.5,52.91545189504373
2025-08-04,383,2,37.2,79.0,41.8,52.91139240506328
2025-11-12,406,0,50.46,33.0,17.46,52.909090909090914
2025-11-06,450,1,316.52,207.0,109.51999999999998,52.90821256038647
2025-08-07,405,1,66.4,141.0,74.6,52.90780141843972
2025-09-06,315,1,492.36,322.0,170.36,52.90683229813665
2026-05-30,502,1,750.76,491.0,259.76,52.90427698574338
2026-03-05,332,4,204.4,434.0,229.6,52.903225806451616
2026-05-29,328,0,750.74,491.0,259.74,52.900203665987775
2026-03-01,282,4,89.49,190.0,100.51,52.900000000000006
2026-06-08,386,2,42.81,28.0,14.810000000000002,52.89285714285715
2026-01-29,383,1,13.76,9.0,4.76,52.888888888888886
2026-06-22,327,2,174.29,114.0,60.28999999999999,52.88596491228069
2026-03-31,396,2,328.7,215.0,113.69999999999999,52.883720930232556
2025-07-27,403,1,525.92,344.0,181.91999999999996,52.88372093023255
2025-12-19,315,2,284.36,186.0,98.36000000000001,52.881720430107535
2026-05-14,509,3,12.23,8.0,4.23,52.87500000000001
2025-11-06,480,6,73.38,48.0,25.379999999999995,52.87499999999999
2026-01-13,297,2,84.08,55.0,29.08,52.872727272727275
2025-10-26,333,3,324.09,212.0,112.08999999999997,52.87264150943395
2025-11-13,441,1,210.19,446.0,235.81,52.87219730941705
2026-02-06,412,1,24.98,53.0,28.02,52.86792452830189
2025-10-12,319,7,35.35,75.0,39.65,52.86666666666666
2026-04-13,516,5,22.93,15.0,7.93,52.86666666666666
2025-11-12,289,5,45.86,30.0,15.86,52.86666666666666
2025-11-29,506,0,104.64,222.0,117.36,52.86486486486487
2026-07-02,472,2,134.52,88.0,46.52000000000001,52.86363636363638
2026-01-13,406,2,31.11,66.0,34.89,52.86363636363637
2025-11-01,320,1,794.88,520.0,274.88,52.86153846153846
2026-05-07,340,4,50.44,107.0,56.56,52.85981308411215
2025-12-21,324,2,1737.99,1137.0,600.99,52.857519788918204
2025-10-22,432,1,460.1,301.0,159.10000000000002,52.85714285714287
2025-08-31,445,1,139.1,91.0,48.099999999999994,52.85714285714285
2026-02-07,460,1,550.28,360.0,190.27999999999997,52.85555555555555
2026-01-30,459,1,12.73,27.0,14.27,52.85185185185185
2025-09-13,411,1,117.4,249.0,131.6,52.851405622489956
2026-04-15,304,3,537.07,1139.0,601.93,52.84723441615452
2026-03-19,407,1,620.06,1315.0,694.94,52.847148288973386
2025-11-27,444,0,548.72,359.0,189.72000000000003,52.846796657381624
2025-12-31,319,4,19.87,13.0,6.870000000000001,52.846153846153854
2026-07-20,318,2,79.48,52.0,27.480000000000004,52.846153846153854
2025-11-10,320,6,88.65,58.0,30.650000000000006,52.84482758620691
2026-01-26,318,3,115.55,245.0,129.45,52.83673469387755
2026-03-19,364,0,1360.27,2884.0,1523.73,52.833911234396666
2025-10-20,336,1,27.51,18.0,9.510000000000002,52.83333333333334
2025-08-19,320,5,155.89,102.0,53.889999999999986,52.83333333333332
2025-12-17,318,3,44.81,95.0,50.19,52.83157894736842
2025-09-15,279,2,30.66,65.0,34.34,52.830769230769235
2025-10-24,472,2,365.26,239.0,126.25999999999999,52.82845188284519
2025-07-24,355,1,13.68,29.0,15.32,52.82758620689655
2026-03-25,321,6,51.96,34.0,17.96,52.82352941176471
2025-08-08,485,2,58.5,124.0,65.5,52.82258064516129
2026-05-26,274,1,137.54,90.0,47.53999999999999,52.822222222222216
2025-08-16,361,6,605.15,396.0,209.14999999999998,52.81565656565655
2026-01-26,482,0,138.26,293.0,154.74,52.81228668941979
2026-02-09,320,5,178.79,117.0,61.78999999999999,52.8119658119658
2025-08-03,340,4,67.48,143.0,75.52,52.81118881118881
2025-11-29,506,1,104.76,222.0,117.24,52.81081081081081
2026-07-17,318,3,88.63,58.0,30.629999999999995,52.8103448275862
2026-03-03,412,1,42.0,89.0,47.0,52.80898876404494
2025-10-18,329,1,79.46,52.0,27.459999999999994,52.8076923076923
2026-04-03,386,2,39.17,83.0,43.83,52.80722891566265
2026-04-03,510,1,229.84,487.0,257.15999999999997,52.80492813141683
2026-02-22,398,2,19.35,41.0,21.65,52.80487804878048
2026-04-07,427,0,132.94,87.0,45.94,52.804597701149426
2025-10-20,404,2,93.45,198.0,104.55,52.8030303030303
2026-05-10,480,6,107.61,228.0,120.39,52.80263157894737
2026-03-02,361,7,259.59,550.0,290.41,52.801818181818184
2026-05-13,480,6,45.84,30.0,15.840000000000003,52.80000000000001
2026-06-09,459,0,250.59,164.0,86.59,52.798780487804876
2025-08-21,389,0,220.03,144.0,76.03,52.798611111111114
2026-02-19,372,2,279.62,183.0,96.62,52.797814207650276
2025-12-28,303,2,105.43,69.0,36.43000000000001,52.797101449275374
2025-11-13,441,0,210.53,446.0,235.47,52.79596412556054
2025-09-30,372,0,818.05,1733.0,914.95,52.795729948066935
2026-05-30,362,3,169.6,111.0,58.599999999999994,52.79279279279279
2025-09-04,425,2,138.79,294.0,155.21,52.79251700680272
2026-07-20,525,1,36.67,24.0,12.670000000000002,52.79166666666667
2026-01-14,320,5,185.06,392.0,206.94,52.79081632653061
2026-07-06,403,5,29.03,19.0,10.030000000000001,52.78947368421053
2026-06-12,479,2,8.97,19.0,10.03,52.78947368421052
2025-12-13,345,3,57.6,122.0,64.4,52.78688524590165
2025-10-24,471,0,343.77,225.0,118.76999999999998,52.78666666666666
2025-11-09,383,0,125.28,82.0,43.28,52.78048780487805
2025-11-10,382,2,158.89,104.0,54.889999999999986,52.77884615384614
2026-03-10,509,4,8.5,18.0,9.5,52.77777777777778
2026-07-20,442,2,13.75,9.0,4.75,52.77777777777778
2025-08-23,280,1,27.39,58.0,30.61,52.775862068965516
2025-11-24,341,0,481.24,315.0,166.24,52.77460317460317
2026-04-12,357,1,491.93,322.0,169.93,52.773291925465834
2026-01-27,363,1,172.63,113.0,59.629999999999995,52.76991150442477
2025-08-19,415,0,151.24,99.0,52.24000000000001,52.767676767676775
2026-07-13,272,6,372.75,244.0,128.75,52.76639344262295
2026-03-24,385,5,349.82,229.0,120.82,52.75982532751091
2026-04-14,388,0,656.18,1389.0,732.82,52.75881929445645
2025-08-23,320,9,556.04,364.0,192.03999999999996,52.75824175824175
2025-08-15,319,6,246.61,522.0,275.39,52.756704980842905
2025-08-30,365,2,947.09,620.0,327.09000000000003,52.756451612903234
2026-03-06,447,1,181.78,119.0,62.78,52.7563025210084
2026-04-17,507,4,317.73,208.0,109.73000000000002,52.7548076923077
2026-04-03,361,1,30.71,65.0,34.29,52.753846153846155
2026-01-13,315,1,297.87,195.0,102.87,52.753846153846155
2026-03-25,319,4,6.11,4.0,2.1100000000000003,52.75000000000001
2026-04-29,405,1,12.22,8.0,4.220000000000001,52.75000000000001
2026-01-16,431,0,250.51,164.0,86.50999999999999,52.75
2026-06-28,346,4,543.77,356.0,187.76999999999998,52.7443820224719
2025-08-23,398,2,14.65,31.0,16.35,52.741935483870975
2026-03-02,361,3,221.17,468.0,246.83,52.741452991452995
2026-05-02,507,1,270.35,177.0,93.35000000000002,52.7401129943503
2026-04-15,302,3,505.7,1070.0,564.3,52.73831775700935
2026-07-04,537,0,28.83,61.0,32.17,52.73770491803279
2025-09-20,397,3,273.4,179.0,94.39999999999998,52.73743016759775
2025-10-29,362,1,29.02,19.0,10.02,52.73684210526316
2025-09-25,357,4,172.99,366.0,193.01,52.73497267759563
2025-10-19,353,2,281.03,184.0,97.02999999999997,52.73369565217389
2025-09-06,362,3,187.86,123.0,64.86000000000001,52.73170731707319
2025-10-20,291,6,93.12,197.0,103.88,52.73096446700507
2026-01-12,406,2,39.71,26.0,13.71,52.73076923076923
2026-03-22,282,4,147.01,311.0,163.99,52.729903536977496
2025-12-15,280,1,56.51,37.0,19.509999999999998,52.729729729729726
2025-10-20,344,2,351.7,744.0,392.3,52.72849462365592
2026-07-06,364,2,157.31,103.0,54.31,52.728155339805824
2026-07-19,535,1,16.8,11.0,5.800000000000001,52.727272727272734
2026-01-19,406,2,27.49,18.0,9.489999999999998,52.722222222222214
2026-03-27,483,1,494.81,324.0,170.81,52.71913580246914
2026-01-13,386,3,26.48,56.0,29.52,52.714285714285715
2025-11-04,336,2,9.93,21.0,11.07,52.714285714285715
2025-10-02,294,0,3800.99,2489.0,1311.9899999999998,52.71153073523502
2025-12-05,347,3,131.33,86.0,45.33000000000001,52.70930232558141
2026-06-09,340,1,510.04,334.0,176.04000000000002,52.70658682634731
2026-07-16,516,9,25.96,17.0,8.96,52.70588235294118
2025-10-23,339,5,418.41,274.0,144.41000000000003,52.704379562043805
2026-03-31,383,1,12.77,27.0,14.23,52.70370370370371
2025-09-05,480,4,25.07,53.0,27.93,52.69811320754717
2026-06-27,272,1,1690.36,1107.0,583.3599999999999,52.6973803071364
2025-09-08,456,0,116.05,76.0,40.05,52.69736842105262
2025-10-04,422,0,332.88,218.0,114.88,52.69724770642201
2026-04-14,301,2,85.62,181.0,95.38,52.69613259668509
2026-06-28,516,12,32.64,69.0,36.36,52.69565217391305
2026-06-17,510,3,145.06,95.0,50.06,52.69473684210526
2025-08-10,320,7,1192.53,781.0,411.53,52.69270166453265
2026-07-06,280,1,39.7,26.0,13.700000000000003,52.69230769230771
2026-05-08,346,4,203.08,133.0,70.08000000000001,52.69172932330828
2025-10-27,450,1,357.29,234.0,123.29000000000002,52.688034188034194
2025-08-31,370,2,513.03,336.0,177.02999999999997,52.687499999999986
2026-04-03,512,1,281.52,595.0,313.48,52.68571428571429
2026-05-08,516,7,53.44,35.0,18.439999999999998,52.68571428571428
2025-10-26,302,2,581.73,381.0,200.73000000000002,52.68503937007875
2026-04-13,336,6,140.47,92.0,48.47,52.68478260869565
2025-12-18,334,2,8.99,19.0,10.01,52.68421052631579
2026-02-25,355,6,91.61,60.0,31.61,52.68333333333334
2026-02-24,306,1,109.93,72.0,37.93000000000001,52.680555555555564
2025-12-06,360,2,109.93,72.0,37.93000000000001,52.680555555555564
2026-05-01,348,1,226.2,478.0,251.8,52.67782426778243
2026-04-15,397,3,274.82,180.0,94.82,52.67777777777778
2025-10-24,471,1,343.52,225.0,118.51999999999998,52.67555555555554
2025-10-16,361,4,65.31,138.0,72.69,52.67391304347826
2026-03-05,513,0,363.36,238.0,125.36000000000001,52.67226890756304
2026-03-24,320,4,116.03,76.0,40.03,52.67105263157895
2026-01-15,318,0,1717.54,1125.0,592.54,52.67022222222222
2026-01-02,412,0,161.83,106.0,55.83000000000001,52.66981132075473
2025-11-25,404,1,2.84,6.0,3.16,52.66666666666667
2026-04-20,374,2,9.16,6.0,3.16,52.66666666666667
2026-06-11,516,12,14.2,30.0,15.8,52.66666666666667
2026-03-02,388,2,32.06,21.0,11.060000000000002,52.66666666666667
2026-01-16,410,1,41.22,27.0,14.219999999999999,52.666666666666664
2025-09-18,301,2,88.04,186.0,97.96,52.666666666666664
2026-03-19,463,1,175.61,371.0,195.39,52.665768194070075
2026-06-21,498,0,87.1,184.0,96.9,52.663043478260875
2025-07-31,274,4,80.91,53.0,27.909999999999997,52.660377358490564
2025-10-21,311,0,685.43,449.0,236.42999999999995,52.65701559020043
2026-04-14,472,0,366.44,774.0,407.56,52.656330749354005
2026-04-10,398,2,15.15,32.0,16.85,52.65625000000001
2025-08-18,471,0,221.35,145.0,76.35,52.655172413793096
2026-01-17,490,1,422.85,277.0,145.85000000000002,52.65342960288809
2025-10-22,353,0,544.02,1149.0,604.98,52.652741514360315
2026-07-22,282,4,105.33,69.0,36.33,52.65217391304348
2026-03-24,273,3,53.03,112.0,58.97,52.651785714285715
2026-01-02,282,4,158.75,104.0,54.75,52.644230769230774
2026-07-15,477,1,168.59,356.0,187.41,52.64325842696629
2026-03-16,346,1,31.73,67.0,35.269999999999996,52.64179104477611
2025-11-21,384,3,22.26,47.0,24.74,52.638297872340424
2025-11-30,404,1,5.21,11.0,5.79,52.63636363636364
2025-12-13,507,3,135.46,286.0,150.54,52.63636363636364
2025-08-21,403,2,45.79,30.0,15.79,52.63333333333333
2026-01-18,303,1,657.83,431.0,226.83000000000004,52.62877030162414
2025-11-06,319,9,114.47,75.0,39.47,52.626666666666665
2026-06-28,527,0,114.47,75.0,39.47,52.626666666666665
2026-05-21,494,0,206.55,436.0,229.45,52.62614678899082
2026-04-09,514,1,425.82,279.0,146.82,52.623655913978496
2026-01-31,382,0,572.33,375.0,197.33000000000004,52.62133333333334
2026-04-21,289,4,19.84,13.0,6.84,52.61538461538462
2026-02-05,388,7,90.04,59.0,31.040000000000006,52.61016949152544
2025-12-21,404,0,555.5,364.0,191.5,52.60989010989011
2026-05-11,302,1,106.63,225.0,118.37,52.60888888888889
2026-04-20,280,1,35.1,23.0,12.100000000000001,52.60869565217392
2025-08-28,324,3,569.23,373.0,196.23000000000002,52.60857908847185
2026-06-29,514,0,718.78,471.0,247.77999999999997,52.6072186836518
2025-07-26,373,3,450.18,295.0,155.18,52.603389830508476
2026-06-21,498,1,87.21,184.0,96.79,52.60326086956522
2026-04-13,308,4,126.66,83.0,43.66,52.602409638554214
2025-11-01,320,8,279.26,183.0,96.25999999999999,52.60109289617486
2026-06-25,304,2,718.75,471.0,247.75,52.60084925690022
2025-08-11,374,3,15.26,10.0,5.26,52.6
2025-10-09,319,3,45.78,30.0,15.780000000000001,52.6
2026-07-21,531,1,7.63,5.0,2.63,52.6
2026-06-23,427,1,89.59,189.0,99.41,52.5978835978836
2026-04-24,505,2,24.65,52.0,27.35,52.59615384615385
2026-03-22,467,0,1243.64,815.0,428.6400000000001,52.593865030674856
2026-03-04,278,0,292.98,192.0,100.98000000000002,52.59375000000001
2025-10-20,339,2,94.82,200.0,105.18,52.59
2025-10-27,450,0,357.06,234.0,123.06,52.589743589743584
2026-02-02,465,1,170.9,112.0,58.900000000000006,52.589285714285715
2026-03-27,413,1,148.01,97.0,51.00999999999999,52.587628865979376
2026-06-30,525,0,62.56,41.0,21.560000000000002,52.58536585365854
2026-01-02,419,4,39.83,84.0,44.17,52.583333333333336
2026-01-26,319,4,54.93,36.0,18.93,52.583333333333336
2026-06-22,341,0,572.18,375.0,197.17999999999995,52.581333333333326
2025-08-23,318,1,352.46,231.0,121.45999999999998,52.58008658008657
2025-12-23,345,3,56.43,119.0,62.57,52.57983193277311
2026-06-07,374,3,18.02,38.0,19.98,52.578947368421055
2026-06-23,509,7,115.96,76.0,39.959999999999994,52.57894736842105
2026-01-16,336,7,115.96,76.0,39.959999999999994,52.57894736842105
2026-07-04,532,1,64.02,135.0,70.98,52.577777777777776
2026-07-17,283,1,320.41,210.0,110.41000000000003,52.57619047619049
2025-08-16,501,2,746.09,489.0,257.09000000000003,52.57464212678937
2026-01-11,288,5,114.43,75.0,39.43000000000001,52.57333333333334
2026-06-14,509,1,19.92,42.0,22.08,52.57142857142857
2025-10-02,415,1,656.03,430.0,226.02999999999997,52.565116279069755
2026-03-23,503,0,260.42,549.0,288.58,52.564663023679415
2026-07-22,348,1,192.23,126.0,66.22999999999999,52.563492063492056
2025-12-12,334,3,192.23,126.0,66.22999999999999,52.563492063492056
2026-02-26,388,6,24.41,16.0,8.41,52.5625
2026-06-29,373,1,149.51,98.0,51.50999999999999,52.56122448979591
2025-10-27,308,6,166.29,109.0,57.28999999999999,52.559633027522935
2025-10-25,447,0,538.52,353.0,185.51999999999998,52.55524079320113
2026-07-15,477,0,168.91,356.0,187.09,52.55337078651685
2025-09-06,463,2,270.46,570.0,299.54,52.55087719298246
2025-08-28,385,1,288.32,189.0,99.32,52.550264550264544
2026-07-09,516,11,97.63,64.0,33.629999999999995,52.54687499999999
2025-10-21,360,2,50.34,33.0,17.340000000000003,52.545454545454554
2025-10-27,331,0,2632.9,1726.0,906.9000000000001,52.54345307068367
2025-11-15,289,4,19.83,13.0,6.829999999999998,52.538461538461526
2025-10-10,336,2,19.83,13.0,6.829999999999998,52.538461538461526
2025-10-03,332,2,343.21,225.0,118.20999999999998,52.53777777777777
2026-04-07,498,0,82.37,54.0,28.370000000000005,52.53703703703705
2026-04-24,405,0,13.29,28.0,14.71,52.535714285714285
2026-02-03,348,4,65.59,43.0,22.590000000000003,52.53488372093024
2026-06-21,406,2,190.81,402.0,211.19,52.53482587064676
2026-02-21,274,0,759.62,498.0,261.62,52.53413654618474
2026-05-02,355,1,38.45,81.0,42.55,52.53086419753086
2026-05-30,435,0,375.22,246.0,129.22000000000003,52.528455284552855
2026-06-20,482,1,154.05,101.0,53.05000000000001,52.52475247524754
2026-03-31,320,5,140.53,296.0,155.47,52.523648648648646
2026-05-12,383,2,38.13,25.0,13.130000000000003,52.52000000000001
2026-02-07,460,0,549.07,360.0,189.07000000000005,52.51944444444446
2026-01-29,425,1,41.18,27.0,14.18,52.51851851851852
2025-11-05,346,1,38.46,81.0,42.54,52.51851851851852
2025-10-17,288,5,112.54,237.0,124.46,52.51476793248945
2025-09-12,315,0,423.99,278.0,145.99,52.51438848920864
2026-07-21,525,0,35.14,74.0,38.86,52.51351351351351
2026-01-16,431,1,250.12,164.0,86.12,52.51219512195122
2025-08-16,444,2,893.72,586.0,307.72,52.51194539249148
2025-10-24,418,0,295.87,194.0,101.87,52.51030927835052
2026-07-07,503,1,73.61,155.0,81.39,52.50967741935484
2026-04-17,475,2,27.07,57.0,29.93,52.50877192982456
2025-10-06,494,1,93.03,61.0,32.03,52.50819672131147
2026-06-30,446,1,306.54,201.0,105.54000000000002,52.50746268656717
2025-10-31,307,2,637.48,418.0,219.48000000000002,52.50717703349282
2025-09-02,403,5,30.4,64.0,33.6,52.5
2026-01-10,482,2,18.05,38.0,19.95,52.5
2025-12-30,396,4,6.1,4.0,2.0999999999999996,52.49999999999999
2026-06-17,509,6,8.55,18.0,9.45,52.49999999999999
2025-10-31,319,4,3.05,2.0,1.0499999999999998,52.49999999999999
2025-10-03,288,4,73.63,155.0,81.37,52.49677419354839
2025-10-21,366,1,597.13,1257.0,659.87,52.49562450278441
2026-04-07,345,3,48.93,103.0,54.07,52.49514563106796
2025-12-17,413,1,135.72,89.0,46.72,52.49438202247191
2025-07-26,481,1,134.19,88.0,46.19,52.48863636363637
2025-08-16,308,1,268.38,176.0,92.38,52.48863636363637
2025-11-17,418,2,184.51,121.0,63.50999999999999,52.487603305785115
2025-11-05,459,2,131.61,277.0,145.39,52.48736462093863
2026-04-09,435,1,178.41,117.0,61.41,52.48717948717948
2026-03-23,352,2,295.82,194.0,101.82,52.48453608247422
2026-03-06,320,2,182.98,120.0,62.97999999999999,52.48333333333333
2026-05-24,327,1,359.86,236.0,123.86000000000001,52.48305084745763
2026-06-17,274,6,56.07,118.0,61.93,52.483050847457626
2026-07-04,308,10,966.74,634.0,332.74,52.482649842271286
2026-01-02,302,1,347.66,228.0,119.66000000000003,52.482456140350884
2025-09-17,318,2,82.21,173.0,90.79,52.47976878612717
2026-07-01,427,0,269.88,177.0,92.88,52.474576271186436
2025-10-31,364,2,138.75,91.0,47.75,52.472527472527474
2026-06-10,297,1,221.08,145.0,76.08000000000001,52.46896551724139
2025-08-21,302,1,254.62,167.0,87.62,52.467065868263475
2026-04-03,509,4,14.26,30.0,15.74,52.466666666666676
2025-11-18,405,2,7.13,15.0,7.87,52.466666666666676
2025-11-27,444,2,434.53,285.0,149.52999999999997,52.46666666666666
2025-10-20,283,2,183.48,386.0,202.52,52.46632124352332
2025-11-25,363,3,268.34,176.0,92.33999999999997,52.46590909090908
2025-09-18,291,4,65.56,43.0,22.560000000000002,52.46511627906977
2026-04-14,398,3,135.0,284.0,149.0,52.46478873239436
2025-11-05,343,4,112.67,237.0,124.33,52.459915611814345
2026-03-04,278,1,292.72,192.0,100.72000000000003,52.45833333333335
2026-01-30,398,2,11.41,24.0,12.59,52.45833333333333
2026-05-25,388,4,74.17,156.0,81.83,52.4551282051282
2026-03-19,407,0,625.23,1315.0,689.77,52.45399239543727
2025-09-17,318,1,177.35,373.0,195.65,52.453083109919575
2026-07-03,532,1,39.94,84.0,44.06,52.45238095238095
2026-01-23,363,1,19.02,40.0,20.98,52.449999999999996
2025-10-02,337,2,274.84,578.0,303.16,52.44982698961939
2026-04-18,396,0,768.34,504.0,264.34000000000003,52.4484126984127
2025-12-15,364,4,966.52,634.0,332.52,52.44794952681387
2025-10-08,386,3,18.07,38.0,19.93,52.44736842105263
2026-02-08,509,1,12.84,27.0,14.16,52.44444444444445
2026-05-07,513,1,4.28,9.0,4.72,52.444444444444436
2026-01-18,431,0,391.78,257.0,134.77999999999997,52.44357976653695
2025-08-22,331,5,33.29,70.0,36.71,52.44285714285715
2025-08-23,392,0,783.54,514.0,269.53999999999996,52.4396887159533
2025-10-20,301,1,378.05,248.0,130.05,52.439516129032256
2025-09-15,328,0,466.46,306.0,160.45999999999998,52.43790849673202
2025-09-07,325,3,483.21,317.0,166.20999999999998,52.432176656151405
2026-04-10,320,6,67.07,44.0,23.069999999999993,52.431818181818166
2025-10-25,448,1,410.04,269.0,141.04000000000002,52.431226765799266
2025-09-29,318,3,58.99,124.0,65.00999999999999,52.4274193548387
2026-01-26,336,6,376.78,792.0,415.22,52.42676767676768
2025-09-13,485,1,118.46,249.0,130.54000000000002,52.42570281124499
2026-01-08,341,1,283.51,186.0,97.50999999999999,52.42473118279569
2026-04-01,282,4,89.93,59.0,30.930000000000007,52.423728813559336
2025-10-21,369,3,419.18,881.0,461.82,52.4199772985244
2025-08-10,412,1,294.17,193.0,101.17000000000002,52.419689119171
2025-10-02,331,3,427.28,898.0,470.72,52.41870824053453
2025-10-28,461,0,124.98,82.0,42.980000000000004,52.41463414634146
2026-03-08,319,8,169.18,111.0,58.18000000000001,52.41441441441442
2026-04-24,482,2,13.8,29.0,15.2,52.41379310344827
2026-05-29,321,5,288.06,189.0,99.06,52.41269841269841
2026-06-21,273,7,152.28,320.0,167.72,52.412499999999994
2026-07-08,419,3,8.09,17.0,8.91,52.411764705882355
2026-06-02,291,2,55.68,117.0,61.32,52.41025641025641
2026-04-15,503,2,168.01,353.0,184.99,52.405099150141645
2026-03-19,460,1,310.33,652.0,341.67,52.403374233128844
2025-10-09,346,1,53.34,35.0,18.340000000000003,52.40000000000001
2025-11-27,303,2,15.24,10.0,5.24,52.400000000000006
2025-08-20,391,0,388.62,255.0,133.62,52.400000000000006
2026-07-22,516,6,60.96,40.0,20.96,52.400000000000006
2026-04-02,343,4,202.69,133.0,69.69,52.3984962406015
2026-06-08,486,0,118.87,78.0,40.870000000000005,52.397435897435905
2025-11-11,482,0,88.39,58.0,30.39,52.39655172413793
2026-03-27,505,2,30.47,64.0,33.53,52.390625
2025-10-31,308,5,254.49,167.0,87.49000000000001,52.389221556886234
2025-11-05,346,4,115.22,242.0,126.78,52.38842975206611
2026-03-23,382,2,184.39,121.0,63.389999999999986,52.3884297520661
2025-08-15,348,6,626.15,1315.0,688.85,52.38403041825095
2025-08-15,297,2,202.37,425.0,222.63,52.383529411764705
2026-02-02,344,1,175.24,115.0,60.24000000000001,52.38260869565218
2025-10-06,419,0,103.62,68.0,35.620000000000005,52.38235294117648
2025-08-31,280,1,36.19,76.0,39.81,52.381578947368425
2025-10-13,319,9,128.0,84.0,44.0,52.38095238095239
2025-09-02,318,3,32.0,21.0,11.0,52.38095238095239
2025-10-20,277,0,813.71,534.0,279.71000000000004,52.38014981273409
2026-03-05,461,0,42.86,90.0,47.14,52.37777777777778
2025-11-06,501,2,355.04,233.0,122.04000000000002,52.37768240343349
2025-09-18,404,1,3.81,8.0,4.1899999999999995,52.37499999999999
2025-10-26,278,1,594.26,390.0,204.26,52.37435897435897
2025-09-28,288,6,37.15,78.0,40.85,52.371794871794876
2025-10-04,413,1,254.45,167.0,87.44999999999999,52.36526946107784
2025-12-26,279,4,287.97,189.0,98.97000000000003,52.36507936507938
2026-01-20,371,3,95.99,63.0,32.989999999999995,52.36507936507936
2025-10-24,472,0,757.24,497.0,260.24,52.36217303822938
2025-11-20,348,1,143.22,94.0,49.22,52.36170212765957
2026-06-25,446,1,282.98,594.0,311.02,52.36026936026936
2025-08-29,330,2,449.46,295.0,154.45999999999998,52.3593220338983
2026-07-17,337,7,85.32,56.0,29.319999999999993,52.35714285714285
2026-06-09,340,2,47.23,31.0,16.229999999999997,52.35483870967741
2026-01-27,357,3,242.24,159.0,83.24000000000001,52.352201257861644
2026-01-18,463,0,697.77,458.0,239.76999999999998,52.35152838427947
2025-11-04,419,3,30.47,20.0,10.469999999999999,52.349999999999994
2026-04-02,336,1,91.41,60.0,31.409999999999997,52.349999999999994
2025-08-14,291,2,91.41,60.0,31.409999999999997,52.349999999999994
2025-07-25,294,1,379.34,249.0,130.33999999999997,52.345381526104404
2026-01-23,384,1,44.18,29.0,15.18,52.3448275862069
2026-06-17,388,7,150.82,99.0,51.81999999999999,52.34343434343434
2025-10-21,357,4,100.08,210.0,109.92,52.34285714285715
2026-05-13,357,5,62.91,132.0,69.09,52.34090909090909
2025-08-27,320,4,75.78,159.0,83.22,52.33962264150943
2026-06-15,291,3,354.95,233.0,121.94999999999999,52.339055793991406
2026-04-15,355,1,27.42,18.0,9.420000000000002,52.33333333333334
2026-04-25,289,1,106.63,70.0,36.629999999999995,52.32857142857142
2025-10-09,290,3,72.94,153.0,80.06,52.326797385620914
2025-10-03,364,2,223.92,147.0,76.91999999999999,52.326530612244895
2026-07-02,461,1,144.71,95.0,49.71000000000001,52.32631578947369
2025-10-24,321,4,70.07,46.0,24.069999999999993,52.32608695652172
2025-12-14,339,3,212.15,445.0,232.85,52.32584269662921
2025-09-03,405,2,17.64,37.0,19.36,52.32432432432432
2025-08-08,279,2,63.41,133.0,69.59,52.32330827067669
2026-06-19,523,1,28.13,59.0,30.87,52.32203389830509
2025-11-05,383,2,25.27,53.0,27.73,52.320754716981135
2026-03-13,419,2,11.92,25.0,13.08,52.32
2026-01-18,422,1,380.79,250.0,130.79000000000002,52.31600000000001
2026-01-27,278,0,339.66,223.0,116.66000000000003,52.31390134529149
2026-01-01,392,0,491.65,1031.0,539.35,52.31328806983512
2026-02-26,480,5,73.11,48.0,25.11,52.31249999999999
2026-06-06,473,0,258.93,170.0,88.93,52.31176470588236
2025-08-29,490,0,127.33,267.0,139.67000000000002,52.31086142322098
2026-03-04,289,3,98.24,206.0,107.76,52.31067961165049
2025-11-06,396,0,438.65,288.0,150.64999999999998,52.30902777777777
2025-09-06,400,2,65.49,43.0,22.489999999999995,52.30232558139534
2026-07-22,482,2,9.54,20.0,10.46,52.300000000000004
2026-05-09,522,1,30.46,20.0,10.46,52.300000000000004
2026-01-03,317,3,417.3,274.0,143.3,52.29927007299271
2025-09-12,372,3,188.85,124.0,64.85,52.29838709677419
2026-05-11,386,2,41.12,27.0,14.119999999999997,52.29629629629628
2025-10-16,405,0,119.74,251.0,131.26,52.29482071713147
2026-07-18,459,1,51.78,34.0,17.78,52.294117647058826
2026-06-15,462,1,261.94,172.0,89.94,52.29069767441861
2025-10-12,329,1,126.4,83.0,43.400000000000006,52.28915662650603
2026-06-18,442,2,11.93,25.0,13.07,52.28
2025-11-02,405,2,19.09,40.0,20.91,52.275000000000006
2026-01-13,406,0,31.5,66.0,34.5,52.27272727272727
2026-02-17,509,1,5.25,11.0,5.75,52.27272727272727
2025-12-29,374,3,5.25,11.0,5.75,52.27272727272727
2026-03-03,412,0,42.48,89.0,46.52,52.26966292134831
2026-06-25,446,0,283.53,594.0,310.47,52.267676767676775
2026-01-05,320,7,229.92,151.0,78.91999999999999,52.26490066225165
2026-07-22,337,7,51.77,34.0,17.770000000000003,52.26470588235295
2025-09-05,301,2,101.2,212.0,110.8,52.264150943396224
2026-02-11,442,2,28.93,19.0,9.93,52.26315789473684
2025-08-16,317,4,377.61,248.0,129.61,52.26209677419356
2025-12-09,331,5,35.02,23.0,12.020000000000003,52.260869565217405
2026-02-27,387,2,32.94,69.0,36.06,52.26086956521739
2026-01-17,490,0,421.76,277.0,144.76,52.259927797833925
2026-07-13,516,2,65.47,43.0,22.47,52.25581395348837
2025-12-09,320,4,120.28,79.0,41.28,52.25316455696203
2026-01-01,412,1,145.63,305.0,159.37,52.25245901639345
2026-07-22,512,1,362.36,238.0,124.36000000000001,52.252100840336134
2026-01-18,436,0,1023.13,672.0,351.13,52.251488095238095
2026-03-07,282,5,57.3,120.0,62.7,52.25000000000001
2025-10-04,319,4,6.09,4.0,2.09,52.25
2026-01-24,319,4,7.64,16.0,8.36,52.25
2026-07-16,479,2,12.18,8.0,4.18,52.25
2025-09-14,374,4,182.7,120.0,62.69999999999999,52.249999999999986
2026-05-01,452,1,120.81,253.0,132.19,52.24901185770751
2025-11-27,452,0,105.05,69.0,36.05,52.246376811594196
2026-03-22,327,4,187.26,123.0,64.25999999999999,52.24390243902438
2026-06-28,516,5,37.25,78.0,40.75,52.243589743589745
2025-11-06,346,3,843.41,554.0,289.40999999999997,52.240072202166054
2025-12-26,371,0,873.85,574.0,299.85,52.23867595818815
2025-09-20,374,3,10.03,21.0,10.97,52.23809523809524
2026-02-15,380,1,272.5,179.0,93.5,52.23463687150838
2025-12-29,274,7,34.87,73.0,38.13,52.23287671232877
2026-05-07,510,1,277.06,182.0,95.06,52.23076923076923
2026-05-06,398,2,16.72,35.0,18.28,52.228571428571435
2025-08-22,414,1,86.47,181.0,94.53,52.226519337016576
2025-12-23,505,2,109.88,230.0,120.12,52.22608695652175
2026-06-29,294,1,383.6,252.0,131.60000000000002,52.222222222222236
2025-10-31,469,1,107.5,225.0,117.5,52.22222222222223
2025-10-31,469,0,107.5,225.0,117.5,52.22222222222223
2025-10-09,385,5,604.32,397.0,207.32000000000005,52.22166246851386
2026-02-09,320,8,165.92,109.0,56.91999999999999,52.220183486238525
2025-09-11,317,3,214.63,141.0,73.63,52.219858156028366
2025-10-09,425,2,270.95,178.0,92.94999999999999,52.2191011235955
2026-02-13,418,2,50.17,105.0,54.83,52.21904761904762
2025-08-29,490,1,127.58,267.0,139.42000000000002,52.217228464419485
2025-10-21,289,4,20.07,42.0,21.93,52.214285714285715
2025-08-08,449,0,567.27,1187.0,619.73,52.209772535804554
2025-08-01,421,2,141.94,297.0,155.06,52.20875420875421
2026-01-16,279,3,153.73,101.0,52.72999999999999,52.2079207920792
2026-05-14,459,0,205.48,135.0,70.47999999999999,52.2074074074074
2026-01-18,303,0,722.97,475.0,247.97000000000003,52.2042105263158
2026-01-02,486,1,100.85,211.0,110.15,52.203791469194314
2026-02-09,392,0,376.64,788.0,411.36,52.20304568527919
2025-12-03,327,4,150.68,99.0,51.68000000000001,52.20202020202021
2025-10-06,303,2,22.83,15.0,7.829999999999998,52.19999999999999
2025-12-08,480,2,22.83,15.0,7.829999999999998,52.19999999999999
2026-01-27,471,1,245.04,161.0,84.03999999999999,52.198757763975145
2025-08-16,475,2,41.11,86.0,44.89,52.197674418604656
2025-09-08,456,1,115.67,76.0,39.67,52.19736842105264
2026-02-07,485,2,22.47,47.0,24.53,52.191489361702125
2026-03-02,503,1,63.11,132.0,68.89,52.18939393939394
2026-05-20,481,1,81.28,170.0,88.72,52.188235294117646
2025-09-05,288,6,22.95,48.0,25.05,52.1875
2026-01-26,348,5,791.31,1655.0,863.69,52.186706948640484
2026-05-01,508,1,65.44,43.0,22.439999999999998,52.18604651162791
2026-03-05,279,5,54.03,113.0,58.97,52.1858407079646
2026-03-09,512,0,229.03,479.0,249.97,52.18580375782881
2026-03-18,317,4,88.46,185.0,96.54,52.18378378378379
2025-08-22,414,0,86.55,181.0,94.45,52.18232044198895
2025-10-01,309,2,517.41,340.0,177.40999999999997,52.179411764705875
2026-05-08,292,4,98.99,207.0,108.01,52.17874396135266
2026-02-05,507,3,70.0,46.0,24.0,52.17391304347826
2026-06-22,476,1,104.74,219.0,114.26,52.173515981735164
2026-02-02,398,3,202.39,133.0,69.38999999999999,52.17293233082706
2025-11-05,472,1,210.44,440.0,229.56,52.17272727272727
2026-07-18,427,2,64.57,135.0,70.43,52.17037037037038
2025-11-03,319,7,18.26,12.0,6.260000000000002,52.166666666666686
2026-06-20,282,3,73.04,48.0,25.040000000000006,52.166666666666686
2026-04-11,516,1,28.7,60.0,31.3,52.16666666666667
2026-02-25,387,2,34.44,72.0,37.56,52.16666666666667
2026-06-23,353,2,2.87,6.0,3.13,52.166666666666664
2025-12-28,289,4,37.79,79.0,41.21,52.16455696202532
2025-09-04,483,1,327.15,215.0,112.14999999999998,52.16279069767441
2026-02-15,403,4,197.81,130.0,67.81,52.161538461538456
2026-01-18,324,4,442.79,291.0,151.79000000000002,52.16151202749142
2026-01-06,282,1,179.55,118.0,61.55000000000001,52.16101694915255
2025-12-13,480,4,44.97,94.0,49.03,52.15957446808511
2025-09-24,357,0,572.18,1196.0,623.82,52.15886287625418
2026-02-22,410,0,36.84,77.0,40.16,52.15584415584416
2025-08-10,412,0,293.66,193.0,100.66000000000003,52.15544041450778
2026-07-23,357,1,343.87,226.0,117.87,52.154867256637175
2026-07-02,510,3,127.81,84.0,43.81,52.154761904761905
2026-05-28,274,5,43.54,91.0,47.46,52.15384615384615
2026-03-05,291,5,228.23,150.0,78.22999999999999,52.15333333333333
2026-03-03,374,4,22.01,46.0,23.99,52.15217391304348
2026-05-11,489,0,141.5,93.0,48.5,52.1505376344086
2025-10-29,371,3,32.06,67.0,34.94,52.14925373134328
2026-04-03,340,4,22.49,47.0,24.51,52.148936170212764
2026-02-28,384,1,35.41,74.0,38.59,52.14864864864865
2026-01-16,364,3,526.43,346.0,180.42999999999995,52.147398843930624
2026-01-27,450,0,366.67,241.0,125.67000000000002,52.14522821576764
2026-01-19,281,1,314.94,207.0,107.94,52.144927536231876
2026-03-07,405,1,16.75,35.0,18.25,52.142857142857146
2026-01-05,450,0,527.92,347.0,180.91999999999996,52.13832853025936
2026-07-23,526,1,10.53,22.0,11.47,52.13636363636363
2025-10-31,334,0,865.65,569.0,296.65,52.135325131810184
2026-06-27,272,0,7749.74,5094.0,2655.74,52.13466823714173
2025-12-27,336,6,284.49,187.0,97.49000000000001,52.13368983957219
2026-03-27,320,2,240.37,158.0,82.37,52.13291139240507
2026-04-23,493,1,98.61,206.0,107.39,52.131067961165044
2026-06-23,503,1,129.31,85.0,44.31,52.12941176470588
2026-02-02,403,3,132.35,87.0,45.349999999999994,52.126436781609186
2026-07-01,374,3,12.17,8.0,4.17,52.125
2026-01-05,398,1,76.06,50.0,26.060000000000002,52.12
2026-05-08,404,2,133.11,278.0,144.89,52.11870503597121
2026-02-19,510,4,205.36,135.0,70.36000000000001,52.11851851851853
2026-01-15,423,1,517.2,340.0,177.20000000000005,52.11764705882354
2026-03-09,512,2,49.32,103.0,53.68,52.11650485436893
2025-12-11,483,0,342.26,225.0,117.25999999999999,52.115555555555545
2026-02-15,445,0,158.2,104.0,54.19999999999999,52.115384615384606
2025-09-04,483,0,327.04,215.0,112.04000000000002,52.11162790697676
2025-09-03,303,2,27.38,18.0,9.379999999999999,52.11111111111111
2026-02-15,332,5,355.94,234.0,121.94,52.11111111111111
2025-11-01,469,1,247.94,163.0,84.94,52.11042944785276
2025-08-09,361,1,83.81,175.0,91.19,52.10857142857142
2025-10-13,356,2,240.33,158.0,82.33000000000001,52.107594936708864
2025-10-10,279,4,127.77,84.0,43.769999999999996,52.107142857142854
2025-10-02,292,3,157.09,328.0,170.91,52.106707317073166
2026-03-12,355,6,71.49,47.0,24.489999999999995,52.106382978723396
2026-05-01,357,3,166.67,348.0,181.33,52.10632183908046
2026-01-13,507,1,123.57,258.0,134.43,52.1046511627907
2026-03-19,460,0,312.28,652.0,339.72,52.10429447852761
2026-06-11,296,2,28.26,59.0,30.74,52.101694915254235
2026-06-29,319,0,1092.09,718.0,374.0899999999999,52.101671309192184
2026-01-03,506,0,200.7,419.0,218.3,52.10023866348449
2026-04-29,441,0,118.63,78.0,40.629999999999995,52.089743589743584
2026-06-30,486,0,211.4,139.0,72.4,52.0863309352518
2026-06-04,391,3,126.23,83.0,43.230000000000004,52.08433734939759
2026-01-18,482,2,17.25,36.0,18.75,52.083333333333336
2026-01-09,435,1,166.75,348.0,181.25,52.083333333333336
2026-04-01,386,3,18.69,39.0,20.31,52.07692307692307
2026-04-14,516,5,19.77,13.0,6.77,52.07692307692307
2026-07-16,355,1,39.54,26.0,13.54,52.07692307692307
2026-01-24,509,4,41.06,27.0,14.060000000000002,52.07407407407408
2026-04-23,493,0,98.73,206.0,107.27,52.072815533980574
2026-01-23,297,2,61.83,129.0,67.17,52.06976744186047
2025-08-21,389,1,218.98,144.0,74.97999999999999,52.069444444444436
2026-01-27,397,0,381.69,251.0,130.69,52.067729083665334
2026-03-27,435,1,126.56,264.0,137.44,52.06060606060606
2026-06-22,476,0,104.99,219.0,114.01,52.05936073059361
2025-12-30,274,7,51.7,34.0,17.700000000000003,52.05882352941177
2026-03-15,319,7,34.04,71.0,36.96,52.056338028169016
2026-04-13,291,6,107.96,71.0,36.959999999999994,52.056338028169
2026-01-27,509,0,574.77,378.0,196.76999999999998,52.05555555555556
2026-05-05,432,0,416.63,274.0,142.63,52.05474452554745
2025-08-15,331,1,449.26,937.0,487.74,52.053361792956245
2025-10-21,368,3,425.8,888.0,462.2,52.049549549549546
2025-10-04,422,1,331.46,218.0,113.45999999999998,52.045871559633014
2026-05-31,385,2,1509.76,993.0,516.76,52.04028197381672
2025-10-01,288,5,109.35,228.0,118.65,52.03947368421053
2025-09-30,333,1,650.71,428.0,222.71000000000004,52.03504672897197
2025-11-09,318,3,91.14,190.0,98.86,52.031578947368416
2025-10-19,484,0,300.77,627.0,326.23,52.03030303030304
2026-07-19,282,1,413.98,863.0,449.02,52.03012746234067
2025-08-14,297,2,109.46,72.0,37.459999999999994,52.02777777777777
2025-09-19,362,0,130.74,86.0,44.74000000000001,52.0232558139535
2026-01-12,280,7,71.49,149.0,77.51,52.02013422818792
2025-10-24,325,2,571.59,376.0,195.59000000000003,52.018617021276604
2025-10-02,403,3,124.76,260.0,135.24,52.01538461538462
2025-08-09,336,2,215.86,142.0,73.86000000000001,52.01408450704227
2025-10-06,385,2,440.84,290.0,150.83999999999997,52.01379310344827
2025-09-05,317,4,122.37,255.0,132.63,52.01176470588235
2025-10-21,274,3,50.87,106.0,55.13,52.009433962264154
2026-05-01,320,2,349.62,230.0,119.62,52.00869565217392
2025-11-06,292,4,215.85,142.0,73.85,52.00704225352112
2026-06-15,364,2,224.97,148.0,76.97,52.00675675675676
2026-06-29,440,0,437.77,288.0,149.76999999999998,52.003472222222214
2026-03-21,391,3,153.52,101.0,52.52000000000001,52.000000000000014
2026-04-02,406,0,63.84,42.0,21.840000000000003,52.000000000000014
2026-05-22,281,5,7.2,15.0,7.8,52.0
2025-09-02,319,4,2.88,6.0,3.12,52.0
2025-12-12,340,4,45.6,95.0,49.4,52.0
2026-03-11,315,3,3.84,8.0,4.16,52.0
2025-12-14,470,1,834.48,549.0,285.48,52.0
2025-10-28,461,1,124.64,82.0,42.64,52.0
2025-12-11,383,1,12.16,8.0,4.16,52.0
2026-06-08,486,1,118.56,78.0,40.56,52.0
2026-04-02,512,2,103.36,68.0,35.36,52.0
2025-10-09,383,1,28.88,19.0,9.879999999999999,51.99999999999999
2025-07-29,334,2,18.24,12.0,6.239999999999998,51.99999999999999
2026-07-20,526,3,9.12,6.0,3.119999999999999,51.99999999999999
2026-04-29,374,3,4.56,3.0,1.5599999999999996,51.99999999999999
2026-01-09,435,0,167.05,348.0,180.95,51.997126436781606
2026-02-23,314,1,455.98,300.0,155.98000000000002,51.99333333333334
2026-01-08,315,1,431.66,284.0,147.66000000000003,51.992957746478886
2025-11-02,319,1,64.33,134.0,69.67,51.99253731343284
2025-10-20,371,3,58.09,121.0,62.91,51.991735537190074
2025-12-16,355,3,42.73,89.0,46.27,51.98876404494383
2025-11-25,485,2,42.73,89.0,46.27,51.98876404494383
2026-03-26,388,5,120.07,79.0,41.06999999999999,51.987341772151886
2026-01-20,339,3,93.15,194.0,100.85,51.98453608247422
2025-10-26,336,2,30.25,63.0,32.75,51.98412698412699
2025-10-26,441,1,460.51,303.0,157.51,51.983498349834974
2026-03-20,456,0,180.86,119.0,61.860000000000014,51.98319327731093
2026-06-23,482,1,55.7,116.0,60.3,51.98275862068965
2025-10-28,401,0,78.27,163.0,84.73,51.98159509202455
2026-02-06,412,0,25.45,53.0,27.55,51.981132075471706
2025-10-04,294,4,1127.7,742.0,385.70000000000005,51.981132075471706
2026-01-03,506,1,201.21,419.0,217.79,51.978520286396176
2026-01-12,336,2,68.39,45.0,23.39,51.97777777777778
2026-05-28,346,1,60.99,127.0,66.00999999999999,51.976377952755904
2026-02-09,274,3,62.31,41.0,21.310000000000002,51.97560975609756
2026-06-21,406,0,193.06,402.0,208.94,51.97512437810945
2026-07-09,494,2,110.94,73.0,37.94,51.97260273972603
2025-09-20,361,7,375.37,247.0,128.37,51.97165991902835
2026-01-19,475,2,53.19,35.0,18.189999999999998,51.97142857142857
2026-06-15,331,5,53.19,35.0,18.189999999999998,51.97142857142857
2025-11-28,303,2,16.33,34.0,17.67,51.97058823529412
2025-10-17,384,2,32.18,67.0,34.82,51.97014925373134
2025-10-06,341,1,282.66,186.0,96.66000000000003,51.96774193548388
2025-11-05,279,3,102.79,214.0,111.21,51.967289719626166
2025-11-05,282,2,29.3,61.0,31.7,51.967213114754095
2026-06-29,297,1,319.13,210.0,109.13,51.96666666666666
2026-01-05,450,1,527.32,347.0,180.32000000000005,51.96541786743517
2025-12-12,418,2,126.13,83.0,43.129999999999995,51.963855421686745
2026-03-26,339,3,116.73,243.0,126.27,51.96296296296297
2025-11-05,480,6,51.4,107.0,55.6,51.96261682242991
2026-05-04,516,1,24.02,50.0,25.98,51.96000000000001
2025-12-08,332,1,173.23,114.0,59.22999999999999,51.95614035087719
2025-08-27,456,1,109.06,227.0,117.94,51.95594713656387
2026-05-29,301,3,477.13,314.0,163.13,51.952229299363054
2026-04-10,318,2,94.21,62.0,32.209999999999994,51.951612903225794
2026-02-02,318,2,121.56,80.0,41.56,51.95000000000001
2026-03-04,403,4,66.79,139.0,72.21,51.94964028776978
2026-01-02,293,2,300.86,198.0,102.86000000000001,51.949494949494955
2025-10-23,451,1,57.74,38.0,19.740000000000002,51.947368421052644
2026-02-21,494,1,63.91,133.0,69.09,51.94736842105263
2026-01-01,447,1,423.93,279.0,144.93,51.94623655913979
2025-09-06,348,4,168.66,111.0,57.66,51.94594594594595
2026-05-03,428,1,180.81,119.0,61.81,51.94117647058823
2026-01-01,482,0,128.32,267.0,138.68,51.94007490636704
2026-01-15,277,0,569.77,375.0,194.76999999999998,51.93866666666666
2025-07-31,459,0,165.61,109.0,56.610000000000014,51.93577981651377
2025-10-21,368,1,536.89,1117.0,580.11,51.934646374216655
2026-01-31,384,3,44.06,29.0,15.060000000000002,51.93103448275863
2025-10-24,308,1,194.47,128.0,66.47,51.9296875
2025-08-27,456,0,109.12,227.0,117.88,51.929515418502206
2026-03-04,339,3,176.9,368.0,191.1,51.92934782608696
2025-12-11,483,1,341.84,225.0,116.83999999999997,51.92888888888888
2025-09-22,427,0,33.65,70.0,36.35,51.92857142857144
2026-07-03,421,0,360.07,237.0,123.07,51.92827004219409
2026-03-27,382,2,145.66,303.0,157.34,51.92739273927393
2026-03-03,318,3,37.5,78.0,40.5,51.92307692307693
2025-10-24,494,2,79.0,52.0,27.0,51.92307692307693
2026-02-13,411,0,195.98,129.0,66.97999999999999,51.92248062015503
2026-04-01,386,2,30.29,63.0,32.71,51.920634920634924
2025-12-25,339,2,564.94,1175.0,610.06,51.92
2025-11-09,386,2,60.1,125.0,64.9,51.92
2025-07-26,427,2,64.43,134.0,69.57,51.91791044776119
2026-06-16,273,7,50.49,105.0,54.51,51.91428571428571
2026-06-29,440,1,437.51,288.0,149.51,51.91319444444444
2025-10-06,274,4,66.84,44.0,22.840000000000003,51.909090909090914
2025-10-24,383,1,48.61,32.0,16.61,51.90625
2026-02-02,418,0,209.63,138.0,71.63,51.90579710144927
2026-01-22,371,3,77.47,51.0,26.47,51.90196078431373
2025-11-01,404,1,4.81,10.0,5.19,51.9
2025-08-15,348,3,690.75,1436.0,745.25,51.897632311977716
2025-09-15,331,2,325.06,214.0,111.06,51.89719626168225
2025-10-03,432,0,1038.96,684.0,354.96000000000004,51.894736842105274
2025-09-17,280,7,49.55,103.0,53.45,51.893203883495154
2025-10-26,278,0,592.38,390.0,202.38,51.892307692307696
2025-10-21,372,0,1139.19,750.0,389.19000000000005,51.892
2025-12-22,320,3,224.8,148.0,76.80000000000001,51.891891891891895
2025-12-15,389,0,208.09,137.0,71.09,51.89051094890511
2026-05-29,344,2,370.61,244.0,126.61000000000001,51.88934426229509
2026-05-01,452,0,121.72,253.0,131.28,51.8893280632411
2026-02-02,282,0,492.12,324.0,168.12,51.88888888888889
2026-07-10,536,0,13.67,9.0,4.67,51.888888888888886
2025-09-10,336,2,41.01,27.0,14.009999999999998,51.888888888888886
2026-07-10,319,6,162.52,107.0,55.52000000000001,51.88785046728973
2026-03-12,392,4,77.46,51.0,26.459999999999994,51.88235294117646
2025-09-30,372,2,312.77,650.0,337.23,51.88153846153847
2025-10-27,382,1,282.49,186.0,96.49000000000001,51.87634408602151
2026-01-12,371,1,289.71,602.0,312.29,51.875415282392034
2025-12-06,383,1,24.3,16.0,8.3,51.87500000000001
2025-08-02,330,2,534.2,1110.0,575.8,51.87387387387387
2026-07-21,525,1,29.36,61.0,31.64,51.86885245901639
2026-06-15,292,4,194.39,128.0,66.38999999999999,51.867187499999986
2026-06-19,523,0,28.4,59.0,30.6,51.864406779661024
2026-07-09,339,3,66.82,44.0,22.819999999999993,51.863636363636346
2025-09-11,355,1,20.7,43.0,22.3,51.86046511627907
2026-03-27,435,0,127.09,264.0,136.91,51.859848484848484
2026-01-03,510,2,3.37,7.0,3.63,51.857142857142854
2025-10-02,427,2,63.55,132.0,68.45,51.85606060606061
2026-06-02,421,1,335.6,221.0,114.60000000000002,51.85520361990952
2026-03-11,476,1,72.7,151.0,78.3,51.854304635761586
2025-12-15,389,1,208.04,137.0,71.03999999999999,51.85401459854015
2025-09-18,398,3,135.15,89.0,46.150000000000006,51.85393258426967
2025-11-25,345,3,41.0,27.0,14.0,51.85185185185185
2025-09-01,282,3,30.37,20.0,10.370000000000001,51.85000000000001
2025-08-19,412,0,28.41,59.0,30.59,51.847457627118644
2026-03-06,374,3,6.26,13.0,6.74,51.846153846153854
2026-05-29,481,1,127.55,84.0,43.55,51.84523809523809
2026-05-08,418,1,48.59,32.0,16.590000000000003,51.843750000000014
2025-08-02,487,2,309.67,643.0,333.33,51.8398133748056
2025-10-17,279,2,74.65,155.0,80.35,51.838709677419345
2025-07-30,425,1,119.95,79.0,40.95,51.835443037974684
2026-03-15,430,0,122.82,255.0,132.18,51.83529411764706
2026-05-16,509,3,9.11,6.0,3.1099999999999994,51.83333333333332
2026-01-27,385,6,394.76,260.0,134.76,51.83076923076923
2026-06-20,498,0,79.0,164.0,85.0,51.829268292682926
2026-07-08,475,2,63.11,131.0,67.89,51.824427480916036
2025-08-27,405,2,8.19,17.0,8.81,51.82352941176471
2025-09-15,328,1,464.58,306.0,158.57999999999998,51.8235294117647
2025-08-08,318,2,79.01,164.0,84.99,51.823170731707314
2025-08-04,405,1,42.51,28.0,14.509999999999998,51.82142857142856
2025-12-06,386,1,355.26,234.0,121.25999999999999,51.82051282051282
2025-12-02,322,1,126.01,83.0,43.010000000000005,51.81927710843374
2026-01-12,396,2,309.71,204.0,105.70999999999998,51.81862745098038
2026-03-12,297,0,306.66,202.0,104.66000000000003,51.811881188118825
2026-01-22,389,0,197.35,130.0,67.35,51.8076923076923
2026-07-22,390,2,226.19,149.0,77.19,51.80536912751678
2025-10-08,413,1,170.02,112.0,58.02000000000001,51.80357142857144
2026-05-01,321,3,157.61,327.0,169.39,51.80122324159021
2026-02-19,419,2,22.77,15.0,7.77,51.800000000000004
2026-04-26,516,8,16.87,35.0,18.13,51.800000000000004
2025-09-28,274,3,98.67,65.0,33.67,51.800000000000004
2025-08-11,382,0,648.16,427.0,221.15999999999997,51.79391100702575
2025-10-25,373,5,329.39,217.0,112.38999999999999,51.79262672811059
2026-01-27,504,0,449.3,296.0,153.3,51.79054054054054
2026-05-28,404,0,98.83,205.0,106.17,51.79024390243902
2026-02-28,383,2,34.23,71.0,36.77,51.7887323943662
2025-10-01,353,0,802.96,529.0,273.96000000000004,51.78827977315691
2026-01-26,364,5,464.77,964.0,499.23,51.78734439834025
2025-08-30,357,5,69.91,145.0,75.09,51.786206896551725
2026-01-24,459,1,13.5,28.0,14.5,51.78571428571429
2025-11-05,362,0,116.68,242.0,125.32,51.78512396694215
2026-04-14,508,1,51.59,107.0,55.41,51.78504672897196
2026-01-23,327,5,261.07,172.0,89.07,51.78488372093023
2026-03-02,288,5,31.34,65.0,33.66,51.784615384615385
2025-10-29,348,3,497.85,328.0,169.85000000000002,51.783536585365866
2026-02-09,274,6,69.82,46.0,23.819999999999993,51.78260869565216
2026-05-05,432,1,415.88,274.0,141.88,51.78102189781022
2025-10-08,501,1,146.59,304.0,157.41,51.77960526315789
2026-06-25,374,3,13.66,9.0,4.66,51.77777777777778
2026-05-17,516,8,21.7,45.0,23.3,51.77777777777778
2026-02-19,510,6,333.91,220.0,113.91000000000003,51.77727272727274
2025-09-27,318,5,631.74,1310.0,678.26,51.775572519083966
2025-10-07,383,1,21.22,44.0,22.78,51.77272727272727
2026-04-29,441,1,118.38,78.0,40.379999999999995,51.76923076923077
2026-01-07,336,6,110.79,73.0,37.790000000000006,51.76712328767125
2026-05-23,371,2,182.12,120.0,62.120000000000005,51.76666666666667
2025-08-15,427,1,135.07,89.0,46.06999999999999,51.76404494382022
2026-03-15,419,4,44.86,93.0,48.14,51.76344086021506
2026-05-11,327,2,153.28,101.0,52.28,51.76237623762376
2026-05-14,523,1,37.94,25.0,12.939999999999998,51.76
2025-10-31,318,0,1182.21,779.0,403.21000000000004,51.759948652118105
2025-12-27,363,1,171.74,356.0,184.26,51.758426966292134
2026-01-02,363,4,320.21,211.0,109.20999999999998,51.75829383886254
2026-02-02,361,4,92.57,61.0,31.569999999999993,51.75409836065573
2025-10-16,405,1,99.87,207.0,107.13,51.7536231884058
2025-10-01,329,2,194.92,404.0,209.08,51.75247524752476
2025-08-09,355,4,421.87,278.0,143.87,51.751798561151084
2026-06-04,507,3,77.68,161.0,83.32,51.75155279503105
2026-05-18,424,0,12.14,8.0,4.140000000000001,51.75000000000001
2025-08-18,383,2,84.98,56.0,28.980000000000004,51.75000000000001
2026-01-10,404,1,5.79,12.0,6.21,51.74999999999999
2025-10-17,346,1,50.18,104.0,53.82,51.74999999999999
2025-11-08,336,3,178.53,370.0,191.47,51.74864864864864
2026-03-17,315,2,47.77,99.0,51.23,51.74747474747474
2025-08-03,289,4,28.47,59.0,30.53,51.74576271186441
2026-06-26,319,9,104.23,216.0,111.77,51.74537037037037
2026-05-29,436,0,637.33,420.0,217.33000000000004,51.7452380952381
2026-05-22,516,1,40.97,27.0,13.969999999999999,51.74074074074073
2025-09-17,496,1,376.43,780.0,403.57,51.73974358974359
2026-02-14,348,4,82.05,170.0,87.95,51.73529411764706
2026-04-25,288,5,101.66,67.0,34.66,51.731343283582085
2025-11-11,318,3,49.72,103.0,53.28,51.728155339805824
2025-09-25,384,3,15.93,33.0,17.07,51.727272727272734
2025-08-19,415,1,150.21,99.0,51.21000000000001,51.727272727272734
2026-01-20,425,2,171.45,113.0,58.44999999999999,51.725663716814154
2025-09-07,475,2,65.24,43.0,22.239999999999995,51.720930232558125
2026-02-24,403,2,39.59,82.0,42.41,51.71951219512194
2025-10-02,308,4,508.9,1054.0,545.1,51.717267552182165
2026-04-27,301,1,409.63,270.0,139.63,51.714814814814815
2026-01-14,397,4,127.44,84.0,43.44,51.714285714285715
2025-10-02,344,1,130.86,271.0,140.14,51.712177121771205
2026-03-09,297,2,41.53,86.0,44.47,51.7093023255814
2025-08-03,405,2,19.8,41.0,21.2,51.707317073170735
2025-08-18,344,3,479.39,316.0,163.39,51.705696202531634
2025-12-07,355,3,169.91,112.0,57.91,51.705357142857146
2026-06-29,472,0,517.31,341.0,176.30999999999995,51.70381231671553
2025-10-03,417,2,194.18,128.0,66.18,51.70312500000001
2025-10-02,343,4,209.13,433.0,223.87,51.70207852193995
2026-02-21,330,1,814.64,537.0,277.64,51.70204841713222
2025-11-07,336,7,53.13,110.0,56.87,51.7
2026-01-17,406,0,43.47,90.0,46.53,51.7
2026-06-25,531,0,45.51,30.0,15.509999999999998,51.69999999999999
2025-08-09,336,0,2375.59,1566.0,809.5900000000001,51.697956577266936
2026-06-02,340,4,554.52,1148.0,593.48,51.696864111498265
2026-02-04,319,9,84.95,56.0,28.950000000000003,51.69642857142858
2026-06-12,296,2,33.33,69.0,35.67,51.69565217391304
2025-11-28,423,0,706.9,466.0,240.89999999999998,51.69527896995708
2026-02-27,494,2,36.23,75.0,38.77,51.693333333333335
2025-08-16,297,1,875.26,577.0,298.26,51.69150779896013
2026-07-17,272,1,417.15,275.0,142.14999999999998,51.69090909090909
2026-02-14,396,3,154.59,320.0,165.41,51.690625000000004
2025-10-19,484,1,302.91,627.0,324.09,51.688995215310996
2025-10-21,282,3,30.92,64.0,33.08,51.6875
2026-03-27,366,1,861.58,568.0,293.58000000000004,51.68661971830987
2025-09-30,346,1,29.96,62.0,32.04,51.677419354838705
2026-06-08,419,3,51.57,34.0,17.57,51.67647058823529
2026-01-16,279,5,69.77,46.0,23.769999999999996,51.67391304347825
2025-08-02,384,2,58.96,122.0,63.04,51.67213114754098
2026-03-05,415,1,74.91,155.0,80.09,51.67096774193548
2026-02-12,318,5,244.19,161.0,83.19,51.670807453416145
2025-11-05,421,2,119.86,248.0,128.14,51.669354838709666
2026-05-22,277,2,1.45,3.0,1.55,51.66666666666667
2026-05-25,424,1,11.6,24.0,12.4,51.66666666666667
2026-04-27,450,0,323.05,213.0,110.05000000000001,51.66666666666667
2026-05-04,274,3,34.8,72.0,37.2,51.66666666666667
2026-02-19,319,4,4.35,9.0,4.65,51.66666666666667
2026-02-15,336,3,341.25,225.0,116.25,51.66666666666667
2025-08-03,277,2,2.9,6.0,3.1,51.66666666666667
2026-02-26,329,1,50.05,33.0,17.049999999999997,51.66666666666666
2025-11-06,327,4,225.98,149.0,76.97999999999999,51.66442953020134
2025-12-28,288,5,153.18,101.0,52.18000000000001,51.663366336633665
2026-05-11,336,6,116.78,77.0,39.78,51.66233766233766
2026-06-09,398,3,174.41,115.0,59.41,51.660869565217396
2025-10-26,388,1,354.88,234.0,120.88,51.65811965811966
2025-12-25,470,1,1220.69,2525.0,1304.31,51.65584158415841
2025-10-21,403,1,90.89,188.0,97.11,51.65425531914893
2026-06-18,334,3,83.64,173.0,89.36,51.653179190751445
2026-03-26,303,2,30.33,20.0,10.329999999999998,51.65
2026-01-16,441,0,236.57,156.0,80.57,51.64743589743589
2025-11-10,415,0,103.12,68.0,35.120000000000005,51.64705882352942
2025-09-17,496,0,377.16,780.0,402.84,51.646153846153844
2025-08-18,291,3,332.1,219.0,113.10000000000002,51.64383561643837
2025-11-05,327,4,142.17,294.0,151.83,51.642857142857146
2026-06-29,407,0,914.4,603.0,311.4,51.64179104477612
2026-01-20,510,1,934.11,616.0,318.11,51.641233766233775
2025-09-26,482,0,71.27,47.0,24.269999999999996,51.638297872340424
2025-10-22,400,2,69.16,143.0,73.84,51.63636363636363
2026-02-23,373,5,157.7,104.0,53.69999999999999,51.63461538461538
2026-01-27,327,1,227.45,150.0,77.44999999999999,51.63333333333333
2026-06-17,419,4,38.21,79.0,40.79,51.63291139240507
2026-03-14,370,2,348.75,230.0,118.75,51.63043478260869
2026-01-01,451,0,175.89,116.0,59.889999999999986,51.62931034482757
2025-10-26,355,6,326.0,215.0,111.0,51.627906976744185
2025-08-31,445,0,137.98,91.0,46.97999999999999,51.62637362637361
2026-03-16,336,2,36.39,24.0,12.39,51.625
2026-01-12,463,1,234.14,484.0,249.86,51.623966942148755
2026-04-10,397,4,141.01,93.0,48.00999999999999,51.62365591397848
2026-04-30,507,1,131.91,87.0,44.91,51.62068965517241
2025-07-31,356,1,489.73,323.0,166.73000000000002,51.619195046439636
2025-10-27,292,3,162.23,107.0,55.22999999999999,51.61682242990653
2026-04-04,417,2,256.23,169.0,87.23000000000002,51.61538461538463
2025-11-20,332,7,137.97,91.0,46.97,51.61538461538462
2025-12-05,501,1,42.58,88.0,45.42,51.61363636363636
2025-08-20,321,3,188.0,124.0,64.0,51.61290322580645
2025-09-14,348,4,188.0,124.0,64.0,51.61290322580645
2026-06-29,462,1,521.54,344.0,177.53999999999996,51.61046511627906
2026-01-27,436,0,403.28,266.0,137.27999999999997,51.60902255639097
2025-08-15,487,0,934.93,1932.0,997.07,51.60817805383024
2025-08-28,344,3,544.27,359.0,185.26999999999998,51.60724233983286
2025-09-05,382,1,242.45,501.0,258.55,51.606786427145714
2025-11-12,406,2,50.03,33.0,17.03,51.60606060606061
2026-05-29,441,0,203.15,134.0,69.15,51.604477611940304
2026-01-11,289,2,46.46,96.0,49.54,51.604166666666664
2026-05-21,288,2,110.67,73.0,37.67,51.6027397260274
2026-01-14,507,3,125.35,259.0,133.65,51.6023166023166
2025-08-14,319,6,133.41,88.0,45.41,51.60227272727273
2026-01-26,426,0,791.32,1635.0,843.68,51.60122324159021
2025-09-23,333,2,292.59,193.0,99.58999999999997,51.60103626943003
2026-07-22,361,4,7.26,15.0,7.74,51.6
2025-11-29,315,3,7.58,5.0,2.58,51.6
2025-10-27,291,0,923.24,609.0,314.24,51.59934318555008
2026-05-05,302,2,121.97,252.0,130.03,51.59920634920635
2026-05-30,477,1,278.94,184.0,94.94,51.59782608695652
2026-01-26,426,1,791.41,1635.0,843.59,51.59571865443425
2026-05-29,398,4,175.85,116.0,59.849999999999994,51.59482758620689
2026-05-15,282,0,375.95,248.0,127.94999999999999,51.592741935483865
2026-06-27,514,1,1349.16,890.0,459.1600000000001,51.591011235955065
2025-08-27,382,0,486.52,1005.0,518.48,51.59004975124378
2025-11-10,415,1,103.08,68.0,35.08,51.588235294117645
2026-01-02,289,1,183.42,121.0,62.41999999999999,51.58677685950413
2026-05-31,308,4,388.06,256.0,132.06,51.5859375
2025-10-26,364,4,1259.67,831.0,428.6700000000001,51.58483754512636
2026-03-03,282,3,17.43,36.0,18.57,51.583333333333336
2025-10-14,459,1,32.44,67.0,34.56,51.582089552238806
2025-12-18,334,3,130.36,86.0,44.360000000000014,51.58139534883722
2026-06-09,354,1,616.93,407.0,209.92999999999995,51.57985257985257
2025-08-16,343,1,983.75,649.0,334.75,51.579352850539294
2026-02-21,366,1,1127.7,744.0,383.70000000000005,51.572580645161295
2025-09-24,319,4,3.39,7.0,3.61,51.57142857142857
2026-01-30,336,2,42.44,28.0,14.439999999999998,51.57142857142857
2026-01-25,348,7,3.39,7.0,3.61,51.57142857142857
2025-12-18,425,2,257.67,170.0,87.67000000000002,51.570588235294125
2026-06-29,304,3,585.06,386.0,199.05999999999995,51.56994818652848
2025-07-30,480,4,28.09,58.0,29.91,51.56896551724138
2025-09-23,428,1,72.65,150.0,77.35,51.56666666666666
2025-10-24,288,6,7.75,16.0,8.25,51.5625
2026-03-17,503,1,62.97,130.0,67.03,51.56153846153846
2026-06-23,446,1,189.4,391.0,201.6,51.56010230179028
2025-10-26,427,1,216.73,143.0,73.72999999999999,51.55944055944055
2026-03-19,383,1,13.64,9.0,4.640000000000001,51.555555555555564
2025-12-01,465,0,193.99,128.0,65.99000000000001,51.55468750000001
2026-01-23,318,2,124.02,256.0,131.98000000000002,51.55468750000001
2025-08-03,482,2,63.95,132.0,68.05,51.5530303030303
2025-08-04,487,0,559.22,369.0,190.22000000000003,51.55013550135502
2026-06-20,498,1,79.47,164.0,84.53,51.542682926829265
2026-06-29,294,2,390.98,258.0,132.98000000000002,51.54263565891474
2025-08-28,340,1,575.85,380.0,195.85000000000002,51.539473684210535
2025-10-10,294,1,233.37,154.0,79.37,51.53896103896104
2026-05-09,319,3,98.5,65.0,33.5,51.53846153846153
2025-08-09,400,2,143.96,95.0,48.96000000000001,51.53684210526317
2025-10-29,281,5,136.38,90.0,46.379999999999995,51.53333333333333
2026-06-24,364,1,281.85,186.0,95.85000000000002,51.53225806451614
2025-11-05,325,3,194.85,402.0,207.15,51.52985074626866
2025-10-29,382,0,187.58,387.0,199.42,51.529715762273895
2026-05-10,522,0,25.76,17.0,8.760000000000002,51.52941176470589
2026-06-15,503,1,82.4,170.0,87.6,51.52941176470588
2026-07-01,316,3,116.33,240.0,123.67,51.52916666666667
2025-09-07,490,0,813.7,537.0,276.70000000000005,51.527001862197395
2026-01-18,422,0,378.81,250.0,128.81,51.524
2026-07-12,387,2,133.34,88.0,45.34,51.52272727272727
2026-06-12,419,2,34.42,71.0,36.58,51.52112676056338
2026-02-14,392,2,274.88,567.0,292.12,51.520282186948855
2026-07-06,336,3,122.73,81.0,41.730000000000004,51.51851851851852
2026-06-04,303,0,207.58,137.0,70.58000000000001,51.51824817518249
2026-01-08,482,0,93.94,62.0,31.939999999999998,51.516129032258064
2026-06-22,320,3,140.91,93.0,47.91,51.516129032258064
2026-03-03,509,7,103.03,68.0,35.03,51.51470588235294
2026-05-16,319,7,16.97,35.0,18.03,51.51428571428571
2025-09-12,384,3,19.88,41.0,21.12,51.51219512195122
2025-10-21,380,1,131.41,271.0,139.59,51.50922509225092
2026-06-23,446,0,189.61,391.0,201.39,51.506393861892576
2025-10-16,417,1,200.28,413.0,212.72,51.50605326876513
2026-04-14,418,1,49.95,103.0,53.05,51.504854368932044
2026-03-19,273,2,80.02,165.0,84.98,51.50303030303031
2025-08-18,319,4,9.09,6.0,3.09,51.5
2026-05-19,405,1,8.73,18.0,9.27,51.5
2025-12-08,406,2,54.54,36.0,18.54,51.5
2025-08-28,320,5,148.47,98.0,50.47,51.5
2025-11-22,404,1,3.88,8.0,4.12,51.5
2026-07-21,272,4,6.06,4.0,2.0599999999999996,51.49999999999999
2026-03-22,409,2,3.03,2.0,1.0299999999999998,51.49999999999999
2026-04-06,319,7,24.24,16.0,8.239999999999998,51.49999999999999
2025-08-07,413,2,133.32,88.0,45.31999999999999,51.49999999999999
2026-06-15,510,2,628.72,415.0,213.72000000000003,51.4987951807229
2026-06-13,449,1,386.32,255.0,131.32,51.498039215686276
2025-10-29,361,3,328.75,217.0,111.75,51.49769585253456
2026-04-11,516,7,62.57,129.0,66.43,51.49612403100776
2025-10-13,502,1,348.44,230.0,118.44,51.495652173913044
2026-06-25,488,0,168.16,111.0,57.16,51.49549549549549
2026-04-03,322,1,97.5,201.0,103.5,51.49253731343284
2025-09-05,362,3,80.04,165.0,84.96,51.490909090909085
2026-03-05,480,5,80.29,53.0,27.290000000000006,51.49056603773586
2025-10-05,382,2,605.96,400.0,205.96000000000004,51.490000000000016
2025-08-16,414,1,419.62,277.0,142.62,51.48736462093863
2026-07-18,520,2,70.83,146.0,75.17,51.48630136986302
2026-01-18,319,4,15.04,31.0,15.96,51.48387096774194
2026-03-11,476,0,73.26,151.0,77.74,51.483443708609265
2026-01-27,364,5,245.4,162.0,83.4,51.48148148148148
2026-05-19,475,2,57.74,119.0,61.26,51.47899159663866
2026-05-28,308,3,71.33,147.0,75.67,51.476190476190474
2026-01-15,315,2,118.15,78.0,40.150000000000006,51.47435897435898
2026-06-29,281,5,57.56,38.0,19.560000000000002,51.47368421052633
2026-07-07,319,7,25.75,17.0,8.75,51.470588235294116
2026-07-10,480,4,23.78,49.0,25.22,51.469387755102034
2025-08-12,315,2,195.39,129.0,66.38999999999999,51.465116279069754
2026-03-15,516,8,19.9,41.0,21.1,51.463414634146346
2026-05-01,341,2,308.7,636.0,327.3,51.46226415094339
2026-02-20,419,3,17.96,37.0,19.04,51.45945945945945
2026-06-20,319,7,36.35,24.0,12.350000000000001,51.45833333333334
2025-11-10,373,1,177.2,117.0,60.19999999999999,51.45299145299145
2025-09-07,392,2,257.47,170.0,87.47000000000003,51.4529411764706
2025-11-07,280,1,20.39,42.0,21.61,51.45238095238095
2025-12-25,427,0,422.37,870.0,447.63,51.45172413793103
2026-03-09,481,2,34.47,71.0,36.53,51.45070422535212
2026-02-09,318,3,43.92,29.0,14.920000000000002,51.44827586206897
2026-06-02,521,1,13.63,9.0,4.630000000000001,51.44444444444445
2026-02-27,479,2,4.37,9.0,4.63,51.44444444444445
2025-08-15,337,0,661.34,1362.0,700.66,51.44346549192363
2025-08-02,340,2,829.91,1709.0,879.09,51.43885313048566
2026-02-15,455,1,381.61,252.0,129.61,51.43253968253969
2025-10-11,501,1,231.19,476.0,244.81,51.430672268907564
2026-01-16,441,1,236.23,156.0,80.22999999999999,51.429487179487175
2025-11-17,339,3,42.4,28.0,14.399999999999999,51.42857142857142
2026-04-21,319,4,10.6,7.0,3.5999999999999996,51.42857142857142
2026-02-13,411,1,195.34,129.0,66.34,51.42635658914729
2025-09-14,421,1,357.36,236.0,121.36000000000001,51.423728813559336
2025-09-06,318,3,39.37,26.0,13.369999999999997,51.42307692307691
2026-04-03,336,4,77.24,159.0,81.76,51.42138364779875
2026-02-23,374,4,28.77,19.0,9.77,51.421052631578945
2026-03-25,332,7,75.71,50.0,25.709999999999994,51.41999999999999
2026-02-15,351,1,581.45,384.0,197.45000000000005,51.41927083333334
2026-06-29,320,9,467.88,309.0,158.88,51.41747572815534
2025-10-25,371,1,228.64,151.0,77.63999999999999,51.41721854304635
2026-04-09,383,2,36.34,24.0,12.340000000000003,51.41666666666668
2025-11-27,403,5,17.49,36.0,18.51,51.416666666666664
2025-11-14,320,8,134.76,89.0,45.75999999999999,51.41573033707865
2025-10-03,302,3,400.83,825.0,424.17,51.414545454545454
2026-02-18,383,0,28.18,58.0,29.82,51.41379310344828
2026-02-28,362,0,296.77,196.0,100.76999999999998,51.41326530612243
2026-02-11,505,2,25.74,17.0,8.739999999999998,51.41176470588235
2026-04-28,332,3,136.27,90.0,46.27000000000001,51.41111111111112
2026-03-03,413,2,89.33,59.0,30.33,51.40677966101694
2026-03-15,430,1,123.92,255.0,131.07999999999998,51.40392156862744
2025-08-09,281,5,195.31,129.0,66.31,51.4031007751938
2026-07-14,280,4,1091.61,721.0,370.6099999999999,51.402219140083204
2025-07-24,473,1,4.86,10.0,5.14,51.4
2025-08-07,319,3,58.32,120.0,61.68,51.4
2026-03-25,384,3,30.28,20.0,10.280000000000001,51.4
2025-12-28,315,3,7.29,15.0,7.71,51.4
2026-07-03,320,1,458.74,303.0,155.74,51.3993399339934
2026-07-07,472,0,239.21,158.0,81.21000000000001,51.398734177215196
2026-04-15,392,4,155.94,103.0,52.94,51.398058252427184
2026-06-06,348,2,122.63,81.0,41.629999999999995,51.39506172839505
2026-04-21,308,2,119.6,79.0,40.599999999999994,51.392405063291136
2026-03-04,505,2,11.18,23.0,11.82,51.391304347826086
2026-01-27,466,0,124.14,82.0,42.14,51.390243902439025
2025-11-02,374,2,17.5,36.0,18.5,51.388888888888886
2026-04-07,279,4,109.0,72.0,37.0,51.388888888888886
2026-04-07,498,1,81.75,54.0,27.75,51.388888888888886
2025-09-07,417,1,339.11,224.0,115.11000000000001,51.38839285714286
2026-06-29,373,5,192.26,127.0,65.25999999999999,51.385826771653534
2025-10-02,419,0,176.47,363.0,186.53,51.38567493112948
2025-08-16,413,2,290.66,192.0,98.66000000000003,51.385416666666686
2026-05-29,363,2,817.48,540.0,277.48,51.385185185185186
2025-11-28,505,2,243.58,501.0,257.41999999999996,51.381237524950095
2026-04-01,506,0,246.75,163.0,83.75,51.380368098159515
2026-02-20,396,3,107.48,71.0,36.480000000000004,51.38028169014085
2025-08-18,301,3,387.53,256.0,131.52999999999997,51.378906249999986
2025-08-27,320,8,68.56,141.0,72.44,51.37588652482269
2026-02-13,282,3,36.33,24.0,12.329999999999998,51.37499999999999
2025-12-25,472,1,719.7,1480.0,760.3,51.37162162162162
2026-06-15,507,2,139.26,92.0,47.25999999999999,51.3695652173913
2026-01-28,341,0,479.84,317.0,162.83999999999997,51.369085173501574
2025-08-20,331,1,106.99,220.0,113.01,51.368181818181824
2025-08-28,384,1,42.31,87.0,44.69,51.36781609195402
2026-03-05,415,0,75.38,155.0,79.62,51.36774193548388
2025-11-05,455,1,213.51,439.0,225.49,51.36446469248291
2025-12-25,470,0,1228.05,2525.0,1296.95,51.364356435643565
2025-12-26,370,0,2135.75,1411.0,724.75,51.36428065201984
2025-10-04,472,1,490.42,324.0,166.42000000000002,51.364197530864196
2025-11-20,503,1,104.44,69.0,35.44,51.362318840579704
2025-08-20,494,1,87.79,58.0,29.790000000000006,51.36206896551725
2026-02-06,338,2,31.13,64.0,32.870000000000005,51.35937500000001
2025-12-22,361,7,590.3,390.0,200.29999999999995,51.35897435897435
2026-06-11,483,0,523.7,346.0,177.70000000000005,51.35838150289018
2026-03-04,358,3,523.39,1076.0,552.61,51.35780669144982
2026-06-16,516,3,239.14,158.0,81.13999999999999,51.35443037974683
2026-01-16,382,2,294.8,606.0,311.2,51.353135313531354
2026-03-27,320,7,205.84,136.0,69.84,51.35294117647059
2026-01-09,280,1,34.54,71.0,36.46,51.352112676056336
2026-02-19,512,2,81.73,54.0,27.730000000000004,51.35185185185186
2026-05-05,324,4,198.27,131.0,67.27000000000001,51.35114503816794
2025-08-15,320,5,374.6,770.0,395.4,51.35064935064935
2026-03-20,398,1,53.03,109.0,55.97,51.34862385321101
2025-09-27,398,1,108.97,72.0,36.97,51.34722222222222
2025-10-29,482,1,74.16,49.0,25.159999999999997,51.346938775510196
2026-04-14,508,0,52.06,107.0,54.94,51.34579439252336
2025-11-28,291,5,351.29,722.0,370.71,51.34487534626039
2025-12-10,289,2,14.11,29.0,14.89,51.3448275862069
2025-11-18,388,3,52.97,35.0,17.97,51.342857142857135
2026-04-13,273,0,1716.21,1134.0,582.21,51.34126984126984
2025-11-05,397,4,91.48,188.0,96.52,51.34042553191489
2026-03-20,456,1,180.09,119.0,61.09,51.33613445378151
2025-11-06,419,2,31.78,21.0,10.780000000000001,51.33333333333334
2026-07-23,448,2,7.3,15.0,7.7,51.33333333333333
2025-08-26,475,2,10.22,21.0,10.78,51.33333333333333
2026-03-08,315,3,1.46,3.0,1.54,51.33333333333333
2026-03-05,279,4,80.79,166.0,85.21,51.331325301204814
2026-03-19,504,0,526.62,348.0,178.62,51.327586206896555
2025-11-05,403,0,409.34,841.0,431.66,51.3269916765755
2026-05-28,428,0,78.69,52.0,26.689999999999998,51.32692307692307
2025-07-26,444,2,749.06,495.0,254.05999999999995,51.325252525252516
2025-11-05,440,0,354.37,728.0,373.63,51.3228021978022
2025-10-21,392,1,221.0,454.0,233.0,51.3215859030837
2025-11-01,373,2,635.55,420.0,215.54999999999995,51.32142857142856
2026-03-04,446,1,147.01,302.0,154.99,51.32119205298014
2026-05-03,361,5,122.57,81.0,41.56999999999999,51.32098765432098
2025-09-24,449,0,236.06,156.0,80.06,51.32051282051282
2025-08-25,403,5,24.34,50.0,25.66,51.32
2026-01-28,424,0,37.83,25.0,12.829999999999998,51.319999999999986
2025-11-27,452,1,104.41,69.0,35.41,51.31884057971015
2025-10-18,358,1,1134.88,750.0,384.8800000000001,51.31733333333335
2025-11-05,455,0,213.72,439.0,225.28,51.31662870159454
2026-01-02,348,3,301.11,199.0,102.11000000000001,51.311557788944725
2025-08-18,320,2,248.15,164.0,84.15,51.310975609756106
2025-11-03,320,5,243.61,161.0,82.61000000000001,51.310559006211186
2025-08-28,347,0,947.2,626.0,321.20000000000005,51.30990415335464
2026-01-22,355,1,18.99,39.0,20.01,51.30769230769231
2025-09-05,388,2,42.85,88.0,45.15,51.30681818181818
2025-10-27,395,0,322.28,213.0,109.27999999999997,51.30516431924881
2025-11-05,440,1,354.53,728.0,373.47,51.300824175824175
2026-05-18,383,1,15.13,10.0,5.130000000000001,51.30000000000001
2025-08-19,421,0,258.72,171.0,87.72000000000003,51.298245614035096
2025-10-24,494,0,223.92,148.0,75.91999999999999,51.297297297297284
2026-04-05,289,4,39.45,81.0,41.55,51.2962962962963
2025-10-25,336,7,39.45,81.0,41.55,51.2962962962963
2026-01-16,331,1,469.01,310.0,159.01,51.29354838709678
2026-07-16,370,2,239.04,158.0,81.03999999999999,51.291139240506325
2025-10-12,319,4,15.1,31.0,15.9,51.29032258064517
2026-05-05,304,1,142.72,293.0,150.28,51.2901023890785
2026-06-26,516,9,29.23,60.0,30.77,51.28333333333334
2026-01-18,429,0,1951.52,1290.0,661.52,51.28062015503876
2025-08-08,279,5,83.8,172.0,88.2,51.27906976744187
2026-06-06,514,1,1698.83,1123.0,575.8299999999999,51.2760463045414
2026-04-19,516,1,35.57,73.0,37.43,51.273972602739725
2026-02-06,386,3,33.28,22.0,11.280000000000001,51.27272727272728
2026-06-21,383,1,37.52,77.0,39.48,51.272727272727266
2026-01-28,426,0,344.9,228.0,116.89999999999998,51.27192982456139
2025-12-20,475,2,75.53,155.0,79.47,51.27096774193548
2025-11-30,485,2,151.27,100.0,51.27000000000001,51.27000000000002
2026-04-14,388,2,52.63,108.0,55.37,51.26851851851851
2025-08-15,320,2,411.3,844.0,432.7,51.26777251184834
2026-01-13,362,1,21.93,45.0,23.07,51.26666666666667
2026-01-02,486,0,102.83,211.0,108.17,51.26540284360189
2025-09-29,392,3,90.16,185.0,94.84,51.26486486486487
2026-01-30,383,0,63.53,42.0,21.53,51.261904761904766
2026-07-17,355,4,128.57,85.0,43.56999999999999,51.25882352941176
2025-07-24,419,4,34.61,71.0,36.39,51.25352112676056
2026-01-05,441,0,228.39,151.0,77.38999999999999,51.25165562913906
2026-03-09,516,5,12.1,8.0,4.1,51.24999999999999
2026-02-09,383,0,48.4,32.0,16.4,51.24999999999999
2025-08-04,319,4,12.1,8.0,4.1,51.24999999999999
2025-11-13,319,1,36.3,24.0,12.299999999999997,51.249999999999986
2025-08-23,448,1,273.76,181.0,92.75999999999999,51.248618784530386
2025-10-20,493,1,134.61,89.0,45.610000000000014,51.24719101123597
2025-09-24,461,0,92.26,61.0,31.260000000000005,51.24590163934427
2025-09-10,383,0,43.86,29.0,14.86,51.241379310344826
2026-03-02,458,1,225.76,463.0,237.24,51.23974082073435
2026-01-27,278,1,337.26,223.0,114.25999999999999,51.23766816143497
2025-08-15,320,3,224.8,461.0,236.2,51.23644251626898
2025-11-23,485,0,792.46,524.0,268.46000000000004,51.23282442748093
2025-11-28,291,3,373.57,766.0,392.43,51.231070496083554
2025-11-28,355,6,178.01,365.0,186.99,51.230136986301375
2026-05-03,428,0,179.96,119.0,60.96000000000001,51.226890756302524
2026-05-29,419,4,23.9,49.0,25.1,51.22448979591837
2025-11-24,405,2,13.61,9.0,4.609999999999999,51.222222222222214
2026-05-29,331,0,3322.34,2197.0,1125.3400000000001,51.221665908056444
2026-04-27,450,1,322.1,213.0,109.10000000000002,51.22065727699532
2026-03-21,340,4,55.95,37.0,18.950000000000003,51.216216216216225
2025-08-13,419,4,42.34,28.0,14.340000000000003,51.21428571428572
2025-10-24,316,3,254.04,168.0,86.03999999999999,51.214285714285715
2026-03-03,357,4,99.8,66.0,33.8,51.21212121212121
2026-03-29,516,7,81.48,167.0,85.52,51.209580838323355
2025-09-12,383,1,11.71,24.0,12.29,51.208333333333336
2026-04-07,384,1,51.41,34.0,17.409999999999997,51.20588235294117
2026-03-08,319,0,1173.35,776.0,397.3499999999999,51.20489690721648
2026-06-30,486,1,210.17,139.0,71.16999999999999,51.20143884892086
2025-09-27,318,4,591.98,1213.0,621.02,51.197032151690024
2025-11-17,445,0,92.23,61.0,31.230000000000004,51.196721311475414
2026-05-29,441,1,202.6,134.0,68.6,51.19402985074627
2025-10-06,305,4,195.04,129.0,66.03999999999999,51.193798449612395
2026-01-17,413,1,187.48,124.0,63.47999999999999,51.19354838709677
2025-07-24,384,2,35.63,73.0,37.37,51.19178082191781
2025-10-30,428,1,43.44,89.0,45.56,51.19101123595507
2026-02-26,333,1,270.63,179.0,91.63,51.18994413407821
2025-10-27,395,1,322.03,213.0,109.02999999999997,51.187793427230034
2026-03-27,510,3,113.25,232.0,118.75,51.185344827586206
2026-04-03,331,1,345.12,707.0,361.88,51.18528995756718
2026-01-25,319,7,55.65,114.0,58.35,51.18421052631579
2025-10-03,417,0,387.03,256.0,131.02999999999997,51.183593749999986
2026-04-03,291,1,227.49,466.0,238.51,51.182403433476395
2026-04-15,341,1,237.35,157.0,80.35,51.17834394904458
2026-03-19,281,5,8.3,17.0,8.7,51.17647058823529
2026-01-27,302,1,232.81,154.0,78.81,51.175324675324674
2026-02-15,274,6,181.41,120.0,61.41,51.17499999999999
2026-02-21,298,1,380.96,252.0,128.95999999999998,51.17460317460316
2026-02-05,336,1,113.38,75.0,38.379999999999995,51.173333333333325
2026-05-28,428,1,78.61,52.0,26.61,51.17307692307692
2025-09-20,403,5,40.53,83.0,42.47,51.16867469879518
2026-01-17,336,2,55.18,113.0,57.82,51.16814159292036
2026-03-11,340,4,14.65,30.0,15.35,51.16666666666666
2026-07-18,315,1,701.41,464.0,237.40999999999997,51.165948275862064
2026-06-24,523,1,24.42,50.0,25.58,51.16
2026-02-28,282,4,66.51,44.0,22.510000000000005,51.15909090909092
2026-01-17,406,2,43.96,90.0,46.04,51.15555555555555
2026-05-06,405,0,19.65,13.0,6.649999999999999,51.15384615384614
2026-01-27,450,1,364.28,241.0,123.27999999999997,51.153526970954346
2026-04-01,365,0,1423.86,942.0,481.8599999999999,51.15286624203821
2026-02-15,433,0,516.93,342.0,174.92999999999995,51.149122807017534
2026-06-28,273,4,1098.85,727.0,371.8499999999999,51.14855570839063
2025-09-23,428,0,73.28,150.0,76.72,51.14666666666666
2026-05-25,411,1,73.28,150.0,76.72,51.14666666666666
2026-03-02,400,3,20.52,42.0,21.48,51.142857142857146
2025-11-26,405,1,31.74,21.0,10.739999999999998,51.14285714285713
2026-06-20,356,0,1797.07,1189.0,608.0699999999999,51.1412952060555
2025-12-01,465,1,193.46,128.0,65.46000000000001,51.14062500000001
2026-05-10,273,1,312.86,207.0,105.86000000000001,51.14009661835749
2025-08-13,340,4,43.83,29.0,14.829999999999998,51.137931034482754
2026-07-20,337,2,264.49,175.0,89.49000000000001,51.13714285714286
2025-08-28,494,2,110.33,73.0,37.33,51.13698630136986
2026-06-29,505,2,36.16,74.0,37.84,51.13513513513514
2025-09-30,404,1,7.33,15.0,7.67,51.13333333333333
2025-09-03,383,1,7.33,15.0,7.67,51.13333333333333
2026-07-21,319,4,7.33,15.0,7.67,51.13333333333333
2026-03-03,346,1,33.72,69.0,35.28,51.1304347826087
2026-07-20,488,1,238.78,158.0,80.78,51.12658227848102
2026-06-26,337,3,100.68,206.0,105.32,51.12621359223301
2026-05-25,424,0,11.73,24.0,12.27,51.125
2026-03-22,467,1,1231.65,815.0,416.6500000000001,51.12269938650308
2025-11-23,283,0,1295.12,857.0,438.1199999999999,51.122520420069996
2026-02-15,455,0,380.82,252.0,128.82,51.11904761904762
2026-02-02,291,2,77.07,51.0,26.069999999999993,51.117647058823515
2026-01-29,489,1,66.97,137.0,70.03,51.11678832116788
2026-06-23,498,1,76.26,156.0,79.74,51.115384615384606
2025-10-23,324,4,262.94,174.0,88.94,51.11494252873563
2026-05-30,477,0,278.05,184.0,94.05000000000001,51.11413043478261
2025-08-03,486,0,291.36,596.0,304.64,51.11409395973154
2026-04-13,481,0,195.06,399.0,203.94,51.11278195488722
2025-09-06,371,2,13.6,9.0,4.6,51.11111111111111
2026-04-07,419,2,13.6,9.0,4.6,51.11111111111111
2025-11-12,305,5,326.4,216.0,110.39999999999998,51.11111111111109
2025-10-18,405,0,207.02,137.0,70.02000000000001,51.109489051094904
2026-05-11,480,6,55.91,37.0,18.909999999999997,51.1081081081081
2026-05-15,409,2,32.27,66.0,33.73,51.1060606060606
2026-01-19,507,2,114.84,76.0,38.84,51.10526315789474
2026-01-30,338,2,42.05,86.0,43.95,51.1046511627907
2025-07-28,355,1,23.47,48.0,24.53,51.10416666666667
2026-06-11,280,1,58.93,39.0,19.93,51.102564102564095
2025-11-09,419,4,62.1,127.0,64.9,51.102362204724415
2025-10-22,353,2,112.47,230.0,117.53,51.1
2026-03-04,446,0,147.68,302.0,154.32,51.09933774834437
2025-10-20,317,2,188.27,385.0,196.73,51.0987012987013
2026-06-17,442,2,10.27,21.0,10.73,51.095238095238095
2026-04-19,405,2,15.65,32.0,16.35,51.09375000000001
2025-10-21,364,3,1121.11,742.0,379.1099999999999,51.09299191374662
2026-03-31,403,2,49.86,33.0,16.86,51.090909090909086
2026-02-21,362,3,309.73,205.0,104.73000000000002,51.08780487804879
2025-09-02,481,0,280.79,574.0,293.21,51.08188153310104
2026-03-27,332,3,185.83,123.0,62.83000000000001,51.081300813008134
2025-11-05,494,2,60.17,123.0,62.83,51.08130081300813
2026-07-02,479,2,12.72,26.0,13.28,51.07692307692307
2026-03-15,320,4,230.43,471.0,240.57,51.07643312101911
2026-04-03,334,3,79.26,162.0,82.74,51.07407407407407
2025-11-06,397,4,146.54,97.0,49.53999999999999,51.072164948453604
2026-06-29,354,3,654.14,433.0,221.14,51.07159353348729
2026-01-02,389,1,386.73,256.0,130.73000000000002,51.06640625000001
2025-09-07,357,5,160.13,106.0,54.129999999999995,51.06603773584906
2026-03-30,469,1,67.04,137.0,69.96,51.065693430656935
2026-05-07,306,1,68.51,140.0,71.49,51.06428571428571
2025-12-07,398,2,23.0,47.0,24.0,51.06382978723404
2026-05-02,521,0,24.17,16.0,8.170000000000002,51.062500000000014
2025-10-28,401,1,79.78,163.0,83.22,51.055214723926376
2025-10-25,482,1,143.5,95.0,48.5,51.05263157894737
2025-10-13,282,4,87.61,58.0,29.61,51.05172413793103
2025-10-27,400,0,335.33,222.0,113.32999999999998,51.049549549549546
2025-11-13,363,1,10.77,22.0,11.23,51.04545454545455
2025-08-27,291,5,217.36,444.0,226.64,51.04504504504504
2025-08-03,486,1,291.78,596.0,304.22,51.04362416107383
2026-03-05,419,0,45.53,93.0,47.47,51.04301075268817
2025-12-05,475,2,23.99,49.0,25.01,51.04081632653062
2026-03-04,486,1,97.43,199.0,101.57,51.04020100502512
2026-07-03,396,0,705.34,467.0,238.34000000000003,51.03640256959315
2026-03-19,390,1,212.02,433.0,220.98,51.03464203233257
2025-11-17,423,1,578.46,383.0,195.46000000000004,51.033942558746745
2026-03-24,340,1,448.57,297.0,151.57,51.033670033670035
2025-08-28,364,2,185.77,123.0,62.77000000000001,51.03252032520326
2025-11-05,421,1,177.27,362.0,184.73,51.030386740331494
2026-06-29,316,2,329.24,218.0,111.24000000000001,51.02752293577982
2026-06-21,509,4,46.53,95.0,48.47,51.02105263157895
2026-02-13,512,2,51.92,106.0,54.08,51.0188679245283
2026-02-18,280,1,27.43,56.0,28.57,51.017857142857146
2025-10-02,331,6,524.11,1070.0,545.89,51.017757009345786
2025-08-01,404,2,116.58,238.0,121.42,51.016806722689076
2025-10-18,435,0,123.93,253.0,129.07,51.015810276679844
2025-09-07,490,1,810.94,537.0,273.94000000000005,51.01303538175047
2025-11-08,291,2,106.31,217.0,110.69,51.00921658986175
2026-01-01,325,1,234.2,478.0,243.8,51.00418410041841
2025-08-21,403,0,468.11,310.0,158.11,51.00322580645161
2026-03-31,274,7,36.24,24.0,12.240000000000002,51.000000000000014
2025-10-31,315,3,3.02,2.0,1.02,51.0
2026-05-27,374,2,12.08,8.0,4.08,51.0
2026-01-03,315,3,1.96,4.0,2.04,51.0
2025-10-30,428,0,43.61,89.0,45.39,51.0
2026-07-07,334,2,5.39,11.0,5.61,51.0
2025-11-24,348,7,0.49,1.0,0.51,51.0
2026-07-16,384,3,21.14,14.0,7.140000000000001,51.0
2026-04-03,419,2,17.15,35.0,17.85,51.0
2026-07-20,296,3,0.98,2.0,1.02,51.0
2026-01-21,409,2,0.98,2.0,1.02,51.0
2026-03-13,482,2,21.14,14.0,7.140000000000001,51.0
2026-06-24,509,3,11.76,24.0,12.24,51.0
2026-02-15,373,1,6.04,4.0,2.04,51.0
2025-10-14,374,3,13.59,9.0,4.59,51.0
2025-08-18,348,1,169.12,112.0,57.120000000000005,51.0
2026-03-04,495,1,167.58,342.0,174.42,51.0
2025-09-10,338,2,89.09,59.0,30.090000000000003,51.0
2026-02-20,289,2,16.61,11.0,5.609999999999999,50.99999999999999
2025-09-03,466,0,152.51,101.0,51.50999999999999,50.99999999999999
2026-03-19,385,2,323.45,660.0,336.55,50.99242424242424
2026-02-28,494,2,61.26,125.0,63.74,50.992000000000004
2025-12-29,369,2,828.94,549.0,279.94000000000005,50.990892531876156
2026-03-05,427,0,150.99,100.0,50.99000000000001,50.990000000000016
2025-08-02,334,2,97.53,199.0,101.47,50.98994974874371
2026-06-09,447,0,237.05,157.0,80.05000000000001,50.98726114649682
2025-09-30,418,2,129.89,265.0,135.11,50.984905660377365
2025-10-02,332,1,370.56,756.0,385.44,50.98412698412699
2025-10-30,320,6,178.16,118.0,60.16,50.98305084745762
2025-08-16,361,1,167.59,111.0,56.59,50.98198198198198
2025-09-07,336,4,320.08,212.0,108.07999999999998,50.98113207547169
2025-09-24,449,1,235.53,156.0,79.53,50.980769230769226
2025-10-21,373,2,626.57,415.0,211.57000000000005,50.98072289156627
2026-02-18,452,0,63.41,42.0,21.409999999999997,50.97619047619047
2026-06-01,409,2,61.9,41.0,20.9,50.97560975609756
2026-05-25,411,0,73.54,150.0,76.46,50.97333333333333
2025-10-24,334,3,169.09,112.0,57.09,50.973214285714285
2026-03-18,355,1,18.14,37.0,18.86,50.972972972972975
2026-01-26,455,1,557.44,1137.0,579.56,50.97273526824978
2026-04-01,506,1,246.08,163.0,83.08000000000001,50.96932515337424
2025-07-25,339,4,95.11,63.0,32.11,50.96825396825396
2025-10-01,291,6,90.22,184.0,93.78,50.96739130434783
2025-12-25,472,0,1453.37,2964.0,1510.63,50.96592442645075
2025-09-05,502,1,407.49,831.0,423.51,50.96389891696751
2026-03-19,343,4,203.51,415.0,211.49,50.96144578313253
2026-01-17,458,1,297.39,197.0,100.38999999999999,50.959390862944154
2026-04-04,509,1,11.77,24.0,12.23,50.958333333333336
2026-04-30,516,1,36.23,24.0,12.229999999999997,50.958333333333314
2025-09-27,405,0,67.68,138.0,70.32,50.95652173913044
2025-08-13,307,2,723.08,479.0,244.08000000000004,50.9561586638831
2025-09-25,319,2,33.35,68.0,34.65,50.955882352941174
2026-03-05,425,2,118.69,242.0,123.31,50.95454545454545
2025-12-01,388,1,95.1,63.0,32.099999999999994,50.952380952380935
2026-05-13,319,5,30.19,20.0,10.190000000000001,50.95
2025-12-11,406,2,58.86,120.0,61.14,50.949999999999996
2025-12-22,404,2,293.83,599.0,305.17,50.946577629382304
2026-03-02,398,1,25.51,52.0,26.49,50.942307692307686
2025-12-23,383,2,53.97,110.0,56.03,50.93636363636364
2025-10-07,336,7,45.63,93.0,47.37,50.93548387096774
2026-02-10,386,2,46.79,31.0,15.79,50.93548387096774
2026-01-18,436,1,1014.27,672.0,342.27,50.933035714285715
2026-01-30,346,4,176.59,117.0,59.59,50.93162393162394
2026-02-15,332,4,519.2,344.0,175.20000000000005,50.930232558139544
2026-01-24,374,3,6.87,14.0,7.13,50.92857142857142
2026-06-29,308,10,655.03,434.0,221.02999999999997,50.92857142857142
2026-01-27,325,0,802.93,532.0,270.92999999999995,50.9266917293233
2025-09-05,419,3,31.9,65.0,33.1,50.92307692307693
2025-09-28,363,3,427.11,283.0,144.11,50.92226148409894
2026-04-10,427,2,57.35,38.0,19.35,50.92105263157896
2026-07-17,534,3,18.16,37.0,18.84,50.91891891891892
2025-10-08,297,0,324.47,215.0,109.47000000000003,50.916279069767455
2026-01-01,412,0,149.72,305.0,155.28,50.91147540983607
2026-02-12,486,1,65.29,133.0,67.71,50.90977443609022
2025-12-03,463,2,191.65,127.0,64.65,50.90551181102363
2025-09-22,502,1,346.61,706.0,359.39,50.905099150141645
2025-09-21,288,6,31.69,21.0,10.690000000000001,50.904761904761905
2025-11-30,315,3,10.31,21.0,10.69,50.9047619047619
2026-04-16,282,0,472.33,313.0,159.32999999999998,50.904153354632584
2025-09-10,388,4,107.14,71.0,36.14,50.901408450704224
2025-11-03,398,2,15.09,10.0,5.09,50.9
2025-10-21,311,1,677.54,449.0,228.53999999999996,50.89977728285076
2025-10-21,320,3,203.77,415.0,211.23,50.898795180722885
2026-01-21,510,5,319.9,212.0,107.89999999999998,50.896226415094326
2025-11-26,363,2,618.67,410.0,208.66999999999996,50.8951219512195
2026-05-23,424,0,9.33,19.0,9.67,50.89473684210526
2026-03-28,459,0,297.26,197.0,100.25999999999999,50.89340101522842
2026-07-03,472,2,126.75,84.0,42.75,50.89285714285714
2025-07-29,487,2,45.18,92.0,46.82,50.891304347826086
2026-04-15,442,2,13.58,9.0,4.58,50.88888888888889
2026-02-25,319,3,40.74,27.0,13.740000000000002,50.88888888888889
2026-04-14,370,2,215.11,438.0,222.89,50.88812785388127
2026-03-19,453,1,468.54,954.0,485.46,50.886792452830186
2025-08-27,320,2,96.76,197.0,100.24,50.88324873096447
2026-03-30,469,0,67.29,137.0,69.71,50.883211678832104
2025-11-17,423,0,577.87,383.0,194.87,50.8798955613577
2026-04-27,320,7,200.67,133.0,67.66999999999999,50.87969924812029
2025-08-28,343,4,200.67,133.0,67.66999999999999,50.87969924812029
2026-06-09,447,1,236.88,157.0,79.88,50.878980891719735
2026-07-22,383,1,16.21,33.0,16.79,50.878787878787875
2026-01-01,336,5,314.88,641.0,326.12,50.876755070202805
2025-08-22,483,0,280.63,186.0,94.63,50.876344086021504
2025-12-30,315,3,12.07,8.0,4.07,50.875
2025-10-23,400,2,108.63,72.0,36.629999999999995,50.87499999999999
2026-07-15,272,2,534.08,354.0,180.08000000000004,50.870056497175156
2026-01-04,384,3,60.43,123.0,62.57,50.86991869918699
2026-03-19,509,5,93.84,191.0,97.16,50.86910994764398
2026-01-29,489,0,67.31,137.0,69.69,50.86861313868612
2025-08-12,383,1,22.11,45.0,22.89,50.866666666666674
2025-08-25,320,1,254.96,169.0,85.96000000000001,50.863905325443795
2026-05-29,453,1,852.38,565.0,287.38,50.86371681415929
2025-12-14,507,1,32.43,66.0,33.57,50.86363636363637
2025-10-05,482,2,32.43,66.0,33.57,50.86363636363637
2026-06-26,390,2,251.58,512.0,260.41999999999996,50.86328124999999
2026-04-02,336,7,56.02,114.0,57.98,50.859649122807014
2026-07-03,419,4,42.24,28.0,14.240000000000002,50.85714285714287
2026-04-14,361,1,37.84,77.0,39.16,50.857142857142854
2026-01-28,374,2,3.44,7.0,3.56,50.857142857142854
2026-03-03,304,1,264.0,175.0,89.0,50.857142857142854
2025-12-23,498,1,85.51,174.0,88.49,50.85632183908045
2025-10-23,331,5,113.14,75.0,38.14,50.85333333333334
2026-05-03,516,8,33.42,68.0,34.58,50.85294117647059
2026-03-21,410,0,79.62,162.0,82.38,50.85185185185185
2026-01-07,510,1,19.66,40.0,20.34,50.849999999999994
2025-12-30,503,2,163.67,333.0,169.33,50.849849849849846
2025-12-10,331,5,26.05,53.0,26.95,50.849056603773576
2026-03-06,361,1,28.66,19.0,9.66,50.8421052631579
2025-10-20,277,1,800.97,531.0,269.97,50.84180790960452
2025-08-09,448,2,66.37,44.0,22.370000000000005,50.8409090909091
2025-10-20,384,3,21.63,44.0,22.37,50.84090909090909
2025-10-24,456,1,185.53,123.0,62.53,50.837398373983746
2025-12-08,442,2,20.65,42.0,21.35,50.83333333333334
2025-11-03,280,1,23.6,48.0,24.4,50.83333333333333
2025-09-05,309,2,416.98,848.0,431.02,50.82783018867924
2026-06-29,407,1,909.48,603.0,306.48,50.82587064676617
2026-03-02,334,1,479.96,976.0,496.04,50.82377049180328
2026-05-29,355,1,58.82,39.0,19.82,50.82051282051282
2025-08-30,468,0,150.82,100.0,50.81999999999999,50.82
2025-09-22,502,0,347.22,706.0,358.78,50.81869688385269
2025-08-27,447,1,143.61,292.0,148.39,50.81849315068493
2026-07-22,526,2,5.41,11.0,5.59,50.81818181818182
2025-11-29,469,0,156.85,104.0,52.849999999999994,50.817307692307686
2026-01-27,466,1,123.67,82.0,41.67,50.81707317073171
2025-10-18,364,2,417.76,277.0,140.76,50.81588447653429
2025-12-06,501,1,114.62,76.0,38.620000000000005,50.81578947368421
2026-02-12,486,0,65.42,133.0,67.58,50.81203007518796
2026-03-11,274,3,33.94,69.0,35.06,50.81159420289856
2025-10-17,448,2,38.37,78.0,39.63,50.80769230769231
2026-04-18,392,3,242.8,161.0,81.80000000000001,50.80745341614907
2026-01-02,396,3,211.13,140.0,71.13,50.80714285714285
2025-11-24,364,2,155.33,103.0,52.33000000000001,50.80582524271846
2025-12-06,283,2,462.97,307.0,155.97000000000003,50.80456026058633
2026-02-02,388,1,146.28,97.0,49.28,50.80412371134021
2026-01-27,297,2,76.91,51.0,25.909999999999997,50.803921568627445
2025-09-07,272,2,235.25,156.0,79.25,50.80128205128205
2026-01-28,424,1,37.7,25.0,12.700000000000003,50.80000000000001
2026-07-10,509,3,22.62,15.0,7.620000000000001,50.80000000000001
2026-06-24,523,0,24.6,50.0,25.4,50.8
2026-01-11,308,4,422.24,280.0,142.24,50.8
2026-07-23,521,1,19.68,40.0,20.32,50.8
2026-04-17,319,4,15.08,10.0,5.08,50.8
2026-03-21,410,1,79.72,162.0,82.28,50.79012345679013
2026-06-16,405,2,9.35,19.0,9.65,50.78947368421053
2025-11-29,469,1,156.82,104.0,52.81999999999999,50.788461538461526
2026-05-26,339,2,259.36,527.0,267.64,50.78557874762808
2026-03-19,507,2,88.1,179.0,90.9,50.78212290502794
2025-09-23,484,1,129.45,263.0,133.55,50.77946768060837
2026-05-07,306,0,68.91,140.0,71.09,50.778571428571425
2026-06-27,442,2,22.15,45.0,22.85,50.77777777777778
2026-01-29,470,1,422.17,280.0,142.17000000000002,50.775000000000006
2025-08-25,384,2,46.74,31.0,15.740000000000002,50.7741935483871
2025-09-03,466,1,152.28,101.0,51.28,50.772277227722775
2025-10-04,281,1,707.12,469.0,238.12,50.771855010660985
2025-08-07,475,2,30.03,61.0,30.97,50.77049180327868
2025-08-30,468,1,150.77,100.0,50.77000000000001,50.77000000000002
2026-03-02,288,2,49.23,100.0,50.77,50.77
2026-06-06,274,3,87.63,178.0,90.37,50.76966292134831
2026-01-26,455,0,559.75,1137.0,577.25,50.76956904133685
2026-03-10,405,0,19.6,13.0,6.600000000000001,50.76923076923078
2026-07-08,419,4,19.2,39.0,19.8,50.76923076923077
2026-07-08,535,1,6.4,13.0,6.6,50.76923076923077
2026-04-29,362,1,21.17,43.0,21.83,50.76744186046511
2026-06-04,316,2,284.95,189.0,95.94999999999999,50.76719576719576
2026-07-08,384,1,25.11,51.0,25.89,50.76470588235294
2026-01-16,507,1,253.28,168.0,85.28,50.761904761904766
2025-10-30,302,1,182.42,121.0,61.41999999999999,50.760330578512395
2025-11-17,291,1,194.48,129.0,65.47999999999999,50.75968992248061
2026-07-20,357,6,343.73,228.0,115.73000000000002,50.75877192982456
2026-07-12,327,3,236.69,157.0,79.69,50.757961783439484
2025-11-28,388,2,49.75,33.0,16.75,50.75757575757576
2026-01-27,504,1,446.24,296.0,150.24,50.75675675675676
2026-02-07,480,2,74.85,152.0,77.15,50.756578947368425
2025-08-08,486,1,158.57,322.0,163.43,50.754658385093165
2025-11-24,419,0,91.96,61.0,30.959999999999994,50.75409836065573
2026-05-09,282,5,134.17,89.0,45.16999999999999,50.75280898876403
2025-08-15,315,2,479.67,974.0,494.33,50.752566735112936
2026-01-24,405,0,51.71,105.0,53.29,50.752380952380946
2026-07-13,400,3,30.15,20.0,10.149999999999999,50.74999999999999
2026-04-12,472,1,318.18,646.0,327.82,50.74613003095975
2025-08-27,447,0,143.83,292.0,148.17,50.74315068493151
2025-10-18,435,1,124.62,253.0,128.38,50.74308300395257
2025-09-29,357,5,43.84,89.0,45.16,50.741573033707866
2026-07-18,361,4,13.3,27.0,13.7,50.74074074074074
2025-10-11,339,3,75.37,50.0,25.370000000000005,50.74000000000001
2026-06-25,488,1,167.32,111.0,56.31999999999999,50.73873873873873
2026-02-14,482,1,91.95,61.0,30.950000000000003,50.73770491803279
2025-10-21,329,0,286.4,190.0,96.39999999999998,50.73684210526315
2025-08-30,459,1,35.47,72.0,36.53,50.736111111111114
2025-08-31,321,6,198.97,132.0,66.97,50.734848484848484
2025-08-13,281,1,530.58,352.0,178.58000000000004,50.732954545454554
2025-09-03,446,1,155.69,316.0,160.31,50.73101265822785
2025-07-24,392,3,150.28,305.0,154.72,50.72786885245901
2026-06-02,361,1,33.16,22.0,11.159999999999997,50.72727272727271
2026-06-30,472,1,220.06,146.0,74.06,50.726027397260275
2026-03-24,483,0,462.72,307.0,155.72000000000003,50.72312703583063
2026-05-18,522,1,8.87,18.0,9.13,50.72222222222222
2026-06-30,510,2,388.86,258.0,130.86,50.720930232558146
2025-12-01,282,1,192.92,128.0,64.91999999999999,50.71874999999999
2025-10-25,385,6,914.86,607.0,307.86,50.7182866556837
2026-02-02,288,3,149.21,99.0,50.21000000000001,50.71717171717173
2026-03-04,495,0,168.55,342.0,173.45,50.71637426900585
2026-03-03,503,0,206.48,137.0,69.47999999999999,50.71532846715328
2026-02-02,388,7,126.6,84.0,42.599999999999994,50.71428571428571
2025-11-25,472,1,243.99,495.0,251.01,50.709090909090904
2026-05-27,334,3,72.34,48.0,24.340000000000003,50.70833333333334
2026-06-01,363,2,634.48,421.0,213.48000000000002,50.707838479809986
2026-07-22,319,5,102.48,68.0,34.480000000000004,50.70588235294118
2026-01-18,347,1,935.88,621.0,314.88,50.70531400966184
2026-02-22,486,0,131.62,267.0,135.38,50.70411985018727
2026-06-14,509,3,14.79,30.0,15.21,50.7
2025-09-01,406,2,79.87,53.0,26.870000000000005,50.69811320754718
2025-10-26,320,4,670.58,445.0,225.58000000000004,50.69213483146068
2026-01-28,363,3,185.35,123.0,62.349999999999994,50.6910569105691
2025-10-02,477,1,210.55,427.0,216.45,50.69086651053863
2025-10-21,351,5,537.99,1091.0,553.01,50.68835930339139
2025-07-27,456,1,372.2,247.0,125.19999999999999,50.68825910931174
2026-05-29,324,2,637.41,423.0,214.40999999999997,50.68794326241134
2026-02-21,374,3,7.89,16.0,8.11,50.6875
2025-11-07,427,2,26.63,54.0,27.37,50.68518518518519
2026-05-28,274,3,62.63,127.0,64.37,50.68503937007874
2025-08-15,487,2,506.96,1028.0,521.04,50.68482490272373
2025-10-03,316,3,257.67,171.0,86.67000000000002,50.684210526315795
2025-10-03,372,4,156.71,104.0,52.71000000000001,50.682692307692314
2026-05-25,481,0,209.6,425.0,215.4,50.68235294117647
2026-03-19,453,0,470.51,954.0,483.49,50.680293501048226
2026-01-02,412,1,159.72,106.0,53.72,50.67924528301887
2025-08-06,362,1,30.58,62.0,31.42,50.67741935483872
2026-03-03,397,4,80.89,164.0,83.11,50.67682926829268
2026-04-17,397,4,146.15,97.0,49.150000000000006,50.67010309278351
2025-10-22,388,4,159.71,106.0,53.71000000000001,50.66981132075472
2026-03-04,486,0,98.17,199.0,100.83,50.668341708542705
2026-05-29,343,2,1179.73,783.0,396.73,50.667943805874835
2026-07-15,537,1,13.56,9.0,4.5600000000000005,50.66666666666667
2026-07-23,537,1,13.56,9.0,4.5600000000000005,50.66666666666667
2026-02-18,452,1,63.28,42.0,21.28,50.66666666666667
2026-07-22,338,2,42.92,87.0,44.08,50.66666666666666
2025-10-24,319,4,9.04,6.0,3.039999999999999,50.66666666666665
2026-07-16,516,8,18.08,12.0,6.079999999999998,50.66666666666665
2026-05-26,345,1,465.55,309.0,156.55,50.663430420711975
2025-09-02,435,0,106.97,71.0,35.97,50.66197183098592
2026-04-19,282,5,173.67,352.0,178.33,50.66193181818183
2026-07-06,334,3,65.62,133.0,67.38,50.66165413533834
2025-08-13,282,5,75.33,50.0,25.33,50.66
2026-01-28,389,0,132.58,88.0,44.58000000000001,50.65909090909092
2026-05-05,430,1,40.46,82.0,41.54,50.65853658536585
2026-04-18,392,2,316.38,210.0,106.38,50.65714285714286
2026-03-23,331,5,48.21,32.0,16.21,50.65625
2026-05-28,507,3,70.07,142.0,71.93,50.65492957746479
2025-11-05,494,0,182.09,369.0,186.91,50.65311653116531
2025-09-09,355,2,90.39,60.0,30.39,50.650000000000006
2025-10-24,445,0,116.0,77.0,39.0,50.649350649350644
2026-02-24,289,1,38.0,77.0,39.0,50.649350649350644
2025-10-15,410,1,104.14,211.0,106.86,50.644549763033176
2026-03-02,458,0,228.52,463.0,234.48,50.64362850971922
2026-05-15,282,2,37.66,25.0,12.659999999999997,50.639999999999986
2026-01-02,331,3,521.18,346.0,175.17999999999995,50.6300578034682
2026-07-09,534,3,13.33,27.0,13.67,50.629629629629626
2026-06-06,315,1,634.14,421.0,213.14,50.6270783847981
2026-02-16,410,1,23.7,48.0,24.3,50.625
2026-04-03,413,2,151.09,306.0,154.91,50.62418300653595
2025-09-03,446,0,156.03,316.0,159.97,50.62341772151898
2025-10-20,317,0,863.15,1748.0,884.85,50.62070938215103
2026-02-15,433,1,515.12,342.0,173.12,50.619883040935676
2025-10-28,398,4,141.58,94.0,47.58000000000001,50.61702127659575
2026-07-04,526,2,6.42,13.0,6.58,50.61538461538462
2026-07-21,454,0,719.92,478.0,241.91999999999996,50.61087866108785
2026-04-30,398,1,38.03,77.0,38.97,50.6103896103896
2026-07-18,336,2,51.86,105.0,53.14,50.609523809523814
2026-04-14,362,1,29.64,60.0,30.36,50.6
2025-08-15,320,4,288.05,583.0,294.95,50.59176672384219
2025-08-16,351,5,1290.57,857.0,433.56999999999994,50.59159859976662
2026-05-11,489,1,140.05,93.0,47.05000000000001,50.59139784946238
2026-03-12,360,2,43.48,88.0,44.52,50.5909090909091
2026-03-08,348,2,124.99,83.0,41.989999999999995,50.59036144578313
2025-10-20,413,2,184.3,373.0,188.7,50.58981233243968
2026-04-03,331,6,317.71,643.0,325.29,50.58942457231726
2026-03-09,414,1,130.45,264.0,133.55,50.58712121212121
2025-08-27,442,2,45.46,92.0,46.54,50.58695652173913
2025-10-26,308,5,676.13,449.0,227.13,50.58574610244989
2026-02-20,482,2,5.93,12.0,6.07,50.583333333333336
2026-07-11,386,3,54.21,36.0,18.21,50.583333333333336
2025-11-01,392,2,209.31,139.0,70.31,50.58273381294964
2025-10-21,475,2,87.47,177.0,89.53,50.5819209039548
2026-03-19,364,3,401.78,813.0,411.22,50.58056580565806
2026-04-20,341,0,487.88,324.0,163.88,50.58024691358024
2026-01-10,315,1,591.78,393.0,198.77999999999997,50.58015267175572
2026-07-14,274,4,34.1,69.0,34.9,50.57971014492754
2026-06-25,320,6,51.4,104.0,52.6,50.57692307692307
2026-05-01,364,4,789.36,1597.0,807.64,50.572323105823415
2026-03-18,390,1,249.95,166.0,83.94999999999999,50.5722891566265
2026-01-14,320,2,241.21,488.0,246.79,50.5717213114754
2026-02-25,448,2,3.46,7.0,3.54,50.57142857142857
2026-06-23,498,0,77.11,156.0,78.89,50.570512820512825
2025-09-07,374,2,14.83,30.0,15.17,50.56666666666667
2026-06-29,444,2,508.91,338.0,170.91000000000003,50.56508875739646
2025-11-30,446,1,397.49,264.0,133.49,50.564393939393945
2026-02-02,308,2,117.44,78.0,39.44,50.56410256410256
2026-03-24,483,1,462.23,307.0,155.23000000000002,50.563517915309454
2026-04-16,357,3,213.8,142.0,71.80000000000001,50.56338028169015
2026-01-05,441,1,227.35,151.0,76.35,50.562913907284766
2026-02-15,386,1,502.88,334.0,168.88,50.562874251497
2026-02-25,419,3,24.09,16.0,8.09,50.5625
2025-10-02,477,0,211.1,427.0,215.9,50.56206088992974
2026-07-08,492,0,182.18,121.0,61.18000000000001,50.56198347107439
2026-07-12,337,1,1162.8,2352.0,1189.2,50.56122448979592
2026-01-05,410,0,61.73,41.0,20.729999999999997,50.560975609756085
2026-02-16,332,4,169.58,343.0,173.42,50.55976676384839
2025-12-22,338,2,252.94,168.0,84.94,50.55952380952381
2026-01-26,318,1,673.43,1362.0,688.57,50.55580029368576
2026-07-04,526,3,13.35,27.0,13.65,50.55555555555556
2026-05-30,435,1,370.36,246.0,124.36000000000001,50.55284552845529
2026-06-18,321,5,225.82,150.0,75.82,50.54666666666666
2026-07-06,283,0,237.38,480.0,242.62,50.545833333333334
2026-07-17,523,1,21.76,44.0,22.24,50.54545454545454
2026-02-16,319,7,16.56,11.0,5.559999999999999,50.54545454545454
2026-02-02,483,0,426.04,283.0,143.04000000000002,50.54416961130743
2026-04-07,362,3,105.38,70.0,35.379999999999995,50.54285714285713
2025-08-28,385,4,203.23,135.0,68.22999999999999,50.54074074074073
2026-04-03,384,1,51.44,104.0,52.56,50.53846153846154
2026-06-02,371,3,81.29,54.0,27.290000000000006,50.537037037037045
2026-06-08,345,2,61.72,41.0,20.72,50.53658536585366
2025-10-21,383,0,134.05,271.0,136.95,50.535055350553506
2026-07-05,430,0,239.35,159.0,80.35,50.53459119496855
2025-12-01,385,4,248.38,165.0,83.38,50.53333333333333
2025-10-02,419,3,66.78,135.0,68.22,50.53333333333333
2026-01-22,509,4,22.58,15.0,7.579999999999998,50.53333333333332
2025-10-31,306,0,141.5,94.0,47.5,50.53191489361703
2026-05-06,336,3,76.77,51.0,25.769999999999996,50.52941176470588
2025-09-23,484,0,130.11,263.0,132.89,50.52851711026616
2026-03-12,509,0,220.15,445.0,224.85,50.52808988764045
2026-03-22,416,0,659.31,438.0,221.30999999999995,50.527397260273965
2025-08-16,414,0,416.96,277.0,139.95999999999998,50.52707581227436
2025-09-07,400,0,558.45,371.0,187.45000000000005,50.5256064690027
2026-01-19,341,2,296.53,197.0,99.52999999999997,50.52284263959389
2026-02-03,327,4,95.0,192.0,97.0,50.520833333333336
2026-06-23,305,1,1252.33,832.0,420.3299999999999,50.52043269230768
2025-10-01,388,6,48.49,98.0,49.51,50.52040816326531
2025-10-24,406,0,93.32,62.0,31.319999999999993,50.51612903225805
2025-09-14,481,1,236.3,157.0,79.30000000000001,50.5095541401274
2026-05-03,482,2,28.21,57.0,28.79,50.50877192982456
2025-11-06,444,0,657.71,437.0,220.71000000000004,50.50572082379864
2025-10-20,339,3,45.04,91.0,45.96,50.50549450549451
2025-10-25,386,2,46.03,93.0,46.97,50.50537634408602
2026-04-20,333,1,296.49,197.0,99.49000000000001,50.50253807106599
2026-05-05,430,0,40.59,82.0,41.41,50.5
2026-06-03,509,1,5.94,12.0,6.06,50.5
2025-10-24,406,2,93.31,62.0,31.310000000000002,50.5
2026-02-19,481,2,42.14,28.0,14.14,50.5
2025-12-05,277,2,0.99,2.0,1.01,50.5
2026-04-25,509,3,12.04,8.0,4.039999999999999,50.499999999999986
2025-11-09,289,1,187.12,378.0,190.88,50.49735449735449
2026-06-29,320,7,260.36,173.0,87.36000000000001,50.4971098265896
2025-08-30,371,0,489.11,325.0,164.11,50.49538461538462
2025-08-15,475,1,322.06,214.0,108.06,50.49532710280374
2025-09-05,357,5,62.38,126.0,63.62,50.49206349206349
2025-08-04,280,5,531.23,1073.0,541.77,50.491146318732525
2026-06-18,292,4,209.18,139.0,70.18,50.48920863309353
2025-09-18,456,0,108.35,72.0,36.349999999999994,50.4861111111111
2026-02-18,406,2,34.66,70.0,35.34,50.48571428571429
2026-04-13,487,1,174.56,116.0,58.56,50.48275862068966
2026-03-19,504,1,523.68,348.0,175.67999999999995,50.48275862068964
2026-01-13,384,1,40.63,27.0,13.630000000000003,50.481481481481495
2026-02-22,410,1,38.13,77.0,38.87,50.48051948051948
2026-06-15,361,5,75.24,50.0,25.239999999999995,50.47999999999999
2026-06-28,506,0,788.51,524.0,264.51,50.47900763358778
2025-07-31,389,0,273.87,182.0,91.87,50.47802197802198
2026-01-05,292,3,167.03,111.0,56.03,50.477477477477485
2026-07-01,431,0,224.21,149.0,75.21000000000001,50.4765100671141
2025-09-03,388,1,126.4,84.0,42.400000000000006,50.47619047619049
2025-09-02,362,3,88.78,59.0,29.78,50.47457627118644
2026-07-02,317,3,225.71,150.0,75.71000000000001,50.473333333333336
2025-09-02,272,2,36.65,74.0,37.35,50.472972972972975
2026-04-16,294,4,735.81,489.0,246.80999999999995,50.4723926380368
2025-08-27,364,2,96.58,195.0,98.42,50.47179487179487
2026-05-05,328,1,273.4,552.0,278.6,50.47101449275363
2026-03-18,441,1,216.94,438.0,221.06,50.470319634703195
2025-10-24,465,0,218.18,145.0,73.18,50.46896551724138
2026-07-15,507,0,735.79,489.0,246.78999999999996,50.4683026584867
2025-10-28,428,0,67.71,45.0,22.709999999999994,50.46666666666665
2026-07-16,488,0,197.11,131.0,66.11000000000001,50.46564885496184
2026-02-15,280,1,87.27,58.0,29.269999999999996,50.465517241379295
2025-10-25,448,0,478.48,318.0,160.48000000000002,50.46540880503145
2025-11-22,282,4,70.34,142.0,71.66,50.46478873239436
2026-06-12,516,6,48.05,97.0,48.95,50.4639175257732
2025-10-19,403,1,321.99,214.0,107.99000000000001,50.46261682242991
2026-01-19,462,1,338.54,225.0,113.54000000000002,50.46222222222223
2026-03-04,483,1,349.74,706.0,356.26,50.461756373937675
2026-03-19,435,1,209.55,423.0,213.45,50.46099290780142
2025-08-08,486,0,159.52,322.0,162.48,50.45962732919255
2026-06-01,419,4,52.66,35.0,17.659999999999997,50.45714285714284
2025-08-06,398,4,88.19,178.0,89.81,50.45505617977528
2025-10-02,320,6,93.64,189.0,95.36,50.455026455026456
2025-09-29,448,2,16.55,11.0,5.550000000000001,50.45454545454546
2026-05-18,410,0,49.65,33.0,16.65,50.45454545454545
2026-01-29,470,0,421.27,280.0,141.26999999999998,50.45357142857142
2025-10-05,462,1,446.42,901.0,454.58,50.45283018867924
2026-07-13,529,1,41.62,84.0,42.38,50.45238095238096
2026-03-04,505,3,15.36,31.0,15.64,50.45161290322581
2025-09-17,435,0,136.91,91.0,45.91,50.450549450549445
2025-07-27,456,0,371.61,247.0,124.61000000000001,50.44939271255061
2025-08-25,355,1,24.28,49.0,24.72,50.44897959183673
2026-01-02,282,1,288.86,192.0,96.86000000000001,50.44791666666667
2025-11-14,336,7,37.66,76.0,38.34,50.447368421052644
2026-06-28,506,1,788.34,524.0,264.34000000000003,50.446564885496194
2026-06-28,332,3,654.44,435.0,219.44000000000005,50.44597701149427
2026-06-29,363,0,1514.99,1007.0,507.99,50.44587884806355
2025-09-18,396,0,1086.2,722.0,364.20000000000005,50.4432132963989
2025-10-02,403,4,143.72,290.0,146.28,50.44137931034483
2026-02-15,505,2,51.15,34.0,17.15,50.44117647058823
2025-08-09,288,6,53.03,107.0,53.97,50.43925233644859
2026-01-24,355,3,385.59,778.0,392.41,50.43830334190231
2025-11-07,358,1,392.64,261.0,131.64,50.4367816091954
2026-02-21,298,0,379.1,252.0,127.10000000000002,50.436507936507944
2025-10-02,385,1,502.6,1014.0,511.4,50.43392504930966
2025-10-25,364,1,589.69,392.0,197.69000000000005,50.43112244897961
2025-08-27,321,6,44.12,89.0,44.88,50.426966292134836
2026-04-14,487,1,138.31,279.0,140.69,50.426523297491045
2025-12-15,507,1,16.36,33.0,16.64,50.42424242424243
2025-11-03,291,5,216.61,144.0,72.61000000000001,50.42361111111112
2025-09-05,413,0,219.13,442.0,222.87,50.42307692307693
2025-09-02,435,1,106.8,71.0,35.8,50.42253521126761
2026-02-22,486,1,132.38,267.0,134.62,50.41947565543071
2025-10-05,391,2,333.69,673.0,339.31,50.41753343239227
2025-08-16,308,8,1138.66,757.0,381.6600000000001,50.41743725231177
2026-01-06,476,0,288.8,192.0,96.80000000000001,50.41666666666668
2025-12-20,405,1,52.56,106.0,53.44,50.415094339622634
2026-04-23,338,2,61.67,41.0,20.67,50.41463414634146
2025-12-05,303,2,14.38,29.0,14.62,50.41379310344827
2026-07-23,419,4,14.38,29.0,14.62,50.41379310344827
2026-03-22,516,12,19.34,39.0,19.66,50.410256410256416
2025-10-29,383,2,58.66,39.0,19.659999999999997,50.4102564102564
2026-07-17,364,3,580.58,386.0,194.58000000000004,50.409326424870486
2025-12-23,498,0,86.29,174.0,87.71,50.4080459770115
2026-04-15,503,0,259.38,523.0,263.62,50.40535372848949
2026-01-06,477,0,203.04,135.0,68.03999999999999,50.39999999999999
2026-03-25,509,6,7.52,5.0,2.5199999999999996,50.39999999999999
2026-03-27,348,1,204.54,136.0,68.53999999999999,50.397058823529406
2026-03-19,291,3,313.99,633.0,319.01,50.39652448657188
2025-10-12,427,2,63.99,129.0,65.00999999999999,50.3953488372093
2026-02-06,339,4,40.18,81.0,40.82,50.39506172839506
2026-03-05,358,3,645.19,429.0,216.19000000000005,50.393939393939405
2026-03-02,400,1,164.7,332.0,167.3,50.39156626506024
2026-01-10,405,2,11.41,23.0,11.59,50.39130434782608
2026-01-16,364,4,621.1,413.0,208.10000000000002,50.38740920096853
2026-06-29,336,6,171.44,114.0,57.44,50.3859649122807
2025-11-05,305,4,166.21,335.0,168.79,50.385074626865666
2025-10-03,325,3,320.32,213.0,107.32,50.38497652582159
2025-10-24,456,0,184.97,123.0,61.97,50.382113821138205
2025-09-06,400,0,503.78,335.0,168.77999999999997,50.382089552238796
2026-01-01,372,1,888.75,591.0,297.75,50.380710659898476
2025-09-20,280,1,36.09,24.0,12.090000000000003,50.375000000000014
2026-03-02,501,1,35.73,72.0,36.27,50.375
2026-03-18,441,0,217.36,438.0,220.64,50.374429223744286
2026-02-09,382,1,257.14,171.0,86.13999999999999,50.37426900584795
2026-01-15,384,2,38.71,78.0,39.29,50.371794871794876
2026-02-07,513,1,353.37,235.0,118.37,50.37021276595745
2026-06-30,280,3,1497.67,996.0,501.6700000000001,50.36847389558233
2025-09-15,282,1,142.85,95.0,47.849999999999994,50.368421052631575
2026-03-12,516,2,49.62,33.0,16.619999999999997,50.36363636363635
2025-10-03,432,1,1028.47,684.0,344.47,50.361111111111114
2026-04-15,273,4,566.86,377.0,189.86,50.360742705570296
2026-03-04,442,1,210.5,140.0,70.5,50.357142857142854
2026-01-21,488,0,114.27,76.0,38.269999999999996,50.35526315789474
2026-02-16,410,0,23.83,48.0,24.17,50.354166666666664
2026-07-08,509,5,77.45,156.0,78.55,50.3525641025641
2026-05-29,281,4,759.28,505.0,254.27999999999997,50.352475247524744
2025-08-30,336,7,46.67,94.0,47.33,50.351063829787236
2026-03-26,289,4,15.89,32.0,16.11,50.34375
2025-09-26,459,1,20.36,41.0,20.64,50.34146341463415
2026-03-09,414,0,131.1,264.0,132.9,50.34090909090909
2025-08-28,346,5,545.73,363.0,182.73000000000002,50.338842975206624
2026-03-08,301,3,656.98,437.0,219.98000000000002,50.33867276887872
2026-01-02,463,1,548.73,365.0,183.73000000000002,50.33698630136987
2025-10-08,324,0,1626.63,1082.0,544.6300000000001,50.33548983364141
2025-08-28,468,0,108.24,72.0,36.239999999999995,50.33333333333333
2026-04-03,516,12,13.41,27.0,13.59,50.33333333333333
2026-01-30,374,2,4.51,3.0,1.5099999999999998,50.33333333333333
2026-03-04,469,1,75.5,152.0,76.5,50.32894736842105
2026-04-08,308,2,91.7,61.0,30.700000000000003,50.32786885245903
2026-04-02,509,0,524.64,349.0,175.64,50.32664756446991
2026-06-18,405,0,73.66,49.0,24.659999999999997,50.32653061224489
2026-07-12,521,1,64.58,130.0,65.42,50.323076923076925
2025-07-29,383,2,44.71,90.0,45.29,50.32222222222222
2026-01-29,348,6,117.24,236.0,118.76,50.32203389830509
2026-03-04,483,0,350.74,706.0,355.26,50.32011331444759
2025-08-25,494,2,80.98,163.0,82.02,50.31901840490798
2025-10-21,384,0,897.4,597.0,300.4,50.31825795644891
2026-05-17,384,3,66.14,44.0,22.14,50.31818181818182
2026-01-27,345,3,43.72,88.0,44.28,50.31818181818182
2026-06-10,281,5,90.19,60.0,30.189999999999998,50.31666666666666
2026-07-03,421,1,356.25,237.0,119.25,50.31645569620253
2026-06-29,507,0,837.26,557.0,280.26,50.31597845601436
2026-04-15,412,0,78.16,52.0,26.159999999999997,50.3076923076923
2026-03-23,322,2,589.2,392.0,197.20000000000005,50.30612244897961
2026-01-06,384,3,29.32,59.0,29.68,50.305084745762706
2025-08-23,448,0,297.6,198.0,99.60000000000002,50.30303030303032
2026-04-06,319,1,30.06,20.0,10.059999999999999,50.29999999999999
2026-05-29,384,0,1331.65,886.0,445.6500000000001,50.29909706546276
2025-11-26,384,3,26.84,54.0,27.16,50.2962962962963
2025-10-17,282,5,79.03,159.0,79.97,50.29559748427673
2026-07-19,337,4,178.85,119.0,59.849999999999994,50.294117647058826
2025-09-29,337,1,51.1,34.0,17.1,50.294117647058826
2025-11-27,282,3,27.34,55.0,27.66,50.29090909090909
2026-01-23,384,5,435.84,290.0,145.83999999999997,50.28965517241378
2026-03-24,516,4,63.12,42.0,21.119999999999997,50.28571428571428
2026-02-02,319,0,667.26,444.0,223.26,50.28378378378379
2026-01-26,506,1,437.53,880.0,442.47,50.28068181818182
2026-03-05,425,0,172.03,346.0,173.97,50.28034682080925
2026-05-18,522,0,8.95,18.0,9.05,50.27777777777778
2026-03-19,291,4,75.58,152.0,76.42,50.27631578947368
2025-08-01,289,2,49.59,33.0,16.590000000000003,50.27272727272728
2025-09-07,317,1,584.56,389.0,195.55999999999995,50.27249357326477
2026-05-10,516,9,47.74,96.0,48.26,50.27083333333333
2026-07-16,317,2,144.26,96.0,48.25999999999999,50.27083333333332
2025-07-31,389,1,273.49,182.0,91.49000000000001,50.269230769230774
2026-01-22,389,1,195.35,130.0,65.35,50.26923076923077
2025-08-15,320,7,536.61,1079.0,542.39,50.2678405931418
2026-07-12,332,7,210.37,140.0,70.37,50.26428571428572
2025-09-24,461,1,91.66,61.0,30.659999999999997,50.26229508196721
2025-11-10,308,2,138.24,92.0,46.24000000000001,50.260869565217405
2026-07-08,489,0,178.81,119.0,59.81,50.260504201680675
2025-09-12,355,1,40.57,27.0,13.57,50.25925925925926
2026-07-02,473,0,320.05,213.0,107.05000000000001,50.25821596244132
2026-07-21,297,2,64.61,43.0,21.61,50.25581395348837
2026-01-27,436,1,399.68,266.0,133.68,50.255639097744364
2025-10-31,306,1,141.24,94.0,47.24000000000001,50.25531914893618
2025-11-06,501,0,422.21,281.0,141.20999999999998,50.2526690391459
2025-10-02,343,3,512.9,1031.0,518.1,50.252182347235696
2026-01-19,505,3,3.98,8.0,4.02,50.24999999999999
2026-04-03,361,4,58.71,118.0,59.29,50.24576271186441
2025-09-05,502,0,413.48,831.0,417.52,50.2430806257521
2026-01-16,345,0,1347.68,897.0,450.68000000000006,50.24303232998886
2025-08-15,374,4,175.78,117.0,58.78,50.239316239316246
2025-08-30,289,2,31.55,21.0,10.55,50.23809523809524
2026-01-15,361,1,35.83,72.0,36.17,50.236111111111114
2026-02-21,461,1,129.2,86.0,43.19999999999999,50.232558139534866
2025-10-03,364,5,256.89,171.0,85.88999999999999,50.22807017543859
2026-07-17,523,0,21.9,44.0,22.1,50.227272727272734
2025-10-06,384,5,286.93,191.0,95.93,50.22513089005236
2025-10-05,462,0,448.48,901.0,452.52,50.224195338512764
2025-10-17,318,3,37.83,76.0,38.17,50.22368421052632
2025-12-20,474,0,194.13,390.0,195.87,50.223076923076924
2025-10-01,361,4,56.75,114.0,57.25,50.21929824561403
2026-06-22,318,4,572.33,381.0,191.33000000000004,50.21784776902888
2026-05-03,289,4,29.87,60.0,30.13,50.21666666666667
2026-01-01,329,1,112.66,75.0,37.66,50.21333333333333
2026-06-22,385,5,488.19,325.0,163.19,50.21230769230769
2025-10-21,327,0,704.03,1414.0,709.97,50.21004243281472
2026-06-17,404,0,124.48,250.0,125.52,50.208
2026-05-03,417,2,267.37,178.0,89.37,50.20786516853932
2026-07-09,507,1,124.67,83.0,41.67,50.204819277108435
2026-07-03,505,3,29.38,59.0,29.62,50.20338983050847
2026-04-14,472,2,154.37,310.0,155.63,50.20322580645161
2026-07-04,534,3,31.87,64.0,32.129999999999995,50.20312499999999
2026-01-03,415,1,312.42,208.0,104.42000000000002,50.20192307692308
2026-06-23,475,1,160.35,322.0,161.65,50.20186335403727
2026-05-29,479,1,210.28,140.0,70.28,50.2
2026-03-02,279,5,50.3,101.0,50.7,50.198019801980195
2026-03-04,469,0,75.7,152.0,76.3,50.19736842105264
2026-03-19,308,8,386.98,777.0,390.02,50.19562419562419
2026-06-01,509,7,201.26,134.0,67.25999999999999,50.19402985074626
2026-03-05,448,0,77.2,155.0,77.8,50.193548387096776
2026-06-29,514,1,707.41,471.0,236.40999999999997,50.193205944798294
2026-07-14,479,2,10.46,21.0,10.54,50.19047619047618
2026-01-28,388,2,55.57,37.0,18.57,50.189189189189186
2026-05-29,361,2,471.59,314.0,157.58999999999997,50.187898089171966
2026-06-30,325,1,105.13,70.0,35.129999999999995,50.185714285714276
2026-06-27,516,10,138.17,92.0,46.16999999999999,50.18478260869564
2025-11-28,423,1,699.86,466.0,233.86,50.18454935622317
2025-10-15,398,2,18.93,38.0,19.07,50.18421052631579
2026-06-09,396,1,301.87,201.0,100.87,50.18407960199005
2025-12-27,345,3,82.6,55.0,27.599999999999994,50.18181818181817
2025-08-09,330,1,1694.02,1128.0,566.02,50.1790780141844
2026-03-09,303,2,25.53,17.0,8.530000000000001,50.1764705882353
2025-12-01,505,2,207.27,416.0,208.73,50.17548076923076
2026-06-23,297,1,277.82,185.0,92.82,50.17297297297297
2025-08-29,301,2,87.1,58.0,29.099999999999994,50.172413793103445
2025-10-08,384,2,52.56,35.0,17.560000000000002,50.17142857142858
2026-07-22,320,7,159.18,106.0,53.18000000000001,50.16981132075472
2026-04-19,516,8,26.41,53.0,26.59,50.16981132075472
2026-07-20,523,1,17.94,36.0,18.06,50.16666666666666
2026-01-28,426,1,342.38,228.0,114.38,50.16666666666666
2026-01-12,291,3,397.93,265.0,132.93,50.1622641509434
2026-03-25,274,4,55.56,37.0,18.560000000000002,50.16216216216217
2025-11-06,325,0,872.44,581.0,291.44000000000005,50.161790017211715
2026-04-30,309,1,543.74,1091.0,547.26,50.16131989000917
2025-11-25,274,2,46.35,93.0,46.65,50.16129032258064
2026-01-28,482,1,27.91,56.0,28.09,50.16071428571428
2026-02-13,490,0,205.72,137.0,68.72,50.16058394160584
2026-01-18,390,0,1777.88,1184.0,593.8800000000001,50.15878378378379
2026-02-23,509,7,133.64,89.0,44.639999999999986,50.1573033707865
2026-01-17,410,0,41.87,84.0,42.13,50.15476190476191
2026-03-09,298,1,116.14,233.0,116.86,50.15450643776824
2025-11-06,290,0,343.85,229.0,114.85000000000002,50.15283842794761
2026-02-02,355,6,148.65,99.0,49.650000000000006,50.151515151515156
2025-09-29,386,3,19.94,40.0,20.06,50.14999999999999
2026-01-12,470,0,417.41,278.0,139.41000000000003,50.1474820143885
2026-02-14,480,2,125.63,252.0,126.37,50.1468253968254
2025-10-13,291,3,339.33,226.0,113.32999999999998,50.14601769911504
2026-07-05,430,1,238.73,159.0,79.72999999999999,50.14465408805031
2025-10-02,308,3,128.13,257.0,128.87,50.143968871595334
2025-10-08,405,0,64.56,43.0,21.560000000000002,50.13953488372094
2026-01-20,382,2,162.15,108.0,54.150000000000006,50.1388888888889
2025-11-26,319,1,43.54,29.0,14.54,50.137931034482754
2026-01-30,509,5,79.57,53.0,26.569999999999993,50.1320754716981
2026-05-30,360,2,91.58,61.0,30.58,50.1311475409836
2025-12-20,474,1,194.49,390.0,195.51,50.130769230769225
2025-09-24,459,1,22.94,46.0,23.06,50.13043478260869
2025-11-28,385,5,507.68,1018.0,510.32,50.12966601178782
2025-11-05,325,2,324.66,651.0,326.34,50.12903225806451
2026-04-07,419,0,58.55,39.0,19.549999999999997,50.12820512820512
2025-10-07,436,1,252.21,168.0,84.21000000000001,50.12500000000001
2026-04-08,505,2,36.03,24.0,12.030000000000001,50.12500000000001
2025-11-10,346,1,36.03,24.0,12.030000000000001,50.12500000000001
2026-05-29,374,3,12.01,8.0,4.01,50.125
2025-11-16,319,4,12.01,8.0,4.01,50.125
2026-07-23,384,3,15.96,32.0,16.04,50.125
2026-06-29,475,2,96.08,64.0,32.08,50.125
2026-05-18,424,1,12.01,8.0,4.01,50.125
2026-04-05,513,0,1049.37,699.0,350.3699999999999,50.12446351931329
2025-10-26,348,2,220.68,147.0,73.68,50.12244897959184
2026-01-11,348,2,83.3,167.0,83.7,50.11976047904192
2026-03-24,319,5,29.43,59.0,29.57,50.118644067796616
2025-09-07,424,1,127.6,85.0,42.599999999999994,50.11764705882352
2025-08-09,482,2,39.41,79.0,39.59,50.11392405063292
2025-08-15,355,2,271.88,545.0,273.12,50.11376146788991
2026-01-28,389,1,132.1,88.0,44.099999999999994,50.11363636363636
2026-01-07,413,0,165.13,331.0,165.87,50.11178247734139
2026-02-08,383,2,40.41,81.0,40.59,50.111111111111114
2025-11-14,374,2,13.51,9.0,4.51,50.11111111111111
2025-08-21,274,7,8.98,18.0,9.02,50.11111111111111
2026-03-27,289,3,199.64,133.0,66.63999999999999,50.10526315789473
2025-10-10,279,0,544.88,363.0,181.88,50.10468319559228
2026-06-25,297,0,378.26,252.0,126.25999999999999,50.10317460317461
2026-06-29,479,2,15.01,10.0,5.01,50.1
2025-09-27,288,6,24.95,50.0,25.05,50.1
2025-07-26,419,2,40.92,82.0,41.08,50.09756097560975
2025-10-20,318,4,363.23,242.0,121.23000000000002,50.09504132231406
2026-07-08,465,0,111.07,74.0,37.06999999999999,50.09459459459459
2026-03-02,334,3,126.77,254.0,127.23,50.09055118110236
2026-01-12,470,1,417.25,278.0,139.25,50.089928057553955
2025-10-28,428,1,67.54,45.0,22.540000000000006,50.0888888888889
2025-10-21,425,0,348.89,699.0,350.11,50.08726752503577
2026-04-05,400,3,52.53,35.0,17.53,50.08571428571429
2025-11-28,357,5,64.89,130.0,65.11,50.08461538461538
2025-10-31,380,0,444.25,296.0,148.25,50.08445945945946
2026-04-19,380,2,332.44,666.0,333.56,50.08408408408408
2026-07-16,488,1,196.61,131.0,65.61000000000001,50.08396946564887
2026-03-03,372,1,145.58,97.0,48.58000000000001,50.08247422680414
2025-08-11,332,3,273.15,182.0,91.14999999999998,50.08241758241757
2026-05-31,475,2,73.88,148.0,74.12,50.08108108108108
2026-01-21,488,1,114.06,76.0,38.06,50.078947368421055
2026-04-15,412,1,78.04,52.0,26.040000000000006,50.07692307692309
2025-09-08,362,1,13.48,27.0,13.52,50.07407407407407
2025-08-19,397,0,507.25,338.0,169.25,50.07396449704142
2026-02-20,373,4,490.74,327.0,163.74,50.07339449541285
2026-07-19,386,3,61.53,41.0,20.53,50.073170731707314
2026-02-21,320,3,150.07,100.0,50.06999999999999,50.06999999999999
2026-02-22,482,2,21.47,43.0,21.53,50.06976744186047
2026-04-28,503,2,174.08,116.0,58.08000000000001,50.068965517241395
2026-01-18,433,1,697.82,465.0,232.82000000000005,50.068817204301084
2026-04-08,510,4,199.59,133.0,66.59,50.06766917293234
2026-02-25,384,2,45.02,30.0,15.020000000000003,50.066666666666684
2025-12-04,482,2,7.49,15.0,7.51,50.06666666666667
2025-09-06,401,1,309.13,206.0,103.13,50.06310679611651
2026-05-11,424,1,48.02,32.0,16.020000000000003,50.06250000000001
2026-01-12,336,4,73.53,49.0,24.53,50.06122448979592
2026-03-23,516,1,25.51,17.0,8.510000000000002,50.058823529411775
2025-09-28,463,2,733.14,1468.0,734.86,50.05858310626703
2026-03-19,435,0,211.26,423.0,211.74,50.05673758865249
2026-05-29,463,1,265.6,177.0,88.60000000000002,50.05649717514126
2026-04-13,386,3,27.01,18.0,9.010000000000002,50.055555555555564
2026-06-18,297,1,270.1,180.0,90.10000000000002,50.055555555555564
2026-01-03,351,1,355.63,237.0,118.63,50.0548523206751
2026-07-02,435,0,232.58,155.0,77.58000000000001,50.051612903225816
2026-02-20,282,3,30.01,20.0,10.010000000000002,50.050000000000004
2026-07-03,489,0,270.09,180.0,90.08999999999997,50.04999999999998
2025-10-20,288,2,130.54,87.0,43.53999999999999,50.045977011494244
2025-08-09,320,8,267.77,536.0,268.23,50.0429104477612
2025-09-11,427,2,39.01,26.0,13.009999999999998,50.03846153846153
2026-06-07,516,6,117.91,236.0,118.09,50.038135593220346
2025-12-19,383,0,54.46,109.0,54.54,50.03669724770642
2025-07-24,487,1,123.03,82.0,41.03,50.03658536585366
2026-02-13,490,1,205.55,137.0,68.55000000000001,50.03649635036497
2025-08-21,322,0,28.48,57.0,28.52,50.03508771929825
2026-05-17,516,9,43.97,88.0,44.03,50.034090909090914
2025-10-21,320,4,310.29,621.0,310.71,50.03381642512077
2026-04-02,501,1,45.01,30.0,15.009999999999998,50.03333333333333
2025-12-12,507,4,95.44,191.0,95.56,50.031413612565444
2026-07-12,521,0,64.96,130.0,65.04,50.03076923076924
2026-02-09,364,2,165.03,110.0,55.03,50.02727272727273
2025-09-22,480,2,18.49,37.0,18.51,50.027027027027025
2026-01-17,458,0,295.55,197.0,98.55000000000001,50.0253807106599
2026-07-08,489,1,178.53,119.0,59.53,50.02521008403361
2026-01-27,355,2,133.52,89.0,44.52000000000001,50.02247191011237
2026-06-25,321,3,201.03,134.0,67.03,50.0223880597015
2026-01-05,302,1,235.53,157.0,78.53,50.01910828025478
2026-01-06,477,1,202.52,135.0,67.52000000000001,50.01481481481483
2025-11-25,382,1,220.52,147.0,73.52000000000001,50.01360544217688
2026-06-05,392,4,149.96,300.0,150.04,50.013333333333335
2026-04-10,472,2,81.98,164.0,82.02,50.01219512195122
2025-07-29,420,0,157.51,105.0,52.50999999999999,50.009523809523806
2026-05-01,519,1,71.99,144.0,72.01,50.00694444444444
2026-04-08,301,1,218.47,437.0,218.53,50.006864988558355
2025-12-25,370,3,1320.02,880.0,440.02,50.002272727272725
