samples,actual_mean,predicted_mean,MAE,RMSE,R2,MAPE,WAPE,bias,median_absolute_error,max_absolute_error,store_id,gate_id
202,2735.430693069307,2017.393185219016,1024.7701265101184,2623.71133495256,0.27462880055396033,27.223398194581726,37.46284375277916,-718.0375078502909,283.9853312574038,17638.159321122883,510,0
289,5924.346020761246,5640.0424120571115,836.8064417432751,1411.838941033357,0.6921630676713539,15.853456499550282,14.124874523040607,-284.30360870413415,472.42715293431866,11339.67119450198,280,0
289,6198.401384083045,6115.565121517803,668.9955323167127,1025.7171385459176,0.7584432492047966,10.81199767522477,10.793033410753857,-82.83626256524114,469.7377647533249,6049.398876216158,368,0
289,1285.4463667820069,846.3441791232666,480.36103459967774,1465.8931902293984,0.7103366483286291,32.71365619342899,37.36920084827934,-439.1021876587405,0.0356083472532262,10144.751709217027,272,0
289,2644.3391003460206,2481.7085808417996,432.6085379408728,737.76756449969,0.8175605020165055,15.048279045524172,16.359798101698246,-162.63051950422107,217.31622192512305,4246.66696139526,320,0
289,3132.1557093425604,2971.749430619199,400.7856248394638,693.0709735412775,0.8818775091120594,11.566674111928146,12.795839735681236,-160.40627872336154,193.92424958053834,4797.022418239112,385,0
289,3465.0276816609,3355.632428418882,353.96419035814546,573.8389957288908,0.8927832067345296,9.462183928330797,10.215335139501079,-109.39525324201756,203.14760133844902,3206.358010862327,308,0
289,3207.2076124567475,3179.9904059365053,341.3913834287433,495.0194177753782,0.8819762276031283,11.506657976285464,10.6445052731474,-27.217206520241966,226.98317110048401,2593.650991329602,309,0
289,2440.3356401384085,2375.014618870489,329.5361544561804,563.9332965912196,0.8619058415062893,13.659770276587741,13.503722563240936,-65.32102126791953,181.7409365919557,4694.436095543266,364,0
289,2864.8131487889273,2762.6051247287214,316.4737969622307,544.5020566760124,0.8923330684515981,10.661751673729752,11.046926292418654,-102.20802406020563,170.38339974712198,3558.383194281997,331,0
289,2693.7543252595156,2652.332190672233,307.5170205012557,495.56374101916504,0.7917872411181874,11.355135471598462,11.415926746461173,-41.422134587282166,189.99361547997069,4265.295046335661,351,0
289,2636.453287197232,2571.8470631533796,304.77480575286995,511.95963837245796,0.8865571544157709,10.985165678839657,11.56003056200062,-64.60622404385235,173.71395530756308,3710.205579858962,343,0
289,2857.7750865051903,2797.2561107030733,294.3918298133889,442.33806812406704,0.8570580398556189,10.901046406749272,10.301434539182171,-60.51897580211701,192.3342778099427,2238.8538534490085,366,0
289,2608.477508650519,2571.7476849467607,285.13294780994084,479.82205180673674,0.8837377813977062,10.790852174132672,10.931010402211701,-36.729823703758356,154.6876019634651,3064.6985547724144,358,0
289,2927.80276816609,2900.1259484814964,279.6310884966196,424.45776493576415,0.9235406815869911,9.50269595280195,9.550885446828588,-27.67681968459317,186.00453809143642,1957.1769495101162,354,0
289,2712.349480968858,2682.706228605606,264.5868975831653,406.5563130313202,0.8845952949645117,10.02102011394776,9.754896979155289,-29.6432523632519,163.00681717198472,2614.640144207687,305,0
289,2536.1903114186853,2517.527064286786,260.0102522087528,438.9439028983221,0.8807617569020918,9.82681864827226,10.25200084702276,-18.66324713189921,156.5758064127167,3840.90805981874,346,0
289,2074.78892733564,2042.511445377685,250.70618301576394,411.8223625094009,0.8767880812194909,11.708134484469149,12.083454837871662,-32.27748195795502,145.13252021247104,2608.4596531793413,365,0
289,2579.961937716263,2566.6820664220613,246.5959641793671,353.8926976212264,0.9015325872915441,10.667236680679194,9.558124117042189,-13.27987129420183,164.13680861274474,1457.398853046363,294,0
289,2318.325259515571,2334.9794951190297,243.58697218827984,356.4715491461089,0.9180125033061761,10.77695495988673,10.507023170647717,16.65423560345862,145.8349414991742,1497.630398811531,340,0
289,2233.6851211072662,2236.594954144401,243.15134183039632,394.7098564231223,0.890710383444332,11.278220963007058,10.885658839409876,2.909833037134425,142.78779657437008,2752.414581441106,352,0
289,2029.9100346020762,1992.6536272011647,239.81555414919444,410.5002621882475,0.819163153166194,10.985542982646718,11.814097672373226,-37.25640740091148,137.42162332970884,3648.7078229003605,373,0
289,1631.6332179930796,1618.7304397804994,239.52041080123055,411.29185685523436,0.7812028283278631,14.181487409009064,14.679794953907738,-12.90277821258026,137.09702447983295,3345.8983053172915,348,0
289,1835.0934256055364,1776.5736028370686,237.54642814556937,353.2017193174545,0.8071624229402511,17.897993151942888,12.944650382973544,-58.51982276846767,164.33564936324456,1921.5176397686248,280,4
289,2295.6782006920416,2259.4102420638137,230.0065892625903,361.8485069616322,0.7626777770231995,10.289427059463732,10.01911283529433,-36.2679586282279,150.27921592323355,2146.273698346686,368,4
289,1766.98615916955,1733.8284029009449,228.77016166706758,359.8774030636443,0.7871117770187033,13.089474278821989,12.946913051915768,-33.15775626860543,144.1657611977057,2424.076014743908,361,0
185,834.8,840.5621698231131,221.63813145854698,345.8936907996242,0.6568674783385817,27.806795663473437,26.54984804247089,5.7621698231130525,125.37563392333936,1654.1827160236958,514,0
289,2275.9273356401386,2266.335014576419,220.2355977171911,351.431110265995,0.8812703322573608,10.083335196659155,9.67674118010655,-9.592321063720085,143.82748348753285,2142.749454685895,355,0
289,2085.193771626298,2046.6950331996038,218.72216607910792,336.6347305595669,0.7847055414924663,10.724922619533848,10.489296920761506,-38.49873842669383,153.30614353367218,2149.5462241247346,368,2
289,1566.9204152249135,1553.1295326483857,217.1856048062692,336.88008763955185,0.8350157872762493,14.372312525564194,13.860665972310704,-13.79088257652762,149.57352536439362,2211.662432134131,318,0
185,834.8,811.8042147529117,214.45857316183526,335.7257596013281,0.6767444937609488,26.15746826461442,25.68981470553848,-22.99578524708832,127.28654609447085,1744.070756320277,514,1
291,1711.1855670103093,1742.173980329022,207.48027371215625,356.32737468677664,0.7770249251923346,12.36008281443029,12.124942946699493,30.98841331871306,117.15171922405489,2239.388335722518,293,0
289,2034.249134948097,2005.1014211347542,206.95465860898435,320.6423495230511,0.9085646255835694,11.117924629496647,10.173515871460097,-29.14771381334279,125.97851424014084,2196.438338575811,332,0
289,1908.6782006920416,1914.2620282967569,205.8863931410014,338.66566198964773,0.8852895262254316,10.349207832813235,10.78685726417119,5.583827604714995,122.7652165181646,2137.3152085809133,292,0
202,656.4257425742575,579.7500342746764,205.59328227741918,454.75708654505723,0.5974171866997435,29.681482332307922,31.320112686495023,-76.67570829958096,98.05672695474823,3971.5389532307418,510,2
289,1850.515570934256,1807.098447809293,202.63935277988614,322.09637428743645,0.894111116521424,11.254547237574089,10.950426787145656,-43.41712312496302,121.30284432546978,2113.2140152566667,352,1
289,1681.809688581315,1697.925274515132,201.05622165972628,338.2835817138792,0.8743873616140578,11.842340506538385,11.954754632750785,16.115585933817464,112.21026318144561,2187.587384208892,363,0
289,998.242214532872,960.3960474399937,195.85686636402616,354.026475858783,0.7156318543788684,52.45138884260335,19.620174694342847,-37.846167092878204,103.51089864318124,3253.4701698402528,429,1
289,998.242214532872,982.0632926695529,193.57302635386097,360.70272109312197,0.704805474377316,53.038836688129386,19.391388536342713,-16.178921863319083,101.55141399679076,3457.113568644581,429,0
289,1870.0622837370242,1890.7531599437884,193.16983226476006,291.0444399923746,0.9011811125740171,10.814100320130063,10.329593508444042,20.690876206764187,121.00845070487298,1957.3314967928868,324,0
289,1735.9723183391004,1741.386309485428,191.8640662619498,284.66321042080085,0.8147637706018487,11.472456858457347,11.052253785101634,5.413991146327587,128.34551800527527,1514.827479265434,304,0
289,1699.3321799307957,1698.0282508722512,190.94018626960147,268.5369793147332,0.7458608483137587,11.81663135209835,11.236189635235258,-1.3039290585446204,150.0446399516959,1515.3944991189733,301,0
289,1791.8373702422145,1767.2111497761157,190.1645856877437,274.6275249377106,0.8798227504525561,11.793215149945802,10.612826188686862,-24.626220466098648,137.0115615532809,1372.146574566499,309,1
188,708.8936170212766,664.0342193509852,189.46925599771856,418.83623338223333,0.6172272936999778,25.30013341086302,26.72745972715281,-44.859397670291365,94.3281141847257,3538.3012604238943,510,6
289,1741.5363321799307,1740.1971609773543,189.35262880579288,271.1840597846397,0.8416655242166893,11.185409552587574,10.872734912671891,-1.3391712025763682,132.63060674713097,1748.6725359645784,314,0
289,1267.2560553633218,1238.7859315553392,185.56436395847362,301.74800761198856,0.741913274140322,14.322034878469367,14.643004716617622,-28.47012380798256,114.53955427495634,1742.3056120200688,339,0
289,1662.0311418685121,1655.5628529496162,183.29170368099943,283.81606439741057,0.9251726818987901,11.847427942594067,11.028175048208581,-6.468288918895649,109.05033925413704,1179.6326264670113,291,0
290,1502.2068965517242,1521.5484634788895,181.2373104139662,268.49303976556746,0.8240315570680079,12.574695113911893,12.064736943359243,19.341566927165424,131.02191394212093,1628.866821424784,357,0
289,782.6297577854672,750.5273375604543,177.60437607848908,481.05635087173334,0.7959629149955569,21.534931567518502,22.693281760846823,-32.10242022501287,0.5623934958284103,4805.434661105394,273,0
291,1917.1134020618556,1943.1664811744774,176.53906013774676,314.59246571081457,0.8484573834372544,8.499494372210084,9.208587240998835,26.05307911262129,105.37311920085358,2502.0014162153097,369,0
289,1283.235294117647,1265.775414588706,173.64377706776781,299.6486785953795,0.7502837187374539,13.744954279956218,13.53171767202408,-17.459879528940913,128.20992921358834,3358.162264255078,302,0
291,1374.5051546391753,1365.92437801395,171.32903600727118,285.67390248394855,0.7718110797222326,36.70491768311266,12.464779446552692,-8.580776625225429,106.07304614971281,2222.563600810371,293,1
249,675.8273092369478,684.087654095104,169.1689796907345,297.7699894283949,0.5751891839953044,23.545652272905606,25.03139150765261,8.260344858156174,94.95591339508178,2390.7686600705465,507,0
289,1238.1141868512111,1204.381554395732,168.8403317069868,269.8900163604104,0.7969364841520771,25.549593584891994,13.636895005329341,-33.73263245547907,110.39211562233356,1527.3147988598857,280,6
289,1166.9100346020762,1112.1876236860967,167.3735585139278,273.2598190676122,0.8011942618443744,19.581656252349347,14.343312984792632,-54.72241091597946,110.11767858499206,2198.390872935501,280,3
289,1275.916955017301,1268.1897456911267,166.19057865284367,306.8142410822634,0.7982815327642302,12.085463517197121,13.025187728662965,-7.72720932617444,92.31475461243201,2130.514071955156,344,0
289,1764.7162629757786,1760.7774812045732,163.4632970403205,221.57853344961964,0.9233438305959919,9.840130889486996,9.262865678172997,-3.9387817712054325,123.88323687843695,948.5375074855149,281,0
289,930.0138408304498,877.0128388187359,159.8409766503213,253.80716811320383,0.8160416008842053,16.204458157676434,17.186946003684454,-53.00100201171384,88.72733206403154,1378.4310284165072,454,1
289,1615.98615916955,1637.3423798762035,159.52292729402146,221.61745652575794,0.8879364281704223,10.512807593467443,9.871552821714744,21.356220706653133,113.02698221312153,983.0255525089406,307,0
289,1069.356401384083,1049.8550039775514,159.31335340359385,265.05858778898187,0.8248119421869091,14.6469056892931,14.898059542860764,-19.50139740653164,95.1351762934446,1563.1474944600618,407,0
289,930.0138408304498,895.0970640256826,158.67309333173588,250.5852679649361,0.8206823970824872,16.564122002473688,17.061369021137338,-34.91677680476734,91.86683777142912,1390.1749118852588,454,0
289,1289.643598615917,1279.450201159687,157.9734395980206,231.90012659326183,0.8299197605965813,13.312243010376164,12.249387332094098,-10.193397456230015,107.26128655983393,1347.799463066695,372,0
289,1069.356401384083,1022.5103226604482,156.55268702888202,263.4826819651596,0.8268889106519421,14.159208282361895,14.63989805702324,-46.846078723634854,86.45115072347664,1538.3353673111565,407,1
152,946.5526315789474,942.254805749238,152.15798641656272,229.1765212431783,0.8917627755225923,16.983426464861818,16.074963117766362,-4.297825829709336,102.54395641610239,1270.2742033362306,516,0
202,422.73267326732673,381.7812925441383,149.6252733674462,376.43323140674494,0.49287997155609653,32.997549469126895,35.39477377298123,-40.95138072318845,62.47939540865971,3435.6710887928753,510,1
289,1450.6159169550174,1471.9154053367122,147.48403493164287,225.10350108357267,0.8917496910470303,10.78868922955377,10.166994116625032,21.299488381695106,90.38435997584475,1477.108556379544,316,0
289,1192.1937716262976,1160.0062248874242,145.30264108557887,221.616948157008,0.8782959476665098,12.02748238013566,12.18783762704685,-32.18754673887349,94.21058577829513,1046.4382790478762,365,2
289,545.7370242214533,545.1643215048804,145.19322529546614,230.1962916222385,0.6370455139717899,35.97077920449245,26.60497984401889,-0.572702716572973,85.58977721320821,1701.2357092963205,463,0
289,1208.2179930795849,1216.9840657519644,142.0305528078599,226.10875986692855,0.9029668838288736,12.327142101291813,11.755374743744975,8.76607267237962,76.72460267297197,1636.2027606605686,322,0
289,1445.2941176470588,1444.2936621038216,139.3177382001047,217.418640204292,0.8766411999193142,10.32908299833292,9.63940394546919,-1.000455543237228,88.74313943752236,1302.6846942236805,330,0
289,930.3425605536332,875.6716449472303,138.5700303000508,216.36102850634356,0.8579061500988978,14.41763423898362,14.894516941973482,-54.670915606402815,74.2335665135015,1013.8701447292235,480,0
289,1161.674740484429,1157.67418326146,136.49560272466232,201.5086171712899,0.7887480471410218,11.916028019908232,11.749898484298832,-4.000557222969061,89.6873850727336,869.5340327715742,370,0
289,1049.508650519031,1009.5531470113125,136.08325104294752,224.67890605488842,0.8771667810558469,12.758841796645049,12.96637726384132,-39.95550350771862,77.57099487461153,1275.7026223681082,343,3
289,686.9204152249135,643.5477710614417,135.8139955007399,249.60528930165137,0.7476297272797887,40.23880134429169,19.771430938804066,-43.37264416347187,69.0012725495775,1984.1825060916196,483,1
289,686.9204152249135,660.0513336561344,135.30023274179604,243.72490107159004,0.7593807136442039,40.92960121088751,19.69663875799872,-26.869081568779144,71.05527205370242,1845.4672601204184,483,0
289,1005.0449826989619,986.9564801258384,135.03632706992835,196.10008524390767,0.7155245111581083,13.75595032085902,13.435849080834164,-18.0885025731235,86.80386593742537,926.034522224437,334,0
289,676.4290657439446,638.3075920578607,134.90021273407157,212.49260911834904,0.7887841463828598,20.396890760657545,19.942994700517005,-38.121473686084,78.77823481252341,1275.642764405881,470,1
289,676.4290657439446,654.4509660280813,134.63439826861455,211.37038110341803,0.7910092255022667,21.0559314925366,19.903697976156902,-21.9780997158634,84.23308394417677,1293.169759208588,470,0
289,462.74048442906576,361.97371894859486,132.18350441241859,415.9049624373286,0.8345374492295404,31.9323256300308,28.565364142605336,-100.76676548047088,0.0,4182.492073204362,272,2
80,602.7125,549.5725511499219,130.98625541403425,209.48236255433304,0.7408222688979645,22.056130517225007,21.732792237432314,-53.1399488500782,91.49180351924417,1119.5761778300605,272,5
289,1209.4567474048442,1229.5289257501,130.8263773551504,192.83599064685302,0.8951176640060028,11.131641251639769,10.816953779940224,20.072178345255605,75.87467045889468,867.1061428216501,327,0
289,1132.5294117647059,1103.7988652594777,129.90860993793015,202.37740841267384,0.8245060442534877,12.405418349442701,11.470661034357308,-28.730546505228034,84.40265030622163,1266.9259697539494,366,2
289,1078.5432525951558,1054.7380611422923,127.54855657011747,201.3346774170089,0.8741116874032466,11.93630613943958,11.82600292229489,-23.80519145286368,75.81348145652669,1336.4011639092041,358,2
289,1239.8892733564014,1251.9159624427125,127.54668652258368,188.81326553596807,0.9180050281520344,10.58103056912973,10.286941686116263,12.026689086311245,81.4020842966139,777.4448371092984,321,0
289,952.2387543252595,943.1094671970585,127.3343982767267,221.43676437441113,0.8710413425124451,15.248851452187287,13.37210838125925,-9.129287128201046,69.95144842242235,1604.582496245917,336,0
289,726.7612456747405,714.5651001827322,126.96531569194205,206.93604728696778,0.8132928522544791,54.59755616510191,17.47001734717772,-12.196145492008197,81.59792316040256,1191.0077225609723,315,0
289,824.7820069204153,795.321069166051,126.85360547389199,220.09256097628847,0.8376076793562918,15.258749070842198,15.380258590695995,-29.46093775436423,62.665447166778904,1535.9486947536072,364,4
289,903.8512110726643,898.1835485787498,126.39175324143991,253.80144324203587,0.8537664318797261,12.858875881757758,13.983690201780208,-5.667662493914626,66.75378882637517,1755.190472997729,345,0
289,1059.9204152249135,1063.3110953933888,126.21823438978628,178.78207075311406,0.8595127067771147,12.373735018354779,11.908274675792802,3.390680168475347,93.17010118388271,1214.2449971410315,356,0
289,1075.59169550173,1076.747471835262,125.87622952051136,182.94690607970705,0.8071690116212886,12.028169147427556,11.702975213265661,1.155776333531757,89.9224886491952,968.5803284932191,368,1
188,701.9255319148937,722.7835751807899,124.81903173697715,174.38684164966313,0.8005422904669641,19.95496710634339,17.782375203885746,20.85804326589624,93.96509109105921,966.7214740606837,509,0
289,882.5951557093425,861.9888242367197,123.65284905873509,201.2517796878849,0.8643881438066872,13.526148087131842,14.01014363820694,-20.606331472622802,73.58120640821448,1111.505373018499,365,1
289,764.2006920415225,758.4856510309959,123.54196654561625,199.77203664988787,0.8633794067281528,17.62246106335308,16.16616784467707,-5.715041010526574,72.37531270138015,1151.107463506471,390,0
289,965.7162629757786,979.557230680039,122.39196201944861,184.08111663414599,0.843143109090092,13.335432497920666,12.6736979288624,13.8409677042605,77.20366133424898,1075.908596082074,325,0
289,601.5397923875432,570.9017616320274,121.99214905720861,216.0251329187658,0.7296646796103068,22.21268591962194,20.2799799117221,-30.638030755515942,69.47987284277963,1821.6815258888432,382,0
289,959.6401384083046,942.909792165729,121.40664469417293,194.78937060260228,0.8101686658730991,12.66720823534913,12.651267890434701,-16.73034624257554,82.39032089297791,1829.0058738041384,288,0
289,569.121107266436,562.1643392608578,120.47732592324434,207.2902150584801,0.6887561916773114,99.30735243018624,21.16901383291034,-6.956768005578214,70.29918966893479,1574.7486492619018,472,0
289,557.3287197231834,571.8316324691509,119.16222925034295,184.71015179844727,0.6849710480699984,25.024319038300096,21.380959751998603,14.502912745967487,75.38201706950679,967.8854148797892,502,0
289,957.6332179930796,966.8541318294383,118.77932097949434,178.70733355435206,0.861281175345756,14.420627736439648,12.403425314383018,9.220913836358738,74.77514829813788,974.6536225825885,317,0
289,557.3287197231834,560.8039807550074,118.11873386166873,186.44522764147874,0.679024798121453,24.25848249876296,21.193728168240906,3.4752610318240555,74.29818620597871,1006.078484321335,502,1
289,1130.2387543252596,1108.8805583138874,117.76334772116104,176.03141119481376,0.869024967720305,10.773571336943089,10.419333726657117,-21.35819601137244,77.01280861314763,1011.963186934924,305,1
289,1121.5640138408305,1108.265986386579,117.06098531967797,166.1578666866185,0.8887685321571719,11.657954023834563,10.43729861827494,-13.298027454251459,75.40014013976997,620.9706101690381,294,3
289,926.7162629757786,929.8611453134097,116.44388164996141,167.06735172928944,0.8378209551062163,12.464048029212899,12.565214003696068,3.1448823376311332,72.42632589574828,822.8673516145304,384,0
289,989.8615916955017,975.07527419403,115.76125807930138,183.35898323136055,0.873639547763852,11.69788413767397,11.69469136397319,-14.786317501471553,64.31891646094027,954.3306416123978,358,3
289,1018.6228373702422,1000.9700173209797,115.5191894182981,182.22059283379213,0.8131541743382429,11.917455177365271,11.340722510849218,-17.652820049262548,66.53389817050845,1482.594636612512,366,1
289,761.6089965397924,736.7808737712543,113.62515986024194,190.66216634484752,0.8359611154694153,13.971192603194032,14.919093705099801,-24.8281227685381,65.71292229789589,1013.8972892647191,453,1
289,1225.6228373702422,1216.7563835943859,113.46564922761111,161.10868876693544,0.9323554744810867,9.801130347864634,9.257794956813035,-8.86645377585625,79.84639750736414,687.1881659534911,354,2
289,761.6089965397924,754.7225189073392,113.27509203562272,187.10295344035274,0.84202838912941,14.431286434028308,14.873129460164453,-6.886477632453079,73.46159373046424,1056.6281162860093,453,0
289,870.3702422145328,864.1878304706198,113.07287445324828,179.58088283635655,0.8715560990870742,13.193885698095661,12.991353445810658,-6.182411743913174,65.39062183346368,1248.317906444329,363,2
289,919.9342560553633,899.1904109489095,113.07045093564682,187.00571126154915,0.8045653702585168,12.312564163657544,12.291144741200075,-20.743845106453854,60.35379146319906,1355.1049681368272,351,2
289,903.3529411764706,880.6972912038184,113.02486404315938,164.84448948940727,0.8208757391705074,12.923861554213955,12.5117059890194,-22.655649972652164,83.5272802468296,1214.2768392128082,444,0
289,763.9653979238755,738.8642640958012,112.95639646483514,192.29760959684023,0.8275276526375203,13.82617409765328,14.78553829424753,-25.101133828074232,56.318486071021425,1055.5914137445816,391,0
289,932.7370242214533,920.2070464358176,112.68894142659441,180.1033935461392,0.8876712818033206,12.440005066219689,12.08153407662302,-12.52997778563563,71.74626626285794,1125.5852099197336,388,0
289,1012.4290657439446,1001.3093739825282,111.80430420313668,179.33222674016613,0.910892180867712,11.741164490085682,11.043174083606695,-11.119691761416364,69.684886892902,1233.2025022761013,322,2
289,824.2352941176471,799.7716054783107,110.55907910261494,175.9749714507145,0.8075327092273819,18.587006328795404,13.413533719272438,-24.46368863933635,74.23625703680761,1252.1168605584057,280,5
289,833.6885813148789,804.9391444354972,110.07828318440143,154.53109867357924,0.7299820295426387,13.366419852605052,13.203765248983967,-28.74943687938163,84.09845571309688,756.7534899416839,334,1
289,766.5501730103806,739.8290091086849,109.73657703979265,160.08772968787795,0.8359896348027452,17.545145543408484,14.315641807089724,-26.721163901695853,81.20722460372713,769.6919741712686,467,1
289,1000.993079584775,988.596425691731,109.63471507289353,171.63733405627858,0.8868104038553993,11.138333506038062,10.952594709083446,-12.396653893043958,69.50884740944673,1107.1676630187612,346,3
289,766.5501730103806,755.2084746767998,109.38027984168652,157.4539737578608,0.8413418245410225,17.823258071783584,14.269161196863402,-11.341698333580645,76.5001789153381,708.499579951736,467,0
289,1089.2664359861592,1106.0692008451545,108.82173331808973,157.65124160763997,0.8963691943859127,10.15093523048256,9.990368721824131,16.80276485899515,75.09821625698851,704.9962642291671,347,0
289,755.2006920415225,732.7919839342895,108.7513819020597,221.52885949563642,0.8575743646514413,13.007424095774725,14.400328687209457,-22.408708107232982,55.46465624481499,1700.1227213931095,345,1
289,733.9619377162629,713.406403654545,108.13251930586632,197.36393896411744,0.7779342765786129,13.235973379947335,14.732714838363798,-20.555534061717943,63.55521968181438,1524.996354805415,344,3
289,677.7162629757786,664.0148998038967,107.30265594499201,168.2851104722839,0.8347571015291156,22.667025418145695,15.83297639543689,-13.701363171881752,63.666000856573135,1017.1718936174636,423,1
289,1011.0726643598616,1004.3457800736885,107.15366112166267,156.31448685271988,0.8799887788305067,11.22374761865995,10.598017817987856,-6.7268842861731235,76.90261739183325,801.6052863805496,355,7
289,677.7162629757786,678.2515938068153,106.8739565938408,167.7368186479761,0.8358321073372792,22.97393885528956,15.769719930368629,0.5353308310367267,64.21559955645967,1036.7878376397475,423,0
289,727.6297577854672,712.6412096230978,106.81933996371988,160.67526413440856,0.7822165544348596,14.59991160064525,14.680452362039635,-14.988548162369279,74.65247359517281,1122.881237499499,496,1
289,742.5916955017301,713.5583772117984,106.7899722966375,159.21848417384973,0.7907483518268195,14.407774434309076,14.380711896392153,-29.033318289931756,68.05936955694159,776.0531197262774,392,0
289,882.8858131487889,869.5089281930451,106.74114653719847,166.23364785945634,0.8845677629495919,12.351859486181697,12.090028511898836,-13.376884955743833,71.80369784715253,1188.9059179410538,343,2
289,727.6297577854672,724.4146396872821,106.16755723273499,159.5319004500527,0.785305016408011,14.803916169985673,14.590876210980532,-3.2151180981849627,79.09432241937941,1143.7673496192251,496,0
289,888.5259515570934,870.6542124415084,104.66997658706819,189.114416205329,0.9182024603645991,11.872659922341821,11.780182267455412,-17.871739115584802,60.30280564959878,1821.850061185855,319,0
289,631.3148788927335,620.4935993658137,103.8221349463183,177.54782812764955,0.8535822866691143,17.598122416359924,16.445380651951762,-10.821279526919922,59.22116316588745,1177.640034321581,390,1
289,971.3702422145328,957.809933921602,103.21181990561823,144.27437096083472,0.8972367018551897,12.546421738571627,10.625384165600503,-13.560308292930857,69.35520390328804,614.0236648165827,309,3
246,761.8373983739838,798.5163987235396,102.94269829825978,154.12153402460217,0.8238684481999866,13.56253861620407,13.512423847657518,36.67900034955584,64.58257763256188,760.7593213357648,505,0
289,694.2975778546713,676.7541826346959,101.1799993346604,163.3698257051457,0.8577911769519823,15.357237099897397,14.573001917607028,-17.543395219975395,63.08709297588126,1184.4029450480298,487,0
289,550.1314878892733,570.7862953221724,100.95386982765375,175.67686317553736,0.8271760742238522,29.032831656724138,18.35086193938658,20.654807432898973,58.61699395330879,1601.0,495,0
289,939.993079584775,938.654116205852,99.68466499281574,134.52696412437066,0.9171343055984127,12.160555333335948,10.604829669261996,-1.338963378923035,72.70278966248736,527.2078623889926,333,0
289,746.5501730103806,753.9715878107479,98.57801858591313,150.125139734377,0.8843367931569335,14.85089691843419,13.204473342817433,7.421414800367313,56.28013703105057,885.7862360737578,340,1
289,706.6228373702422,695.4532894771311,97.65967737296205,145.83768690782878,0.7602124345698444,14.478448049361974,13.820622856800235,-11.169547893111195,63.8265335616544,651.5493641805975,366,3
180,548.8277777777778,568.93569346232,97.01295474342876,142.3039620605963,0.8439318921634189,20.315533605750574,17.67639297271678,20.107915684542355,66.0864054796144,812.0509493170389,512,0
289,892.6782006920415,898.072411084987,95.80634354766518,128.48924550855222,0.9243793247660035,11.629627636917428,10.732461426009069,5.39421039294556,72.98386136573617,430.9867415256001,354,3
289,776.3252595155709,777.221077095714,95.38065441563501,144.86984500276057,0.9055815946323592,13.90008721172418,12.286171710444252,0.895817580142942,63.18256973319126,750.9661455461535,341,0
289,550.1314878892733,558.5631980664025,95.13491745977053,169.9378140593362,0.8382833319378942,27.731084638294767,17.29312347213229,8.431710177129064,49.78261283155132,1601.0,495,1
289,682.5017301038063,672.8112688807236,94.79281463308104,151.83977804406535,0.869157513608044,14.899501670569418,13.88902188111133,-9.690461223082673,54.343542999295494,907.5585676233889,364,3
289,741.9377162629758,759.4512212838739,94.23429287541242,148.13936704673236,0.7501608265253519,43.013327549574356,12.701105606284017,17.513505020898066,67.94332069873894,1087.615734304009,368,3
289,781.2768166089966,785.3339877160365,94.18793537969255,150.21204770183073,0.8454406221971305,11.69032258603673,12.055641915563267,4.057171107040113,64.24728223840384,821.7139475158434,324,3
289,828.2387543252595,810.5502113812586,93.31994562353516,146.16041133017214,0.8183629791165037,11.369318738619342,11.26727590760469,-17.68854294400094,54.65883760839802,769.8986781170004,351,5
289,588.9480968858131,568.7275669280157,93.16421175631288,142.56991071966294,0.8965433911618407,15.76531819075107,15.818747398784074,-20.2205299577975,54.04006883811792,665.1640860434218,282,0
251,563.2350597609561,587.7267633416433,92.7798651436945,135.76376564087903,0.8214548212102193,17.235002066221146,16.472672206000706,24.491703580687126,66.2851048327696,842.246313954111,504,0
289,570.1453287197232,562.6450093478128,91.92448720889179,132.44280885423797,0.7099318466964707,16.269449165070572,16.122992258010903,-7.5003193719103916,65.3900922563339,731.0860648937162,396,0
176,448.57954545454544,476.36395035683114,91.18995999192315,134.48161190877087,0.7271249486613164,22.164899778018167,20.328604127395153,27.784404902285736,59.320347296734354,566.5426700517974,513,0
289,827.6505190311418,822.3263386444759,90.61187963948626,135.21755218606634,0.8891911384329717,10.845659333209731,10.948084675347957,-5.324180386666063,55.16552951484482,646.3396656528972,292,2
251,563.2350597609561,577.7362292078437,90.1554128303532,135.5330199651604,0.8220612203769355,16.309437736946368,16.00671181027265,14.501169446887557,65.49588838341037,853.5563760573152,504,1
289,660.795847750865,652.9051210848091,89.9402939078452,143.98580796517396,0.7878603006785584,13.92414086325874,13.610904822415701,-7.890726666055932,57.49351840512418,994.874900767089,310,1
52,600.3653846153846,591.9052565597038,89.73758103101514,147.0582541680764,0.8619206917062028,15.02349265909491,14.94716106733972,-8.460128055680823,61.032606979764225,709.0656848672118,272,6
289,845.6989619377163,832.1220245719192,89.65809268075218,125.3172455458345,0.8475683394209885,10.945119257529111,10.601655756478898,-13.576937365797136,65.66629961717251,680.6514226999025,314,1
289,664.1245674740485,652.352923400443,89.25353720071126,138.66706918981285,0.8116844153007914,20.282911610812487,13.439276541173726,-11.771644073605492,57.52527401972395,929.4258803866833,280,2
289,708.19723183391,688.0713313667326,88.04196457969182,138.36974221521925,0.83242449467985,12.209561355778163,12.43184251817859,-20.125900467177516,56.89649845320139,928.7257611934056,373,4
289,604.0484429065745,594.6191439261522,87.7934277898782,143.70264204926124,0.8747107096272086,14.553212158454057,14.534170035673252,-9.429298980422146,46.80205615565694,842.1040611919859,385,2
289,660.795847750865,661.5481512041231,87.58349731930602,139.6360554905634,0.8004840052820591,14.099523518048521,13.254244501900528,0.7523034532580534,56.73367080338778,962.762617123753,310,0
289,681.0380622837371,664.9167660675771,86.78295459888535,137.823177779318,0.8839103053867372,12.598940295631783,12.74274661064824,-16.12129621615982,53.29297039140738,710.3743456937648,331,4
289,842.4359861591696,840.7879979968525,86.7465868973134,115.28315259750704,0.8955886507123472,11.265555343208224,10.297113172100834,-1.647988162317097,62.0856541136244,413.97280411799545,307,1
289,808.6643598615917,808.0515814961317,86.73437459395244,127.79438612003825,0.8746774843202333,11.404217125833735,10.7256333899515,-0.6127783654599288,62.90391953356669,884.4812024521707,316,1
185,497.7351351351351,520.0582394998142,86.3238401610935,121.79182354878621,0.731547873356527,19.732648558961312,17.34332862349703,22.323104364679082,63.613203842982216,657.0247243081076,511,0
289,809.5017301038063,808.0872247633341,85.15445044969728,126.27620489268024,0.9295824632450328,11.184846381561167,10.51936608446501,-1.414505340472176,56.41341641221288,766.1831278536731,354,1
289,841.401384083045,855.7292751937974,84.97231515347782,134.7857603372874,0.8432354711253697,9.816204739101966,10.098903657744778,14.32789111075237,52.02531769924383,782.1818105966172,335,0
289,305.6955017301038,309.82036515631654,84.72819554348388,132.4664171720141,0.6248894397257092,37.886667338591316,27.71653330322464,4.1248634262127295,51.848838528977694,841.452550391276,463,2
289,617.7993079584775,604.7145593779993,84.67380333017768,138.45450533235083,0.7334659405102275,13.966928816071766,13.705713528553943,-13.084748580478124,64.55839326286412,1502.634609327867,302,3
20,160.25,178.92063426221324,84.61091249244892,152.34391760323578,-0.23014664049349132,89.40222713887496,52.79932136814285,18.67063426221326,40.901651574899375,481.0,283,3
289,500.8166089965398,488.6558878042895,83.75660414243309,136.1581631590854,0.8118971503449077,162.09322355225711,16.724006879534574,-12.16072119225029,50.337260757430045,829.2223361558116,315,1
289,773.5501730103806,772.2912164980871,83.68989164721305,114.18929111582237,0.8700653179742726,11.49180544172497,10.818935159890394,-1.258956512293422,61.236577426234135,461.1903839168674,307,2
289,493.1937716262976,501.19970549360863,83.6807500963189,120.45675320577675,0.8564617883687263,18.532349963631724,16.9671141264382,8.00593386731101,54.03273652224772,546.7132805549588,460,0
185,497.7351351351351,512.495783831579,83.18357162330264,119.04061007416061,0.7435392721592746,18.681573394025914,16.712417057059533,14.760648696443864,61.350472342474404,646.007628679152,511,1
289,578.8477508650519,588.6676467468512,82.9991399571654,134.07894068021062,0.9183595660770436,30.042872052215152,14.338682293077646,9.819895881799338,47.8229939718733,661.0180289822342,340,2
289,477.57093425605535,477.0112029336892,82.91514205597535,126.75387057777645,0.7756418747593825,17.725016457479118,17.361848493802892,-0.5597313223661716,50.909175721087934,603.1381268909861,440,0
188,324.21276595744683,329.50852070406,82.7587226665016,152.44405835816377,0.7954661982107747,25.56909993911788,25.526053060280713,5.295754746613175,43.44497081395204,1129.7015172417996,510,4
289,721.2768166089966,718.7752714561348,82.53853443290717,121.16516320493704,0.7565143755863665,11.8785023636388,11.443392125224957,-2.501545152861741,59.197837267764385,662.8300555136271,304,2
289,744.6470588235294,740.5233379303636,82.14233863827644,111.81378964998144,0.9264956817062092,12.279000169460161,11.031043185486213,-4.123720893165899,56.35119005587143,435.2820005524022,340,3
289,370.7785467128028,347.4513956492946,81.829215743314,164.49083529918946,0.7045889572471672,27.74345549584507,22.06956590902687,-23.327151063508147,40.114429710471654,1418.8112057622504,449,1
289,477.57093425605535,470.065839538193,81.57720142141645,124.89619040744728,0.7821699827158014,17.20027605054037,17.081693120309925,-7.505094717862467,49.00975653457806,588.2955343437114,440,1
289,493.1937716262976,493.4922448630009,81.21472999946704,118.31013226164232,0.8615321003385707,17.658277258715675,16.46710373727205,0.29847323670328224,50.84880291788829,548.6849943289203,460,1
289,370.7785467128028,355.5516836248767,81.21437832624918,158.37802768380908,0.7261371179433986,28.40115443096615,21.90374255637722,-15.226863087926,41.524337888486,1301.5363553585491,449,0
289,629.757785467128,618.1048648580564,81.14574576071101,126.29134396130426,0.9010450680478016,13.359855955827408,12.885231057607408,-11.652920609071604,50.41500304774411,737.7267963190237,385,5
249,287.1285140562249,305.6063553246904,80.43092181917392,140.59684823940734,0.48816555128133177,30.97340581414038,28.012168029896223,18.477841268465514,45.71377610323128,1096.4206860044435,507,4
202,246.34158415841586,231.8817779302315,80.24454497944986,174.4733456673112,0.6589837267697574,34.6771885113244,32.574502292656646,-14.459806228184366,37.436538419722375,1631.987091508793,510,3
246,637.4918699186992,664.1276260076559,79.48817682705035,123.00487897408637,0.805083654561565,12.962903559923278,12.468892636573962,26.63575608895677,52.777371968418265,863.8986130177398,505,1
289,644.2249134948097,636.0053457002273,79.06076808149109,117.72105585418622,0.8990627113968963,12.5757589671476,12.272230773038562,-8.219567794582384,51.16769548091531,531.7534026266932,308,8
289,599.2318339100347,599.5998366871494,78.80486254895774,111.29373976361893,0.7702692449689403,13.153787953539918,13.150980653806366,0.36800277711469587,57.932372729393705,532.659134583643,277,0
289,612.7820069204153,606.3270306829013,78.54573288884343,118.50682236343387,0.801608933501863,13.477410612806182,12.817891517993694,-6.454976237514036,52.40434947902463,624.2308140538806,304,3
289,696.2249134948097,687.3041090326245,78.39720083106629,113.3091460356789,0.8774674649546554,11.933335730396442,11.260326844315193,-8.920804462185018,51.09976582857871,597.0546416277044,274,0
289,662.1764705882352,654.2792909021683,78.28318461803434,115.87382429050166,0.8632574333551334,12.090733439812118,11.822103033726428,-7.897179686067012,48.4435586885603,542.1229873942873,305,2
289,675.0726643598616,689.9471467841432,78.14499349854906,113.63494129795342,0.88153894571536,11.814334239997075,11.575789929614483,14.87448242428159,50.69747497423157,462.919646542653,338,0
289,597.3737024221454,590.150769057132,78.13394689222994,110.96612831773544,0.7710273516257622,12.993557162821382,13.079575912937514,-7.22293336501332,56.865545945538315,556.1137233475315,277,1
289,381.57439446366783,362.695049812102,78.10372422352799,137.5835197964068,0.7289165799776701,23.169170139960208,20.468806438993052,-18.879344651565805,44.86905655433179,1131.3080477951935,382,1
289,449.66782006920414,427.5882431218966,78.0172950341562,134.0978739081044,0.8067639449215819,18.11195202586978,17.349984044255002,-22.079576947307597,44.65613156889185,851.3034711023644,339,2
289,240.04152249134947,246.94554910129077,77.93806867538292,132.76331825205278,0.46754665845839194,82.51461507167335,32.46857788039218,6.904026609941277,47.46413197276871,1105.8020907013167,463,1
289,475.8546712802768,462.8810458855874,77.78575765929982,120.64485315631342,0.8612312302429456,23.352204775932396,16.346536527637504,-12.973625394689451,46.3138728978289,660.6440047105964,320,9
289,748.5674740484429,744.4525016595351,77.14703808120976,105.81963479774609,0.8995903425964705,11.790079233765423,10.305956477641086,-4.114972388907831,55.071643829470304,396.67799143046716,294,4
289,592.7335640138408,589.0324807698597,76.56664075364546,114.98719691687067,0.7771008777393498,12.646947274545056,12.917547681146257,-3.701083243981152,47.91725381259579,590.1037138372883,279,0
289,711.3875432525952,703.7223808708143,75.87078203844005,115.7354815992793,0.8765608991625212,10.970750807489011,10.66518281885354,-7.665162381780958,49.919487678134715,781.5789307950844,346,5
289,377.121107266436,371.90039142969863,75.78041143516752,126.73472610510784,0.6397722047478835,19.086400282561165,20.09444976030702,-5.220715836737361,46.069580581572495,865.6643613525573,413,0
289,621.5640138408304,620.15028558575,75.72763013017571,117.63344351150276,0.8787556453636302,12.190106213046807,12.183400010922766,-1.4137282550805266,51.86019778125774,673.571160939978,292,1
188,223.01063829787233,220.3079419388767,75.69552652355688,154.22891836948014,0.6491916077999245,44.28994719159045,33.9425630549747,-2.70269635899568,45.213271011202764,1438.6562316093184,510,5
289,613.878892733564,613.0542792513993,75.68199239865837,112.55090492953539,0.8836317801914725,13.188381816566478,12.328489103388328,-0.8246134821648194,52.69741359104381,549.7325159296294,324,2
289,670.9446366782007,662.7107507899473,75.67191277123852,105.67993698449312,0.8316173413446142,12.11508954430066,11.278413841399017,-8.233885888253527,53.64146633697192,501.6846474087014,330,1
289,440.5536332179931,433.9482774491334,75.4567341257414,122.66171246584742,0.7765810535260681,23.386699096452503,17.1277066936375,-6.605355768859685,47.69297791690906,1007.3807545984662,339,1
289,611.8269896193772,605.5917205194642,74.94432172823268,105.59644096537004,0.8956612295638452,13.203706519409874,12.249267031331224,-6.235269099912995,55.39210730272862,493.3606613420691,281,4
289,396.6020761245675,388.5122236395598,74.68040383185635,131.12091570501718,0.7361167463293763,27.36567905083246,18.83005872324285,-8.089852485007675,46.45298939351744,1003.089019850909,426,0
180,412.3888888888889,421.8084947988112,74.48217603023608,106.30125346404726,0.8342372324747668,21.179395160163892,18.061150054482685,9.419605909922296,55.72791493789981,480.7283409531176,512,1
289,617.3910034602076,619.6363889857038,74.34748037084314,107.03453925697751,0.8839057543278113,12.420819627516375,12.042203393661053,2.245385525496223,53.928017820999116,526.5830235583246,432,0
289,326.84083044982697,282.19484755471046,73.95709083794664,245.63070478818705,0.8794365026457008,31.678233308241705,22.62786162186665,-44.645982895116504,0.0,2468.5092363763965,272,1
289,542.3321799307959,548.4973282641039,73.93332285556593,111.88315676940056,0.840910309801672,13.906921867218838,13.632479427092115,6.16514833330807,47.57189750472838,597.4283848867789,380,0
289,396.6020761245675,381.83736672439574,73.90013857287185,129.67065060476452,0.7419218345209335,26.837771996941207,18.63332116034128,-14.764709400171789,43.715817671062325,985.259290551409,426,1
289,557.6539792387543,549.1942780108562,73.47331690681816,101.34526401075884,0.7165376998992226,14.035388463712922,13.175431296503175,-8.459701227898119,53.2949868362025,496.75512145748723,301,1
289,415.24221453287197,398.93874952032616,73.46854602134114,126.90318967535643,0.7396942660490066,16.72373545986488,17.6929376277385,-16.30346501254585,47.47188054064094,915.1765507909085,348,5
289,497.94809688581313,488.0382172305517,73.42050620353858,113.93691214542288,0.8134363024450216,14.99758296607042,14.744610264144653,-9.909879655261516,51.72490945809881,782.8082724797448,318,4
289,436.60553633217995,425.0190228748302,73.16100370227679,128.02899384472832,0.8781323782977917,17.77563311418942,16.75677416206975,-11.586513457349652,33.900579957042,697.8609379400594,328,0
289,507.3148788927336,503.0910256602415,73.02326160958484,110.334223036045,0.863082472155329,15.375709052257758,14.394070556133803,-4.223853232492194,51.1837698088774,831.1889163824983,289,0
289,484.8304498269896,476.7622166601192,72.95237981041194,100.20356619401537,0.7419447222005906,16.215816384936073,15.046988042200072,-8.068233166870364,52.71342674058792,546.7897782596751,372,2
289,703.7474048442907,707.2700714313826,72.8656268835381,119.10851861147718,0.8158207578973518,9.99472284660924,10.353946086616142,3.522666587091977,43.27286902384037,682.5587682466448,335,2
289,631.5847750865051,625.766960691811,72.75833462659855,109.99707164797195,0.8981336451402256,12.017918871268902,11.519963351971743,-5.817814394694113,45.06677431512793,609.0825096888502,331,2
289,553.2110726643599,548.5355268904614,72.63462018046702,103.4814298436218,0.8424971495559451,13.654610316928126,13.129639620307342,-4.675545773898612,52.91173253839577,749.0351524983339,356,1
289,422.3217993079585,435.4346850769381,72.53921733012032,139.68179280974937,0.8754772710363244,69.51074336774727,17.176290082346537,13.112885768979584,26.459713823621712,943.08537874995,283,0
289,617.3910034602076,609.0324054529206,72.41719416119712,105.59804050825116,0.8870010195386716,11.990807040700718,11.729551249585803,-8.358598007287,48.02301936380553,578.1765124420062,432,1
289,410.280276816609,397.34905132832125,72.26504778600241,116.54401305284979,0.7285817642581847,17.661467190210143,17.61358073234998,-12.931225488287737,45.316841099030796,743.2900001772799,462,0
289,534.5916955017301,527.4429176375133,72.20872649045725,107.67380100347299,0.8777287131017962,13.795904948695464,13.507266779123315,-7.148777864216785,49.63134380130441,602.6736432005705,436,0
289,534.5916955017301,519.8180305602142,72.04816796531658,107.56865341180843,0.8779674016923283,13.64338417112046,13.47723291842333,-14.773664941515918,47.28122232883709,520.6290894363001,436,1
289,378.11418685121106,393.96378203509744,71.70453004974196,122.3154698812518,0.7545891677503214,17.690295423468246,18.963723801762,15.849595183886317,43.22075128415935,838.7726140784157,439,0
289,515.4083044982699,512.6130860913489,71.66575830277776,116.53945177704827,0.88262827381048,14.643311066529968,13.904657274108459,-2.795218406920888,44.88256515305761,683.7230943560701,385,1
289,463.38062283737025,457.8981474745808,71.66392677662176,109.1333871095313,0.8708461887509227,17.189625805645882,15.46545609477788,-5.482475362789365,47.50676210684986,693.8859965051314,450,0
289,410.280276816609,390.71447081602963,71.62494727607445,118.13417015841547,0.7211246321330638,17.297673418025504,17.457565309211795,-19.565806000579393,43.35512691676763,791.5517211897591,462,1
289,530.5778546712803,533.7140571571589,71.53013889940964,109.78813122982422,0.8445242909496615,14.433878983620241,13.481553794537119,3.136202485878597,48.761404128616505,894.8383025234991,320,1
289,571.159169550173,574.280954630816,71.38947131818591,104.01602437317456,0.8633257285934924,12.51942304548489,12.499050198985689,3.1217850806430745,47.108095666021995,507.3570028685665,398,0
289,441.5363321799308,434.6178620271149,71.13257707218752,112.95974451000927,0.703722477342233,15.458479274893985,16.110243232079082,-6.918470152815921,42.96350022432779,673.2285193212476,491,0
289,540.0726643598616,538.4864107843903,71.09598608755407,111.73641751890563,0.8890264108377944,14.483513543896153,13.164151933485257,-1.5862535754713842,45.51979930365508,704.848910815492,358,1
289,463.38062283737025,451.1131740003339,71.0473907197408,109.20328034311194,0.8706807056050397,16.64229143316825,15.332404338511981,-12.267448837036316,46.69677353363727,705.9128952318424,450,1
290,445.5586206896552,445.89777950873406,70.82929702587779,103.30667508958864,0.8153280983299442,16.89111567898888,15.896740347262298,0.3391588190788513,49.582198757510014,459.90533051669195,490,0
289,441.5363321799308,427.84200514820907,70.7402763944617,113.12501969496067,0.7028548559531914,15.211876203178786,16.02139421804915,-13.694327031721722,47.238155972168556,723.7445728010448,491,1
289,594.3944636678201,582.0655528768555,69.88800773483369,106.39250790737762,0.8682944431448631,12.332689296015213,11.757849712054334,-12.328910790964569,45.65999020154169,579.080616495681,330,2
290,445.5586206896552,438.6623889084154,69.63250792755329,101.16332706046595,0.8229115400020864,16.359019192959202,15.628136163042484,-6.896231781239804,49.031982997993396,437.01683646929825,490,1
289,468.9965397923875,460.2094385331232,69.39798004564581,106.84146456875713,0.8108316462748595,15.469644058220695,14.79711984151663,-8.787101259264343,48.77788899888242,845.9616905731888,318,5
289,426.6297577854671,418.6515673749757,69.16586006172031,116.9609669284935,0.7197059914449533,16.91425267958833,16.21215088716355,-7.978190410491445,48.9995240932891,1236.7247702655436,302,2
291,702.2096219931271,708.9039756623921,69.08307813518184,113.09222471664093,0.8543033449938403,9.652932046957158,9.837956640226441,6.694353669264982,47.88502275435951,814.4830614510719,369,3
289,424.93771626297575,420.9356656869459,69.05457229626708,92.7924469807374,0.7622584613254878,17.83789413831551,16.250516170593848,-4.002050576029842,52.5724286732019,392.7785808483702,425,0
289,522.0380622837371,524.7211914509767,68.99295250156949,99.70036250032172,0.8246460609481432,13.847084753834714,13.216077042303976,2.683129167239676,49.061723321730824,486.937150588089,325,2
289,577.9134948096886,572.1548404708674,68.93866007238333,93.10587979602556,0.8470586627801012,12.59921258039376,11.928889131596653,-5.758654338821167,55.473006709026095,448.5636983044584,314,2
289,534.4048442906575,532.4421428358596,68.89726681538853,89.16034443972205,0.6592508236184753,13.495984935189833,12.892335754710338,-1.962701454797807,53.63690967964726,365.21912675583405,301,4
289,434.4152249134948,443.83247713607653,68.88677212470121,108.10153454623146,0.8337309588976047,16.589770722823058,15.857356780812331,9.417252222581759,47.4268331236367,930.76752961731,438,0
289,422.56401384083046,412.9572111556368,68.81861171329746,95.64600010922759,0.8026176574140831,17.78932692773633,16.285961288511363,-9.60680268519367,46.26303452996322,397.7220304250923,372,1
289,378.11418685121106,387.21626195773734,68.69418805481905,117.07134138359865,0.7751814506843004,16.818148066206597,18.16757753177095,9.102075106526298,38.456858077876575,793.9585768676404,439,1
289,536.7024221453287,530.4901984641276,68.55744409569111,104.03234644553056,0.8783156322045157,12.671906788646087,12.773827966277942,-6.212223681201041,43.95452145959922,658.9233038546312,346,2
289,463.3044982698962,461.9286508315835,67.92999951999153,95.12490296451712,0.7503147332725578,15.232342212877786,14.662063453659622,-1.3758474383126549,52.45821578116761,461.0220234916586,397,0
289,473.7820069204152,466.2324967529338,67.57219548161514,103.17026589611208,0.906187670616157,15.995152417441039,14.262296688055898,-7.549510167481434,40.92150797286155,505.5311703618147,291,3
289,267.1522491349481,270.07904081694153,67.4005043473274,111.62819853521034,0.654559391675865,31.61668078942059,25.229248327713314,2.9267916819934103,41.445249062527125,753.0901514685797,472,2
289,298.5813148788927,289.82559104201215,67.23049433187214,98.59092806047823,0.6751453410151349,23.222508342892223,22.51664487415813,-8.755723836880605,44.74001204605568,511.3099292657588,446,0
289,297.2179930795848,304.8530618952859,67.1039567592124,98.17200492526214,0.8205561481954995,27.907663477927258,22.577353431373265,7.635068815701182,44.005648230577606,448.28854976068715,488,0
289,298.5813148788927,284.8672969753014,66.84783426186777,98.92022186026591,0.672971687282852,22.63084245524224,22.388485457967075,-13.714017903591358,43.96691514903699,525.0547926034354,446,1
289,472.4948096885813,466.0118426835589,66.79163249599375,108.32754407087513,0.7039678821958402,13.278829112073288,14.135950517639706,-6.482967005022512,42.31834252700878,822.3971179248502,373,3
289,425.75086505190313,415.50686800873336,66.76658756293175,94.30827684605453,0.8340581988370203,20.445425895568903,15.682079132074636,-10.243997043169767,49.38004970761176,680.007853987667,444,1
289,434.4152249134948,438.50991479429484,66.73286378789149,105.74699143916207,0.8408950414431967,15.999531674103146,15.361538905819891,4.094689880800067,46.52970994106528,930.7006952958652,438,1
289,434.29411764705884,421.4096744355899,66.51260447180181,101.87321043309835,0.7773383306448829,15.645771546858011,15.31510600055033,-12.884443211468923,40.98294773177133,540.8128904511791,361,3
289,447.47750865051904,443.3551051180197,66.15105179459545,100.42167331366385,0.792361046943772,14.708348068557683,14.783100941562532,-4.122403532499322,46.784038130465945,609.5733756193811,371,0
289,468.1038062283737,455.4204518317585,66.14071560182299,94.24176139519109,0.7907206752905351,14.836322488722399,14.129497500722083,-12.683354396615247,44.74721281467873,429.16750820594075,361,7
289,550.6608996539792,548.4991812914474,66.07130006033287,104.64269008339745,0.9038355546078979,12.676965554207372,11.998545765978722,-2.1617183625318623,42.69078489083711,542.0998963948068,385,6
289,547.0588235294117,535.3013281238165,65.84806495922612,94.1502094604833,0.758368696102798,12.189640457860175,12.036743057062841,-11.757495405595304,46.08179424664047,408.4067820343246,370,3
289,520.5847750865051,516.1674368013626,65.82371663679893,103.06582023319791,0.8629861274964403,12.885707013069908,12.644187803199019,-4.417338285142705,41.77010405387841,675.3154959374522,331,1
272,364.44485294117646,383.2878962971426,65.73820380927945,97.09238071071216,0.5517291434081215,17.57705211780245,18.03790155870029,18.843043355966124,45.392591010555364,595.4988091430964,503,0
289,477.6020761245675,471.21675411964407,65.66807486868267,89.99385402125067,0.8146588717431203,14.556736544444096,13.749537146391136,-6.385322004923418,50.98799306365663,433.33474069573015,444,2
289,514.4429065743944,500.7180334337159,65.10065129427383,107.03255586527088,0.889583665329814,12.67127647420279,12.654592076654382,-13.724873140678575,34.890951659845996,622.5266952483,331,6
289,417.84429065743944,414.0458279934279,65.08782494761742,100.15197174282501,0.8526348822550138,16.756627122329274,15.577052601390756,-3.7984626640115864,42.443763433846925,661.3622772227626,487,2
290,464.92758620689654,469.71724656511145,64.82512463673432,92.82023062655993,0.8024269112890332,15.539255080392389,13.94305835143252,4.789660358214956,43.485958827308735,423.72409170426073,357,1
289,297.2179930795848,298.73208264376206,64.795305041918,96.70968907173925,0.8258621268232705,26.11613791855895,21.80059974517358,1.514089564177314,42.98523015998143,421.59059658040735,488,1
289,383.1695501730104,384.33416179997903,64.6706988109984,95.77403707751294,0.8070442071020697,18.967629132581973,16.877828309112246,1.164611626968645,42.36326706580826,550.2820275810392,352,2
289,480.20415224913495,477.4536630056293,64.38710644156113,103.27516531651924,0.9013676773776729,14.28315885937613,13.408277737706115,-2.750489243505543,40.600078208060495,604.1237076805876,385,3
289,382.29757785467126,382.0143362138099,64.20265199887012,114.53107803388203,0.6193169823539737,17.68674559620196,16.793894525608653,-0.28324164086138554,36.32656295246875,1047.9698056059976,351,1
289,529.2110726643599,518.0017165369443,63.92067795597683,96.6326158806312,0.8464194815837908,11.906009866277925,12.078484608071886,-11.209356127415662,41.19370667706295,522.4162298215264,308,10
289,512.6193771626298,498.2146919311752,63.65318228258253,97.06965296424211,0.893094249572075,12.616176409107402,12.417240767390734,-14.404685231454545,38.70743704042695,506.2893503262726,308,5
289,279.878892733564,260.5775288651849,63.393821409521316,315.82626651010503,0.8666560656966927,138.55612022686623,22.65044740971955,-19.301363868379106,0.0759014572968196,4120.438801170585,337,0
289,446.10726643598616,443.89289134330545,63.09409884932141,88.91968934034969,0.7460496563073584,18.38050309315092,14.143257372467627,-2.2143750926807098,46.8702170601278,393.4472994978121,301,3
289,574.9377162629758,577.2228527824167,62.584975024843196,85.59382138416805,0.8543553707028317,11.824590955777499,10.885522597410692,2.285136519440943,41.98934219802641,365.4036181510389,403,0
289,301.9688581314879,307.6299745637461,62.5447928793288,97.47428140353688,0.7327402754825132,64.33804784782949,20.71233214787155,5.661116432258249,37.164703755707365,579.545619327432,472,1
289,343.35640138408303,350.69535167576356,62.49772925072869,91.59975718191582,0.8263796969996878,20.765259168105707,18.201999146891655,7.338950291680536,43.84282347445517,542.7635753562764,433,0
289,316.3771626297578,321.4417004085479,62.450317184934185,97.24983601409605,0.7120520239115424,25.917936115477136,19.73919883023195,5.064537778790148,39.7513857152083,728.9513900828549,455,0
289,400.91695501730106,399.5423771231711,61.94428375838824,103.73717433817355,0.7685142053138954,15.850369125730113,15.450652057285808,-1.374577894129973,34.80851663390527,626.9190642010952,348,3
289,401.8304498269896,419.84796634964107,61.50595477230604,89.65588922642532,0.7548941429017191,16.281255031010975,15.306444496375967,18.017516522651427,42.73739036483997,585.0425721932723,501,0
92,313.2608695652174,332.28388596506664,61.43382844496526,107.52481177030373,0.7439842923922804,19.728005021522417,19.611076394645398,19.02301639984924,41.3798367681094,738.6548166531212,520,0
289,371.7750865051903,367.4983911910735,61.387998130669196,99.31241831512993,0.8004681187414583,17.09679273473972,16.5121333728241,-4.276695314116834,42.26680289675221,759.4524192978702,318,1
291,491.1993127147766,492.9468880648473,61.28971731327352,119.8695808191689,0.7954901669524729,11.707586744129184,12.47756577152673,1.7475753500706595,40.207629639033144,1399.7642868101052,369,2
289,343.35640138408303,346.02734552107665,60.740209549576,89.25437471345157,0.8351568561832257,20.067750299334097,17.690134596218346,2.6709441369935987,43.03550899095487,545.5090404617472,433,1
289,346.2145328719723,340.5014837318418,60.706071064310166,90.40974048317919,0.7618853502898313,17.927339998441578,17.534235365780802,-5.713049140130527,38.92398099718247,399.8544295497848,396,2
289,464.1349480968858,458.5810073349876,60.67738924316529,89.25452297535382,0.9140357067677838,14.875277226993003,13.073221374939253,-5.553940761898186,37.604626139110366,349.3627809521413,291,5
289,486.8546712802768,488.2558966130389,60.62525002124493,97.91484476385043,0.8719014104048908,20.594799647263663,12.452432645212035,1.4012253327620026,38.68380908564234,570.8929764621116,355,3
289,316.3771626297578,315.69640741374997,60.365392855064925,95.11361354492335,0.7245634066583508,24.85024494892513,19.0801992006319,-0.6807552160077978,39.957820071372566,714.2291311837275,455,1
289,432.56401384083046,431.12128726366086,60.29173345632713,85.79895786675989,0.5938007933731111,14.917947508624648,13.938222211548215,-1.4427265771696522,45.80849855230679,532.1459206908726,386,0
289,302.11764705882354,298.57417835636414,60.14617390539071,101.82276809932488,0.7975430841850016,21.445837433994335,19.908196191426054,-3.5434687024593883,35.74250865051479,863.2305765236049,320,7
289,365.4636678200692,372.88986955867375,60.00303100229316,84.97923374808161,0.8061735209916611,17.84962918508092,16.41832999712431,7.426201738604596,41.86922885728154,373.2878849918195,471,0
289,531.4221453287197,522.8045535693245,59.47135126723443,91.87711393306856,0.8614808996038245,12.217770835184002,11.190980991288473,-8.617591759395168,43.5952598425834,656.6198286072504,295,1
289,363.8546712802768,354.47054839625304,59.45250072776426,100.31585180575183,0.7323016457155087,19.456440479138756,16.33962826932297,-9.384122884023805,35.060923030437834,648.436792653408,348,6
289,474.5501730103806,464.7223384480484,59.30768112590465,86.03389882851575,0.8290757644194195,12.584986475501788,12.497662944610772,-9.827834562332189,43.53215705576787,426.38399666188434,395,1
289,428.3529411764706,423.9713505966511,59.2165892007015,81.59879562736086,0.8436795397257568,14.64383148118559,13.824251804613095,-4.381590579819477,44.46450124768728,347.71039354682387,305,5
289,474.5501730103806,472.2458749387175,59.20928699719164,85.64720111337346,0.8306088222244596,12.799482568703263,12.476928755833887,-2.304298071663131,42.80885843217902,454.1537012103729,395,0
289,297.4048442906574,289.14914600043807,59.03145780204901,90.07988678448545,0.7472026262231988,21.48257869374806,19.848855502957726,-8.255698290219366,40.46298379097959,565.0963853967438,447,1
289,531.4221453287197,529.6714261305511,58.96549235602469,92.14195569429191,0.8606811679771873,12.343297205705305,11.09579133544588,-1.7507191981685262,42.73639002778049,684.8916323518662,295,0
289,425.9930795847751,418.24198121766966,58.80047111620228,82.84197901916883,0.8250504274267922,13.855904298261946,13.803151725731414,-7.751098367105382,43.55096389802054,337.2834926003966,384,5
261,249.22222222222223,266.9392567453783,58.7863040546359,99.50990134675364,0.641768092333352,27.58267828553721,23.587906218980077,17.717034523156123,39.68905550553595,973.4822215572881,506,0
289,416.7854671280277,411.8332171879247,58.77732764368746,82.88641996071027,0.7268966372552523,15.196421561257855,14.10253770331975,-4.952249940102984,39.55396722926338,350.8933780701234,485,0
289,365.4636678200692,368.1184873768197,58.67438687096779,82.68457293690399,0.816499834496893,17.379270019308912,16.05477973253836,2.654819556750546,41.049422770494516,366.9692266140552,471,1
289,445.4567474048443,439.94293266834876,58.476813676835995,91.61095862813856,0.8026126981701327,12.649765183207245,13.127383077596653,-5.513814736495522,42.77557739847788,706.1196649205074,373,2
289,297.4048442906574,293.99741997102143,58.46947821360336,89.30975688123958,0.7515066855464833,21.76501075458556,19.659894361525737,-3.407424319636005,39.586641934183945,501.30388587494144,447,0
289,539.636678200692,540.8943439581565,58.40504323688573,83.12342124624183,0.8864289808867127,11.038296162931388,10.823030679016368,1.2576657574644525,42.024797437473694,361.371537647649,347,1
291,472.0790378006873,479.0521235110506,57.44881299436548,86.96742577168675,0.7526414430548181,11.706019975152586,12.169320896349669,6.973085710363336,41.85872815741641,626.038239762754,369,1
290,341.8862068965517,351.1142573215352,57.39606244043005,90.01210494746314,0.8389268930021098,19.30663859353933,16.788060261757508,9.228050424983438,34.011490032922964,447.7226555984262,437,0
289,539.9307958477509,544.9221471494932,57.30139616411353,82.54614255356131,0.8683746160494725,10.76724346140489,10.612729743289421,4.9913513017423865,38.570775154925286,477.70089370754,338,1
69,298.28985507246375,298.8780957724948,57.21566608490372,79.07198353636032,0.5459602618465036,22.196134915897538,19.181230977836734,0.5882407000311083,44.3810394953241,252.02075256944698,328,2
289,388.2871972318339,390.4922044459168,57.19174602578431,81.10644774339318,0.5759528209504075,15.862860898740665,14.729238160185062,2.2050072140829164,41.921187373897396,481.38970844524374,417,0
289,340.1833910034602,348.42087663382404,57.10343990055255,86.07297761801775,0.8653430184415936,18.63435175668484,16.78607522022488,8.237485630363814,37.97283750917671,517.8754238372896,416,0
289,348.9757785467128,347.20554559583417,57.014517841390116,92.02347295279847,0.8460215327441849,18.09788077198273,16.33767193781282,-1.770232950878638,32.99973903330692,666.7168133062655,320,2
289,435.11072664359864,429.27978290167374,56.91043909371468,88.79363325639375,0.8971380066940423,13.972363349420894,13.079530245718422,-5.8309437419249,35.656896764438756,503.2329616518373,331,3
289,399.3667820069204,389.82791708240876,56.85192107992803,81.9237986608603,0.7863055591682151,15.316470333140058,14.235515731737266,-9.53886492451162,39.665048250168184,439.9943524645655,361,2
261,249.22222222222223,261.6203924039658,56.582697715867724,97.2824552764874,0.6576260443295256,26.182889885902565,22.703712859688345,12.398170181743605,36.53947127826018,973.8655834106213,506,1
289,450.01384083044985,443.02591174263637,56.454230006671835,76.43283076444501,0.8973991453304336,14.453929553200584,12.544998594374768,-6.987929087813467,42.82744928069832,291.65076116542497,333,1
289,335.98615916955015,329.4284314129905,56.162555086585705,102.66624821924074,0.7572237108197359,17.03018489525346,16.715734727109442,-6.5577277565596646,35.12330433787801,900.5231530167094,364,1
290,341.8862068965517,346.86931968165925,56.08934624538607,86.88958299240183,0.8499083174453446,18.660031057784337,16.405852331550083,4.98311278510751,36.05213704097889,432.13150842858704,437,1
176,292.3125,307.9136120335581,55.91711478737404,73.98835014904812,0.7274101560555285,21.295460855513497,19.129224643959475,15.601112033558111,42.83109710623489,295.3942091268906,513,2
289,444.0,438.87025451122656,55.773527566457105,78.71117163650185,0.8883295118992331,14.837839804229205,12.56160530776061,-5.129745488773438,39.877779089411376,317.3752977161256,309,2
289,356.878892733564,353.73081806513443,55.755023712757165,86.15743613899069,0.8626201761916341,17.928914411084563,15.622953569961432,-3.148074668429627,34.0738914055616,605.6148532129457,364,5
289,340.1833910034602,342.21377135155336,55.6023801930672,84.61511177293026,0.8698659081676845,17.693177995006035,16.34482507480844,2.0303803480931366,36.13418908299039,507.5575657230331,416,1
289,339.7128027681661,336.7727674953798,55.577612898194005,76.47389625338047,0.6562354689863552,17.64035498083211,16.36017613858446,-2.940035272786278,41.41374269580609,347.49494017702057,458,0
37,251.48648648648648,294.45230253098833,55.52053413322993,73.03145400500361,0.4468548860108701,21.854500381777672,22.07694532970991,42.9658160445019,37.58882836892599,176.93109419744474,528,0
289,231.97923875432525,230.2757304504771,55.20155247254086,86.53029752428138,0.7995234514794167,27.222101192718156,23.795902068202484,-1.7035083038481154,33.842149467151245,382.2151104149274,435,1
289,415.60553633217995,409.17969581072555,55.13570984628573,86.10818619115287,0.8188682733442645,13.149276534802286,13.266355961682272,-6.425840521454303,36.06930747830472,533.4304598874626,281,1
289,339.7128027681661,332.88145881883435,55.07731359401976,75.36072462823901,0.6661704620190458,17.40265169345068,16.21290488472016,-6.831343949331669,42.4705492426088,340.1177712626,458,1
289,345.6851211072664,344.62180599639595,55.020409105900264,91.03167918471819,0.8788143454709985,188.15351290916956,15.916337078571392,-1.0633151108704844,32.77242843141789,495.22670783387287,421,0
289,324.70242214532874,320.14628843144635,54.96823434952107,74.3764970035434,0.7721936011390753,18.727634471776113,16.92880329821459,-4.556133713882332,44.25431247278627,328.4009336067095,425,2
289,359.9965397923875,354.98032659963746,54.960304491961686,94.62190034573075,0.8082558634950838,16.591837560333374,15.266897988424462,-5.016213192750024,38.306759108999074,836.3101582124561,332,1
289,231.97923875432525,233.6664792677488,54.952921376881726,86.0928456334099,0.801545336715001,28.2262485997547,23.68872390131383,1.6872405134235418,32.09275131818242,406.6140684038187,435,0
289,260.8304498269896,259.921687516066,54.87290126289986,85.80214533691992,0.6439083041909933,32.83473183306186,21.037766602517987,-0.9087623109236642,33.5778560727465,544.4236248894265,475,0
289,306.7993079584775,308.9994783177827,54.795500143559714,80.19056343327777,0.8329891647416883,20.245440103956312,17.860372798160217,2.200170359305184,36.31472106722384,387.3917002392215,418,0
289,324.10726643598616,328.7867126383301,54.72517587173176,100.46108533884717,0.9060650296241923,20.858612849377472,16.884896310259194,4.679446202343847,24.62227287040122,609.8314702851546,308,4
290,270.82068965517243,283.22435995452685,54.696098866123755,80.01598729197393,0.8486224864813892,24.646360174728603,20.19642551526126,12.403670299354424,36.75912490176695,375.41043655374926,389,0
289,391.5121107266436,394.36165195165955,54.09555942275058,74.95085526299087,0.5563879015963655,13.925767613795431,13.817084565366223,2.849541225015953,36.280624848286664,273.6527006372602,387,0
289,420.65051903114187,419.4649996858635,54.048463540126704,80.48790156708374,0.8969946255075371,13.485455550113537,12.848780898835727,-1.185519345278364,35.63493583576337,397.0266132268374,343,1
289,383.35640138408303,374.315225159377,53.98641648527938,81.37155460653493,0.9068845451072083,15.645656488956455,14.082565542238235,-9.041176224706051,33.407094644515595,348.58643648089753,308,1
289,303.121107266436,306.195586341986,53.935081702159366,80.34822239343085,0.8117213534937646,22.819746207862444,17.793245145001322,3.074479075549959,36.66637069787757,516.3875397947189,494,0
289,257.8304498269896,255.4080898055856,53.50413208900442,98.66054207854835,0.7113604066071695,22.49252283212759,20.751673095597113,-2.422360021404008,33.430557962653296,1006.3162348172065,348,1
289,171.7750865051903,170.83363728898135,53.467250239045676,78.82587374484093,0.6005002444233234,41.64258611756364,31.12631250948613,-0.9414492162089857,36.524468738175386,350.2639493634375,486,1
290,270.82068965517243,278.7098142721328,53.24784142618103,77.51531997177216,0.8579363662306696,23.868244756454878,19.661659341455728,7.889124616960368,34.71969206884425,305.4328579797399,389,1
289,398.62629757785464,397.26739584480805,53.22454706687486,77.91597860430912,0.8954541791011074,15.288211287820838,13.351990922395107,-1.358901733046608,36.716995870141204,367.8101877194852,341,2
289,398.2145328719723,399.82149523345265,53.17400461714997,81.08922481377726,0.7746210309735977,14.06814655704373,13.353104979281516,1.606962361480346,36.72121267893988,455.9869687551504,442,0
289,429.0484429065744,434.19759029564403,52.890583346336946,69.51805619928653,0.9028969493866031,15.864982221365217,12.327415288593393,5.149147389069669,41.71925614744487,231.55553033783286,297,0
289,171.7750865051903,174.13616329568524,52.76331442975899,76.54007018739206,0.6233338062856482,42.67516404345191,30.71651163346363,2.361076790494931,34.58963658092,336.08828626240995,486,0
289,332.7993079584775,322.6599984955255,52.48028125979785,95.7173083676489,0.8805640475340591,15.70638748560722,15.769348073988688,-10.139309462952,22.915163163352986,697.9225069662812,328,1
289,344.4567474048443,346.22976935823317,52.2097578461148,80.0220360082412,0.8640614626774579,16.16409102795047,15.157130246240182,1.7730219533888758,34.95386911706794,506.17166166967695,363,3
289,237.57093425605535,237.58160244209355,51.937656768195644,96.79837194590465,0.6146254932208897,21.233997782456182,21.861957537371527,0.010668186038184327,26.186950564891106,624.0309033743973,420,0
289,355.70242214532874,356.3635153643512,51.78333935510289,83.8652082514932,0.6706467037950246,14.281326521028728,14.558050811907561,0.661093219022456,30.226280320523614,615.2696232713424,298,0
289,237.57093425605535,233.68584859108395,51.38607644372932,97.14392951649398,0.6118691085054522,20.689012796412275,21.629782534064166,-3.885085664971418,26.151870908944886,666.2626558731299,420,1
289,377.2179930795848,375.4681634365906,51.37223283545548,77.92100549804157,0.777343061954462,14.179667344572561,13.618712197701836,-1.7498296429941513,36.77842016239936,456.80354950817946,442,1
289,355.70242214532874,351.28356842599766,51.04386082444929,83.23329124268797,0.6755913013515547,14.011774447663464,14.350158347697276,-4.418853719331067,31.67111857929018,639.5510755795959,298,1
289,251.8719723183391,247.3313346656356,50.70398135811055,148.90877770343076,0.8210394003490442,21.296660736437673,20.130854930546292,-4.540637652703523,0.1522029751735214,1554.6848490854534,273,4
289,377.69896193771626,377.488405446148,50.52261901121805,75.85374414471767,0.8957923929803363,15.258288868535235,13.37642516993451,-0.21055649156823839,34.55535430026805,384.3330016558384,341,1
289,346.5363321799308,349.4896144522914,50.502643061598995,79.01420337753154,0.8018319351847754,15.704625462707517,14.57354925641006,2.953282272360604,29.501513784938027,446.24462698152036,380,2
289,257.94809688581313,249.52345228064254,50.14260591643616,87.21765562961363,0.6909502194685524,22.980988966626665,19.439029216266317,-8.424644605170597,29.189603359701408,713.799720521141,477,1
289,156.14878892733563,156.97853009032042,50.08755937432049,71.65529063013284,0.5307831094797487,393.23791463323016,32.07681578473779,0.8297411629847913,34.98504578068656,297.6928673219583,334,3
289,415.2387543252595,404.24394653036603,49.819823863069956,72.44220640411554,0.9097375518164013,13.75416350546264,11.99787431787875,-10.994807794893521,31.80339366626322,274.1962933498862,332,4
289,345.8062283737024,345.3527515335846,49.739803218723125,67.8490642931067,0.8261356953223877,15.263077578693665,14.38372103725408,-0.4534768401178493,35.398350727400555,273.47375454020784,384,4
289,401.9134948096886,401.7491975174535,49.61789469036051,68.92389706291283,0.816736553739578,12.918552743906353,12.34541644685388,-0.16429729223504005,35.67019234574872,313.6037605382001,304,1
289,257.94809688581313,253.12007398419743,49.59203878493978,86.05176827122702,0.6991574786136132,23.081025378723535,19.225588164309222,-4.828022901615709,30.017581978591267,682.8640577802506,477,0
289,372.16262975778545,366.2162906767895,49.58754091044154,72.19012604610366,0.8936169106124485,13.951525500491515,13.324159102893965,-5.946339080995958,32.83054969185588,356.242361349445,321,2
289,350.2629757785467,349.8792515106581,49.27935737687424,68.72661251322334,0.5624949186222559,14.151046076683457,14.069245334120339,-0.38372426788861963,36.074539631550635,296.1733470985256,387,1
289,197.2318339100346,201.67451370114614,49.1856650109657,80.60874740673817,0.6207847374379105,29.761617588457174,24.93799506696331,4.442679791111545,29.098164818140503,466.69535911523144,427,0
289,265.83737024221455,253.5037771560024,49.00929237628799,76.92721272712329,0.7140953600833837,17.318656849153978,18.435817481806172,-12.333593086212144,28.576201231010373,396.2467236586511,473,1
289,330.0865051903114,330.80162881529327,48.95267176223448,68.96008323973646,0.887220287929092,18.133577776497994,14.830255400477766,0.7151236249818319,33.777959959101,326.2999663694826,332,2
289,324.33217993079586,320.1177622591683,48.80682078942589,68.74153100221874,0.6834138349445718,16.11638730143852,15.048405249161526,-4.214417671627603,36.27416113328411,324.41462405751395,485,1
289,367.8581314878893,364.53129607795023,48.800544300910296,67.08090315054963,0.7961291746741486,14.050504103360101,13.26613172951348,-3.326835409938989,37.32573332357401,293.25007237385665,351,4
8,180.375,221.8576918404683,48.79777069812901,65.37934882074609,0.6543792478230002,27.03987619492515,27.053511128553847,41.48269184046833,41.80058070634719,157.1068302741811,337,6
289,389.91695501730106,388.3175365978078,48.796018079600536,76.16392069553612,0.725251052086877,12.690358299214088,12.514464285718327,-1.5994184194932133,34.19925688848099,443.0269039852093,400,0
289,265.83737024221455,258.34368631737897,48.795220410900676,76.18711298143197,0.7195701478787708,17.684014256535352,18.355290065667404,-7.4936839248355644,30.485026900058642,379.103024413193,473,0
289,204.0726643598616,202.91424770250634,48.595373254985404,82.78464189499505,0.7405600532911982,27.097854082289853,23.812779338879192,-1.1584166573552526,30.01093020389621,607.1409857636795,320,4
289,219.96539792387543,216.94026418516503,48.349593468569495,72.31425429236948,0.7883843145971011,28.12087124447713,21.98054508796065,-3.0251337387103905,33.678124767177934,408.916724688925,382,2
289,352.07612456747404,355.5858411997736,47.977689538819284,77.21710296878767,0.8898765598302967,14.60028032962348,13.627078404637615,3.509716632299523,29.53796139720282,410.40852174724847,385,4
289,202.8719723183391,205.3224437106877,47.77565289597865,76.53437364289515,0.6037663310685273,24.392177516895114,23.549656638133772,2.450471392348606,30.14528673499332,522.6580973798326,413,2
289,257.38062283737025,257.87524104486226,47.771748479631036,72.39253930761,0.8279731454582777,21.261912494933004,18.560740102729614,0.4946182074919947,30.166678051291115,490.67632100922003,320,5
289,338.280276816609,335.2798395178734,47.741048004074614,67.44488379253762,0.5321178412690822,15.738485593103292,14.112867724167183,-3.0004372987355046,35.889722408928094,388.6497154053693,386,1
289,413.11418685121106,414.00713969825205,47.6608554576459,66.30412693323446,0.8043769371489821,12.73709025064731,11.536968948203087,0.8929528470410198,34.875195830312975,431.08665873491157,296,1
289,392.16262975778545,393.62156466812047,47.42806831128723,67.38655047292015,0.8597253853800766,12.156229427328629,12.093979566737554,1.4589349103349742,34.12395363639524,341.2778485684885,347,2
289,305.2076124567474,309.44933352138395,47.39178762754272,75.87472378828897,0.853739738450905,16.610162329918346,15.527721358607613,4.241721064636528,29.29666905129116,505.3823186358778,363,4
289,384.7612456747405,386.909873470787,47.32963668412273,63.03609860750085,0.8513834664954043,13.935819047710163,12.301040506593285,2.1486277960464877,34.4423111894032,276.33922448263706,294,2
289,223.42214532871972,220.90667907744754,47.2936336700294,75.18970629367152,0.8026089912054644,63.845669990803614,21.167836160755932,-2.515466251272187,29.39639452279448,486.3537686329778,315,2
152,288.8486842105263,295.07216258282716,47.16978837329195,65.30951481832052,0.9071554626595727,18.705468153908914,16.330276352899162,6.223478372300877,34.06510526928699,239.01084396652436,516,3
289,239.48442906574394,231.3814789174277,47.12175055745416,153.19095861383306,0.7857420135741722,18.40624961333204,19.676331668527045,-8.10295014831622,0.1669289614117129,2039.4946068366974,273,2
289,249.13148788927336,255.78631077294466,47.107870739302726,103.08135637114282,0.8087924159213784,76.93485838722457,18.908838516727297,6.654822883671309,18.510501009818086,917.0954792645323,283,1
289,276.4532871972318,278.58155507006853,47.034993570323394,71.35407276045879,0.8341279939789382,19.010173465217107,17.013721937322064,2.1282678728367137,30.915772292052793,417.710902465841,487,1
272,236.56985294117646,246.38593733614033,47.002546053379575,66.86362550399727,0.624437918485292,21.730160635084335,19.86835831743398,9.81608439496388,33.10330430279322,384.95271193227956,503,2
289,265.98269896193773,285.8471436489191,46.910923823120704,69.51728321630601,0.8241785718227607,24.260924466343546,17.63683277378642,19.864444686981365,31.91692672618069,355.5159559404308,501,2
289,251.65397923875432,246.53849611975505,46.5541518494903,75.14256324303372,0.7855777627600019,20.233983313399243,18.499271098480225,-5.115483118999259,30.29985678601639,524.7226890928807,480,3
289,292.2560553633218,289.3077927760334,46.477991635570284,70.60749631907804,0.6888563261744557,15.502355583569535,15.903174898391956,-2.9482625872883528,31.75975624781603,436.3910792173812,448,0
289,304.1833910034602,299.36991648855405,46.31576964744251,73.47323247460986,0.8481836787954682,15.230263129008897,15.226265147039422,-4.8134745149062015,27.821147461040454,581.5434389366736,391,1
289,401.43598615916954,407.2667699143538,46.16742463221496,63.49763893594647,0.7983278621243419,12.021270000301335,11.500569511451213,5.830783755184275,31.194295550279037,291.8277744813905,278,1
289,401.43598615916954,411.17896863022435,46.13713395077607,63.96096349210732,0.79537403401718,12.094550021176005,11.493023929469711,9.742982471054807,31.616357227376113,302.5427384968251,278,0
131,122.74045801526718,129.95073919852828,45.91804116257628,67.01766998547846,0.4626908278316989,54.888397844249134,37.41068096459663,7.210281183261108,35.53045574290002,290.4728499459126,519,0
289,375.8615916955017,379.7940014495464,45.900575663110374,68.59748319281725,0.8744150186224813,13.419736227110999,12.212095270510106,3.932409754044644,31.398206034640793,422.9339813390809,316,2
289,248.09342560553634,255.28774446062945,45.88420335171235,87.17502732148816,0.7166154617415821,18.568021946952346,18.49472763726812,7.194318855093071,25.221166563359304,812.8531366379084,324,4
289,305.6885813148789,300.8049714103392,45.78235376729513,63.664019798220295,0.7502692601408594,15.64434901079323,14.976795525161066,-4.883609904539733,34.71418487268119,372.276378110757,397,3
289,177.7508650519031,180.23193634348664,45.70174951036474,66.60122481392519,0.6855498470299365,34.756322871567605,25.711126354867453,2.4810712915835076,27.90106469023044,289.04645219346656,469,0
289,224.5190311418685,225.8784961258303,45.590860794006076,74.78441481043238,0.5321556522535831,18.904304276714477,20.3060117274416,1.3594649839618105,29.55394469142186,488.8483738997404,441,0
289,224.5190311418685,223.39678013588443,45.5736059194236,75.37365149543753,0.5247541882366206,18.740236809946627,20.29832646597636,-1.1222510059841322,28.86146464281569,496.4811247015286,441,1
289,337.878892733564,336.93688516282305,45.48706598502374,72.28213131483753,0.8025559906316737,13.281080116042773,13.462535530709454,-0.9420075707409418,28.36344708022034,445.623224614465,344,2
289,339.01384083044985,339.8461113251407,45.301844095881556,64.39693738742808,0.8273337407643022,13.637981857718279,13.362830256401908,0.8322704946908801,32.51095350975004,304.15715674922365,303,0
289,283.4083044982699,284.869497032553,44.76696405787093,72.09258963211944,0.8388438506410177,16.64651738822195,15.795925294822903,1.4611925342830843,31.08979872581952,461.61964973464285,343,4
289,177.7508650519031,176.27727831891752,44.76463745760113,66.53514974595653,0.686173469454364,33.43825438947878,25.183921014690924,-1.4735867329855918,28.61156137781657,301.9998289843523,469,1
289,280.7301038062284,275.32437997858034,44.743380992723544,78.79955059733857,0.777619000224517,14.558031789786297,15.938219801182168,-5.405723827648065,24.896725873440403,554.9197419915735,401,1
289,311.2733564013841,307.1984226646788,44.566632233772914,64.02820384458656,0.7813576934118386,14.968272199428508,14.317522305476302,-4.074933736705347,32.78986487159281,344.5002123215727,370,1
289,417.2871972318339,424.03756723838666,44.529672654606394,64.20775578055112,0.8102972857834726,11.581919754537244,10.671229059986441,6.750370006552797,31.246405015933533,461.4613466975584,296,0
176,156.26704545454547,172.93229205341328,44.52844564826264,89.59434916282143,0.7399899097225555,119.00300625536129,28.495096658888937,16.665246598867824,16.671077114059035,580.4637380513265,513,1
289,321.6955017301038,322.03001619257714,44.43320081029068,75.98386447338503,0.7749057221596176,13.66765204648429,13.812192141738203,0.3345144624733432,27.842358047582792,577.9997173962958,311,0
289,317.92387543252596,315.94551637263106,44.422760783298386,61.78676687627037,0.799131986162966,14.21163992244282,13.9727665067188,-1.9783590598949063,34.00298830990374,384.4191395454472,314,3
289,280.7301038062284,280.28399953465464,44.41517174602386,77.90116084905881,0.7826608041579777,14.924859587659006,15.821307064624982,-0.4461042715737492,25.241406173590633,541.4480673922334,401,0
289,321.6955017301038,316.4810858139601,44.38416003926335,75.34842070496734,0.7786548514269567,13.390654048039154,13.796947672740787,-5.214415916143757,26.9035777886063,611.6881652403796,311,1
289,280.0311418685121,275.2669438130152,44.27366698489175,66.2035226617617,0.8404385379203541,16.608743260554434,15.810265490286197,-4.764198055496925,27.442789958050014,329.8148574254136,332,6
289,303.34256055363323,299.5141070066362,44.24347414034921,63.13618234149007,0.7351488549587679,14.913939979005269,14.585317028906214,-3.8284535469969465,31.71112095597468,356.536971900901,370,2
289,223.53979238754326,226.39455249360873,44.14328961247065,63.68847179687869,0.8240621762632969,23.848235475424193,19.747396712233208,2.8547601060654952,30.656546261943504,271.1902762090588,418,2
289,270.75778546712803,266.6911435171863,44.12134594696357,70.89069042028416,0.7585350374572385,19.593445367710785,16.295504068643016,-4.066641949941775,27.466345686135355,433.09283273669985,391,2
289,182.0484429065744,185.12137867911557,44.07431653370656,68.82791230012361,0.756546216898392,27.830419673716534,24.210213408046062,3.0729357725411823,26.767122846249364,321.6616346033102,476,0
289,296.5813148788927,301.47476607755266,43.996976460425756,63.87440691508388,0.844373096388333,16.464609062568694,14.834709488826586,4.893451198659938,29.154990552912295,263.11464164737896,327,1
291,336.680412371134,341.49058716365147,43.56828855984967,69.8530211783908,0.8368429637181042,13.221301421610427,12.940547462506638,4.8101747925174845,25.986251455969125,391.7231669131608,293,2
289,232.05190311418684,230.07984626495136,43.56506458417641,72.18103625499889,0.7129065840284998,19.94476912588499,18.773844988782166,-1.972056849235452,29.484933556317756,655.3347182388419,493,0
289,182.0484429065744,180.23987027624636,43.24546481225351,67.83583642799032,0.7635138544499738,26.765149273879242,23.754921559228436,-1.808572630328055,25.90365548640324,320.88574407168437,476,1
289,297.47404844290656,300.88812165777176,43.097446822910726,63.853122456561294,0.8378244522011917,15.551984597040928,14.48780054882075,3.414073214865153,28.594487649571846,344.1162592204929,325,3
249,121.97590361445783,130.67275497444783,43.0568518723966,68.84222744372505,0.3783260594375,35.80571334926723,35.299473581676395,8.696851359989997,26.794356529171978,377.26982485347287,507,3
131,122.74045801526718,123.69260257945714,43.00507322586722,63.9336063727299,0.5110054589724731,50.268874383783505,35.0374065090404,0.9521445641899786,29.770153716235313,303.74949415444075,519,1
289,393.7854671280277,393.86010887211563,42.95874544585346,61.07356750019285,0.8384096624485673,11.651788415524509,10.909174926937233,0.07464174408793084,31.788670008457586,398.6714455144074,360,0
289,322.84083044982697,324.6878075575674,42.78752219875145,57.63525173673927,0.8289844896799923,15.091599182113743,13.253441994661546,1.8469771077403965,33.503580373703414,229.3518390248882,317,1
290,327.6448275862069,331.2714770078406,42.780563201199335,61.65391630055963,0.7712805619868162,13.359119847824482,13.05699330472211,3.6266494216336986,32.65403483173881,435.82269394452175,357,6
289,311.8546712802768,314.61597438571226,42.564540921061166,58.47540883583132,0.7552163473787266,14.265404958166695,13.648838654979336,2.761303105435416,32.37195920553003,281.7039338796027,276,0
289,232.05190311418684,226.86409489600598,42.549677096771795,69.83444180847583,0.7312698838924431,19.37289973858831,18.336275861454226,-5.187808218180863,30.11729674080121,611.3612823468104,493,1
289,287.47750865051904,291.2040763143282,42.531574108021715,58.778273229018666,0.8776566888636357,17.44660859484973,14.794748398813539,3.7265676638091376,29.314022050375172,296.1955345042655,332,3
289,311.8546712802768,310.7178799107221,42.488616361848855,58.2169463095812,0.7573754628387708,14.10289143428328,13.624492519999023,-1.136791369554727,31.274766306388017,270.0744942132918,276,1
186,207.0268817204301,219.5157325797972,42.34779065792276,55.41454693264304,0.7855323402263181,28.702046159897463,20.455213499814665,12.488850859367092,32.61163745777586,214.64914668063142,509,7
160,240.025,247.8576631453122,42.119332295301106,77.02062706238907,0.8691245799981743,21.309387256773697,17.547893884095867,7.832663145312225,20.484946471304454,577.5408167262865,390,2
289,172.25259515570934,178.41504830848697,42.08184004431733,82.42247966578448,0.35573590721323767,21.325996704272622,24.430308295951686,6.162453152777631,23.09479711152983,720.058266746376,404,0
289,331.13148788927333,333.57693966701584,42.0514444731411,54.386822666078636,0.8913638847555498,16.492194191798067,12.69931915602138,2.4454517777424507,32.9603017691002,155.462817341726,297,1
289,338.9134948096886,340.99373541183917,41.87313967772511,60.893088349573574,0.8665811032445712,13.239477382428333,12.355111354075262,2.08024060215061,26.097388978163565,267.23353906761326,291,1
289,250.06574394463667,251.22257575603066,41.85003680885473,62.87517749812179,0.47000712149417545,15.93046601129375,16.73561366250954,1.1568318113939815,29.367011234323172,546.2130563399915,414,1
289,271.34256055363323,268.07852100051855,41.77740245671755,65.93487681509694,0.8899995056036258,16.797844578745227,15.396553482607784,-3.264039553114672,27.75596448245932,277.4669240365993,421,1
289,250.06574394463667,255.16971491459338,41.61419689467256,62.601468304345616,0.4746114242408731,16.00232884874302,16.641302498388477,5.103970969956722,28.963776684172075,544.7829568886671,414,0
289,211.98269896193773,214.44587981416035,41.604120034198054,60.9869092617039,0.6086331200122883,20.345114694526405,19.62618658877828,2.463180852222631,31.220093498206765,401.4506478511665,431,0
289,240.18685121107268,240.17928642811592,41.600414926854356,68.92704448923281,0.8223657694996315,19.831140836048338,17.320021773505214,-0.0075647829567196114,26.487554280474356,518.0440736607668,364,2
289,196.42906574394465,201.13251373582347,41.566578413250255,61.00253782386335,0.7165409818144636,23.487960080353698,21.16111393994737,4.703447991878814,27.717739526180566,263.6134826060819,411,0
289,184.03114186851212,185.34290646686614,41.40120701353327,63.0144757469156,0.6819657836201871,23.16879594719273,22.49684841009893,1.3117645983540478,28.256562769386505,376.2366143827625,474,0
289,211.98269896193773,212.38826622011672,41.3549683508254,61.23566386156795,0.6054339791425911,20.000789706579,19.50865261803787,0.40556725817897343,30.832668128758485,403.8574824230545,431,1
289,244.56401384083046,243.9300026578634,41.33197700753112,60.656068761791346,0.7440637057652273,18.90434265792128,16.900269323528196,-0.6340111829670348,29.127282590287336,314.96950061835514,459,0
289,191.7993079584775,201.77406880493749,41.14777057803392,61.575856979630224,0.6869145797868597,24.89080630798113,21.45355528964785,9.974760846460004,25.930674769931045,270.04546070692976,456,0
289,165.6955017301038,169.08610233742158,41.05260093634054,81.11869479127222,0.3248481862660979,21.314714623219018,24.775929646665862,3.3906006073177863,24.345556142903348,722.7941208829197,404,2
289,196.42906574394465,198.0707337882021,41.047481076987765,61.19569169009288,0.7147430931595337,22.738809030811744,20.89684687015478,1.641668044257461,26.755827382964753,270.5341186089416,411,1
249,141.38152610441767,150.29486285710428,40.94033127808622,70.65300006352383,0.6188973105888702,34.31338972056561,28.957341461889186,8.91333675268662,23.315575582541385,542.2098621221974,507,1
289,191.7993079584775,199.57854735282683,40.86319378993372,61.355521429966764,0.6891511845157352,24.36920182071281,21.305183123382363,7.779239394349313,24.819442249308395,275.8488535753538,456,1
289,272.6089965397924,279.74247363158605,40.66891078427564,53.44331012769149,0.5661933217645482,14.841793970731457,14.918403757940265,7.1334770917936545,32.28920812215034,213.67822282981803,399,0
289,272.6089965397924,275.6571110679914,40.651362241085934,53.126114947009775,0.5713274739522765,14.780637733950888,14.91196650039835,3.0481145281990227,32.17990422306195,210.24129331645088,399,1
289,268.8096885813149,264.34818131153855,40.64685555096141,61.49695344342743,0.6741108601273422,14.797212018614964,15.121053026578595,-4.461507269776343,27.62349301204418,395.252774160281,448,1
289,184.03114186851212,181.25811977987064,40.505254412113196,63.02393943328928,0.6818702499494729,22.14348436645058,22.0100000471951,-2.7730220886414756,26.66645702035278,373.0088977836233,474,1
289,177.66782006920414,180.43027684811776,40.44762507028644,59.685401680817314,0.5606155095161532,34.20785758321326,22.76587006838465,2.7624567789136063,26.042067326907613,346.12177513279244,475,1
289,368.9273356401384,369.2614839882762,40.34730140637833,52.56135270819292,0.8830123556004021,11.924346862642114,10.936381641758897,0.3341483481377624,34.3160096996711,204.33954260929238,281,3
289,293.86851211072667,292.80275640671897,40.22715614762259,56.35804211585683,0.8399662343571919,14.3069040048977,13.688828333014937,-1.0657557040076846,31.073543308281472,323.7530870651974,305,4
289,269.961937716263,269.40093202011684,40.19778709801838,61.60769598113644,0.8577797195285112,16.739269221647742,14.890168383762049,-0.5610056961461031,26.645650985259664,325.91571006785637,292,4
289,233.87889273356402,242.4282406619277,40.148305461424535,58.54532642463762,0.8044175476187507,20.28184481692988,17.166279946075203,8.549347928363742,26.726386570855595,320.42045897712023,465,0
289,279.1280276816609,277.6734686274133,40.12010115624963,56.69750588272268,0.8592439535272673,15.28803406603382,14.373368912277662,-1.454559054247661,26.607908274416644,295.47268301434906,398,3
289,218.318339100346,216.35518762749518,40.03033468169818,61.58556923782779,0.751035860665429,18.852533373554394,18.33576365900208,-1.9631514728508295,26.76166361470618,394.1326507855628,346,4
289,261.0069204152249,258.7597139396139,39.972135715730836,56.867026935973385,0.8835940802809695,16.888932646886914,15.314588460773704,-2.247206475611019,27.94757744626773,238.79704611758163,321,3
289,226.81314878892732,229.81033310944053,39.93874828455612,57.85649051194554,0.8303091414067438,20.359832238924575,17.608656507706783,2.997184320513175,29.401424838384656,377.95795275331716,324,1
92,140.31521739130434,149.7551946586149,39.661433501289835,53.678347976450546,0.7495364432360461,57.43814692653714,28.265953072419748,9.439977267310518,30.433556622374105,169.54352106801412,520,3
289,335.3148788927336,333.7023358770061,39.63275245219732,56.33996107595955,0.859206624045269,11.819330920235203,11.819562729536898,-1.6125430157274494,26.087192073114522,248.49236526207778,308,9
289,213.16608996539793,206.00709654715783,39.60573163971563,62.068353419471215,0.8367189865536008,18.49946262246842,18.579752364057814,-7.1589934182401045,24.303622548221426,408.8316012684283,282,1
289,233.87889273356402,239.54926819145533,39.589675056873226,57.379760968277296,0.8121276389683094,19.699039825259096,16.927425384202575,5.670375457891364,26.15112164231951,292.824372662692,465,1
289,211.55709342560553,205.66573152853258,39.531595267340855,86.31550748588002,0.5989011672968245,18.014814261115994,18.686017390025363,-5.891361897072984,24.482902114156957,1122.5391469449573,373,5
289,192.20415224913495,192.85641882544664,39.466633413290005,68.5351560056453,0.7763404678444857,111.89830068801614,20.53370489214685,0.652266576311698,21.535635926516363,431.8150382272688,373,1
289,238.80622837370242,235.87156741686087,39.34840907776543,63.18374727426225,0.7256266898138705,17.598882849506392,16.477128484350086,-2.934660956841534,28.184244672756506,639.0410135799713,302,1
289,266.1418685121107,267.19609792799065,39.29271564758355,56.01079961186506,0.8135217035398665,16.905722038376712,14.763823470261517,1.054229415879916,28.768762360012488,228.56497411776024,317,3
289,247.23875432525952,243.73684290079584,39.2233104931527,56.629784134302,0.7759552181526581,17.111635745611242,15.864547853833525,-3.5019114244636897,26.572359034308505,235.86186626267602,392,2
30,111.13333333333334,137.32679985567714,39.1368196483587,55.10248706483241,0.5127847844434812,40.6892902469968,35.216094464629904,26.193466522343797,30.95719381133874,177.13222499981313,532,0
289,219.00692041522493,218.04790850513655,39.08458923938737,57.48431740632471,0.8326410266864911,20.94870835932551,17.846280457843598,-0.9590119100883501,28.34503760969332,332.6596117887242,480,1
290,204.68620689655174,207.03165772494654,39.01512593931441,63.343773777430556,0.6520969425611862,19.71343759171061,19.060945302988898,2.3454508283948297,25.185997169496943,641.5077281016047,415,0
289,213.03114186851212,214.68352347330682,38.959115027368,67.13533167295327,0.8071126089771032,19.95878940831685,18.287990518970457,1.6523816047947328,23.37236466254018,622.8393903795825,320,8
289,204.62629757785467,202.76170594128902,38.95012896626607,59.82619812796058,0.8583390124876962,22.412275715402625,19.034762113821966,-1.864591636565622,23.36074245779497,294.51599617676027,480,5
289,248.280276816609,243.9536408011683,38.82172921106212,84.14817648372035,0.9585820805821266,29.260940776208916,15.636251783196457,-4.326636015440713,13.96615162260953,581.6878369945719,340,4
180,136.4388888888889,144.43294025572334,38.78937008133335,53.71176625057877,0.738758272060521,40.434872389568945,28.429848994828795,7.994051366834444,30.579934291579335,250.037226153892,512,2
290,204.68620689655174,203.7946778133569,38.61036361367059,61.79331307378929,0.668919699987204,19.41177016672379,18.863197574023268,-0.8915290831947927,25.886507427516932,605.4431276635266,415,1
289,205.52595155709344,202.91800472964727,38.52362901955484,59.93512208147479,0.7511698499058063,19.288428703947353,18.743924418154702,-2.607946827446187,25.885142167286162,324.467529180699,371,1
289,264.8131487889273,265.47735668438116,38.46945433581644,51.50565544923963,0.8085956426274994,15.573786463413475,14.527018205761,0.6642078954538336,30.872767944818634,281.92305194873694,356,3
289,218.64705882352942,223.03279205034025,38.403632653684966,51.2210942519317,0.5053717808289049,17.895534114010182,17.5642118674373,4.38573322681085,28.621078522071144,174.9088223359712,422,0
289,213.9273356401384,218.38229266474795,38.354857612089475,57.30515012830308,0.6363872738564382,19.306470898555315,17.928918479407777,4.454957024609548,25.209118194556766,306.9193572890126,492,0
289,218.64705882352942,220.51499406362848,38.24198077623481,51.31828848244414,0.5034928431742459,17.681406705839432,17.49027907441463,1.8679352400990685,28.69432152030049,197.9928858829271,422,1
289,241.8961937716263,245.1543650838222,38.16939251260427,53.15928842803817,0.7726289319228539,16.91796319817186,15.77924477333443,3.2581713121958824,29.61684213778824,307.2723198849416,356,2
289,222.97231833910035,221.01795107927825,38.13562176355396,56.641315349908666,0.725929833581781,18.812756913855615,17.10329876265475,-1.9543672598220845,25.013396480733263,290.1910241693256,459,2
289,294.8650519031142,293.6109169248523,38.12066678356832,50.1800703314454,0.8401099972041886,14.051925426372872,12.92817393500193,-1.254134978261884,30.94492209803593,201.54198077298304,333,2
289,325.06920415224914,325.4732796246761,38.09737950528234,54.21730198662041,0.8708398335053215,13.779268600746846,11.719775056710413,0.4040754724269931,26.471609612266548,282.531171371258,294,1
289,190.52941176470588,196.10615001316532,38.06007156144641,56.45004172962964,0.8470660871130722,27.670547905616942,19.975956052627012,5.5767382484594155,26.192464790115082,296.276467458033,336,3
289,193.14878892733563,195.84411616847552,37.832178970398495,54.42864838168439,0.8097484471679314,25.798382659781115,19.587065070664934,2.695327241139867,26.2430091436361,355.62570450140726,494,1
289,213.9273356401384,215.58299030316365,37.625146207768644,56.136623936301135,0.6510651502639758,18.79313600607378,17.587816019482634,1.6556546630252635,25.097956138629655,299.28308398054844,492,1
289,248.1522491349481,246.91692654144737,37.496655885989526,53.79283124322714,0.7521340623137487,15.8612461785963,15.110342951434788,-1.235322593500742,26.885859791157657,295.7676080964034,361,6
289,189.0242214532872,185.99656592629117,37.40423377847686,64.60971924240464,0.7877462799690357,19.795057744964666,19.788063926886966,-3.027655526996034,19.797768617128526,374.40772218538007,391,3
289,324.47404844290656,324.85444503885657,37.311906505356724,54.32032641586648,0.88117357284299,12.137479036996087,11.499195909321545,0.3803965959500136,25.179694566601484,270.1582044394204,327,5
289,241.1833910034602,241.41218174889556,37.24357212768353,61.798521547710216,0.8716631854505279,32.30064243982944,15.442013636481795,0.22879074543535186,20.881427688598905,336.3641339357148,303,1
289,206.06228373702422,210.98896620176927,37.1919787547589,51.30380081510013,0.6586755845741371,19.02294266976603,18.048901565229247,4.926682464745047,26.483874782021786,207.92087613606228,481,0
289,181.83391003460207,184.06264030753573,37.04105222580667,58.343857646201,0.7756664852264425,23.539870286309988,20.370816542831836,2.2287302729336598,25.240344897183434,439.2475516550909,320,3
272,127.875,139.22675298583314,37.02957023123935,50.07487672889251,0.2160911030451509,32.35928511113163,28.95763067936606,11.35175298583315,28.249368451991934,248.00659084218978,503,1
289,182.48442906574394,189.7574227602812,36.82873324323362,51.65207684006904,0.7661469057739079,23.176140397603533,20.181849723718223,7.272993694537246,28.825221986604163,298.69046062338975,489,0
289,189.76124567474048,192.35769381876852,36.80998386741897,52.67167888119736,0.7864908516098599,24.656192372009325,19.398051344220715,2.596448144028026,25.328917687514235,238.31007046815012,327,4
290,269.99655172413793,273.20936101420006,36.71667076916494,50.49048149450851,0.8165270659291162,14.938108621463916,13.598940628945238,3.2128092900621077,28.773945994718133,307.08927504978254,357,3
289,129.94117647058823,133.41089569009856,36.67714865950842,55.714343988590485,0.5684195156553618,32.50584250372337,28.225963205597242,3.4697192195102966,23.51802318769262,253.8380669080555,427,1
289,174.2491349480969,177.6588925475347,36.65631596784209,58.34568719194429,0.6104842804883037,21.137893718491675,21.03672765937163,3.4097575994378273,24.0838574473853,455.0928465705006,413,1
289,161.7750865051903,167.2986090166846,36.51731494516573,67.86332620643341,0.5749570125474038,72.3311778532267,22.57289162011613,5.523522511494265,19.600443227656797,406.3011435694497,363,1
289,246.43598615916954,245.96125386831142,36.46253558345206,54.54488075987564,0.8266373292851297,15.210704133086988,14.795946059558615,-0.47473229085808805,23.57119647500477,364.47995648256955,479,0
289,302.3287197231834,304.5434354510639,36.43754467998393,49.84267086864646,0.8689798346490631,12.532775552120096,12.052293514604461,2.2147157278805136,27.15966706040149,245.09243764906125,329,0
289,266.0899653979239,264.6607041033838,36.34335868234754,52.36108808427803,0.8639712379109779,14.914767822486757,13.658297346161822,-1.4292612945401002,24.495677725784503,286.5058486011574,316,3
289,161.16608996539793,160.19136779009716,36.335068037250224,64.15420930918525,0.726462628779855,24.208223282467436,22.545107376527717,-0.9747221753007463,21.903924074220484,385.2235404291551,301,2
289,281.8200692041523,283.93419517976344,36.269629666660606,47.029292969180744,0.8733036162469264,14.35551513798003,12.869782400197574,2.1141259756111768,30.429350253528554,167.4462076503113,281,2
289,182.79584775086505,182.62793553235923,36.159193488027945,62.08455902655254,0.789939139276091,23.374122916430114,19.781189744150975,-0.1679122185058295,22.96035147553573,523.8676140392349,336,6
246,83.11382113821138,91.36121923349003,36.159104186883795,73.06127923116193,0.606315478580687,96.20947095549822,43.505524943624245,8.247398095278642,11.71310011217848,441.5150779091123,505,2
289,193.59515570934255,190.87777876040295,36.13560608207219,56.54312713438618,0.6893103387408257,20.310649679392377,18.665552838690346,-2.717376948939626,23.73895703017172,314.0394560593161,372,3
249,125.34136546184739,131.8245624800484,35.77986927646811,57.473733453202506,0.5188452070477042,30.362807662509038,28.545938640950208,6.48319701820102,25.1096163969965,364.94916207535755,507,2
289,188.65397923875432,188.66981772564435,35.75888394956054,51.374650424082866,0.7170477279759762,21.2883950762208,18.954746724056783,0.015838486890005315,25.885329321508635,272.8351707276254,372,4
289,271.3667820069204,275.4359594472063,35.72718648204731,51.1503459859899,0.8778799893862371,15.027159603270434,13.165644747608127,4.06917744028583,26.716396832730396,224.2420161197595,327,2
289,268.93771626297575,265.74872145703915,35.511106525385884,49.949501617728416,0.7056427339052004,14.121713544224166,13.204212119754152,-3.188994805936568,26.61910918638938,258.172388680963,400,1
289,228.96193771626298,224.42392347948783,35.46334113397864,52.76340342163935,0.8471440550161919,16.45201302216331,15.488749565845286,-4.53801423677516,25.296813702873692,362.7379066894816,289,3
289,182.48442906574394,186.227301055599,35.333500623932,50.11134677271912,0.7798900407271696,21.739186986768562,19.36247426962787,3.742871989855066,26.553398510647696,281.0474165705283,489,1
289,236.49134948096886,231.82345637152994,35.25469841715422,52.89482735410361,0.8262892284919978,14.981295928665702,14.90739449647027,-4.667893109438917,23.42665671450513,341.7556919461267,479,1
37,122.16216216216216,134.63703918563814,35.16759802536838,43.05814159482543,0.015173282402368926,32.05698515710757,28.787635551739605,12.474877023476019,33.697183329783044,114.03782100618855,528,1
289,167.63667820069205,177.71877910281165,34.8118547222752,98.3501198916845,0.9162253190105164,660.0189028090767,20.7662518107159,10.082100902119597,0.1118530389005695,596.2470889400734,353,0
289,195.79584775086505,199.70123982625518,34.64846648148319,48.05484405568015,0.8065832582597452,19.398002375867033,17.696221283288224,3.905392075390109,24.30119869960322,190.03544376168406,380,1
289,205.65397923875432,210.72277089752927,34.64482389657697,47.316827454532344,0.8472827476457574,24.895575151004774,16.846172403187985,5.068791658774942,24.651839710591602,167.54718066504188,317,2
289,199.93771626297578,203.1700143883996,34.534649649460135,48.99208199860049,0.5436448685232758,18.92516592373043,17.272703867456958,3.2322981254238505,26.299691617526292,265.2131376288227,417,1
290,115.91379310344827,124.54746293124275,34.50175502832026,44.36612448731439,0.5823000871497725,55.11373908832383,29.765012518854306,8.633669827794492,27.51533372984433,169.5311321420757,498,0
289,250.25951557093427,254.73179611652756,34.41089999285323,45.2188336065928,0.7992402187389858,15.010893871139366,13.750086550894688,4.4722805455933266,26.13450595911098,141.94442983650362,359,0
289,145.39792387543253,141.59135706083163,34.31649585116405,100.52213736698982,0.8845441178365935,28.77531408791881,23.601778441186127,-3.806566814600924,0.0,765.1545823904847,272,3
289,250.25951557093427,251.43675363718597,34.16094985617744,45.01962870374166,0.8010051577866266,14.688500035402171,13.650210174124137,1.1772380662517028,25.237066813061205,136.39718741715126,359,1
182,169.73076923076923,175.76061191385833,34.14647930897054,46.12859575015357,0.7238086927413641,23.342887968009528,20.11802542563413,6.029842683089114,25.641538874376216,188.2424910246251,509,8
289,256.9100346020761,258.947413624734,34.01901278428236,50.004893785783985,0.7281869882162159,13.453387086547963,13.24160531019112,2.03737902265782,26.09090534534795,323.60257985899057,374,0
289,199.3667820069204,197.54081812792924,33.88018483303459,49.63511147235232,0.69772405105692,18.797611996888307,16.99389662208549,-1.8259638789911743,22.754896878432874,231.88208056439998,392,3
289,162.99653979238755,168.19326590122043,33.73226389907675,47.596227626706224,0.7910074067350936,26.6806969910453,20.695079749571562,5.19672610883288,25.16363484175318,273.23686167850053,317,4
290,115.91379310344827,120.02570497517395,33.64676195187901,43.70707841059631,0.5946175416609443,53.246497228954915,29.027401356670868,4.1119118717256695,28.00632870767467,171.4239522299564,498,1
289,164.29065743944636,167.01086658105663,33.47531897461153,59.07076451115663,0.7273682977779651,23.024842748815587,20.375668036357904,2.7202091416102654,20.2456881165146,465.42739881247803,339,5
289,301.2283737024221,300.50965184390463,33.20580246758628,47.180029214298955,0.7906857915207124,11.600957159858995,11.023464376695694,-0.7187218585175492,24.77391353856035,315.8927758075359,360,1
186,128.23655913978496,131.5052409190596,33.18926898873839,43.44085778041062,0.7027173387830824,35.05698110189029,25.88128472205828,3.268681779274635,27.606971534623362,210.5588789077591,509,5
289,175.318339100346,180.63237534975863,33.045844505983304,50.12135609416998,0.6814379387335846,20.645696970730942,18.849051773795914,5.314036249412625,22.06574470061122,334.0107038743105,468,0
289,190.51557093425606,190.75708535747927,33.022654934045875,53.2264277568275,0.8113581186748243,20.241374152071053,17.333310223468022,0.24151442322320715,21.41600253634664,405.1577943684414,336,5
289,175.318339100346,178.6099887515602,32.76562522125691,50.32937658666023,0.6787881719224536,20.192669234497586,18.689217220169436,3.2916496512141875,22.204383756342764,337.1941393641795,468,1
289,169.1107266435986,170.39098565081488,32.621421747200316,48.672254909269896,0.8221337156404009,23.528050465361215,19.289977871096294,1.2802590072162883,22.48515215335226,276.4875478315263,388,7
289,188.34948096885813,191.9831198918603,32.588285235064596,43.148494092484704,0.4921507112023239,19.346036776385596,17.302030813906395,3.6336389230021733,25.355072306545935,179.31858853793435,417,2
289,133.1764705882353,131.57262767393573,32.44906093727177,50.46833645747502,0.6924766641003443,47.8458267914399,24.365460951131627,-1.603842914299583,21.910442872870902,317.79315160524123,339,3
289,204.07612456747404,204.087163692704,32.402424603678284,49.799386661501046,0.8044089038731685,17.37026133260504,15.877616586630646,0.011039125229956622,21.645323153777923,323.8654159781221,344,1
289,186.4152249134948,191.19106102694536,32.40149726772204,48.99940767633718,0.7647406029417932,18.24008039414667,17.38135781707627,4.775836113450603,23.713237001392486,312.5760225185071,484,0
289,230.91695501730104,228.2257064353891,32.33288852719127,43.59474853718905,0.8625125333228219,14.293003885280124,14.00195517248562,-2.691248581911936,25.591777499036482,186.8107053175171,329,2
289,181.44636678200692,180.69975245443854,32.278631782199035,44.55875523909123,0.7871252964449784,19.211161427308962,17.789626959562764,-0.7466143275683997,24.483255873352903,246.8728040006156,288,1
289,176.96193771626298,179.00054178027085,32.18719430718565,48.299902386646515,0.6152055172306756,18.975524207925282,18.18876687414777,2.0386040640078806,22.859029378866467,268.5483003469087,392,1
289,135.14186851211073,137.16458581843125,32.167009838159515,44.951571453183575,0.8325509450132023,31.525930691642255,23.802401278236633,2.0227173063205184,22.755839178666008,191.47450695450755,338,2
289,230.89273356401384,230.17905386718513,32.122757397826874,45.15968528505193,0.884722346861642,15.78939509933717,13.912415909321375,-0.7136796968286969,22.9376965505909,228.5435714966734,355,5
289,131.63667820069205,138.83621292168004,31.992673972953007,47.33143759795303,0.5750593210147552,26.77050709508636,24.303768835747494,7.199534720987986,23.59768761158344,208.85407942593758,452,0
33,121.0,133.7703162417586,31.91230794690088,40.834936241456624,0.5291908093153004,29.60364844798275,26.373808220579242,12.770316241758607,27.905004504348035,114.51284857520022,530,0
289,186.4152249134948,188.03556304733914,31.91013558112341,48.05556313496891,0.7737166179721406,17.714149114648013,17.117773291280887,1.6203381338443301,23.91808761256459,320.4697912385019,484,1
8,174.625,206.31428444745356,31.689284447453545,51.65893635861648,0.7614188517693417,16.686179982507657,18.147049075134454,31.689284447453545,17.342333791688645,137.48608551084567,337,5
289,131.63667820069205,136.69120584250143,31.630880370603847,47.05867308160367,0.5799429569931089,26.084866405681158,24.028926286319457,5.054527641809375,22.623730584893437,209.53856385855408,452,1
289,221.80968858131487,219.72487939909107,31.257655550683218,41.92555302722661,0.8471865095589729,14.534378733159228,14.092105602151928,-2.084809182223817,22.273464721930736,153.30562817327984,321,5
289,130.4948096885813,129.5995919489209,31.092148177771787,51.738654497716944,0.7305510969425115,26.319807377775277,23.826348535985062,-0.895217739660415,18.360276606095965,385.24994473046604,320,6
289,135.8477508650519,138.3233069707826,31.05331297083879,53.172601772201546,0.8631818430199649,28.187104116204303,22.858908427336754,2.475556105730686,18.47494173891922,380.7356347577056,501,1
188,125.02659574468085,131.10412929374326,30.944143697088517,38.98909561536686,0.7012381045009868,29.25830854564192,24.75004898980064,6.077533549062392,27.622232789794438,139.58349373038817,509,2
289,237.4878892733564,233.93010592018354,30.741970664628205,41.18036511014093,0.875569942323235,14.859553272469936,12.944647728644041,-3.5577833531728893,22.73181303462752,150.6062692740269,332,5
290,169.57241379310344,173.21567318587188,30.70439587538178,47.42781303397074,0.7975577954447173,21.727168570301043,18.106952179641933,3.643259392768427,16.886934691505516,228.12943706420364,357,4
289,148.91003460207614,150.20223622675158,30.371188752412117,51.29460755639954,0.6759730266324931,24.003886067185658,20.39566294747787,1.292201624675446,21.342459560083938,565.9475857935984,288,2
289,208.78892733564012,209.83641473052342,30.37109324427384,41.43992926506981,0.8271722792574671,15.373250989531467,14.54631413257398,1.0474873948832817,22.166311583311654,171.90083748824998,362,0
291,251.6254295532646,254.41314191093116,30.359145273464915,50.80787611192828,0.7461506646286111,11.236171097814545,12.06521349108653,2.7877123576665586,20.99139690834255,409.8064570639346,369,4
289,167.66782006920414,176.0326277220437,30.326004950304874,44.08420386103985,0.5717609732538175,18.683613130344522,18.086956064549504,8.36480765283953,22.309468383868136,245.3966375925296,306,0
289,195.78892733564012,200.3303168652942,30.2466955192983,46.55207194685385,0.8693162662790446,18.925411236209943,15.448624154034265,4.541389529654081,21.386607587934165,329.3209787132265,322,1
289,189.50173010380624,191.50582021265356,30.137531551076663,44.543550043586215,0.855285807189479,18.1107944226736,15.903565384109037,2.0040901088473344,20.673024397935194,256.13235429276415,292,3
289,181.41176470588235,179.13428267768498,30.098803405576056,60.37555490994931,0.6919120031480229,17.824981389513745,16.591428595810406,-2.277482028197341,18.07317057606528,777.827774527468,288,4
289,157.6159169550173,160.39018848312597,29.97183573324631,40.98421139986491,0.6415275545315785,20.799679081720953,19.01574175519348,2.7742715281086685,22.290404379577865,184.06323095190464,397,4
289,195.42560553633217,194.6981709190606,29.940073165412755,39.86782819029494,0.8370974131859635,17.9731375075249,15.320445385467416,-0.7274346172715815,23.46059008560985,168.3919108331507,351,3
289,167.66782006920414,172.747459383371,29.850624999334208,43.82641919625645,0.5767546298744415,18.06464592409712,17.80343120523276,5.079639314166849,21.643548032287725,250.31611287013408,306,1
289,190.2941176470588,191.7868424188953,29.850501332348365,40.66808427263985,0.8239615215601324,16.71073376738056,15.686507655329898,1.492724771836492,22.826785196559484,162.38058558294728,398,4
289,192.41868512110727,192.09713483288985,29.640387709879004,42.998880323282755,0.8449235057564004,18.32997556875294,15.404110931962512,-0.3215502882174018,20.6365372163489,250.48552228928037,388,5
289,116.32179930795847,116.05873028203108,29.542257352591633,44.69460545073691,0.6221893749003605,61.90189909176576,25.39700858166696,-0.263069025927402,19.559093373286416,310.4746577925888,336,7
289,108.34602076124567,107.49281599505655,29.53488279463685,45.06592993000581,0.7028232727267493,64.34348985592976,27.259776212474613,-0.8532047661891266,18.74271628189208,274.28024619840363,412,0
289,120.69204152249135,122.92106901907847,29.518815142955106,41.55208382893471,0.7264304407208417,29.00383195321041,24.457963234845256,2.2290274965871144,21.339368944996792,246.22832430433013,482,0
289,92.90657439446366,88.52070871998684,29.267937035714617,43.74047805533797,0.5825955874194868,31.907216317621927,31.50254675352523,-4.38586567447681,19.647289179525437,269.04971252684726,406,2
289,92.90657439446366,91.05028161354791,29.257640114945275,43.83590117437968,0.5807724030915469,32.51284112011523,31.4914636618964,-1.8562927809157608,19.651590934156317,265.0595982095223,406,0
289,162.10034602076124,167.21502936655853,29.157019272678475,49.6268676503817,0.9151305201868147,67.18752954817391,17.98701852798275,5.114683345797299,14.69097787065877,232.4562931573768,283,2
289,178.9757785467128,178.43253765537747,29.08344205784539,38.997440115265185,0.8143347892778692,17.349756111462828,16.249931858938435,-0.5432408913353596,20.810341302363142,145.23132694110654,362,3
289,132.42214532871972,134.4727687490741,29.06355693838942,39.99528403260847,0.6789018312837534,25.081462579285045,21.94765601043779,2.0506234203543494,22.32732712877616,186.97635875030062,419,0
290,176.42758620689656,180.1345511481039,29.05150205661907,40.34699668768031,0.8451168469968338,20.071027557503086,16.466530365920434,3.706964941207336,21.820897533869115,189.01839005480093,357,2
8,87.0,100.51249626509167,29.00136171616748,34.52203394112625,0.6050142257246589,37.258861154885295,33.334898524330434,13.512496265091666,26.55685326950967,62.584067937990994,337,7
289,191.32179930795849,192.93061462659537,28.870292952616808,41.19834541334273,0.8343284753872696,18.056610870532435,15.089912940943098,1.6088153186368643,19.717542966323265,214.99428212497332,274,1
289,173.40484429065745,178.04496144685294,28.714211562739504,39.085296407391695,0.5896720447814494,17.603443361782563,16.559059627313157,4.640117156195495,22.316047371357,139.28127142995362,466,0
289,137.65397923875432,139.3659901828902,28.673534853239524,38.541403433346865,0.7433356029477933,23.995368652535888,20.83015326676945,1.7120109441358549,22.368428608920794,153.1165146172227,335,1
289,222.24221453287197,221.76076445710623,28.671703873958318,40.893143019544084,0.8409080971542678,13.159443037904458,12.901106090138187,-0.4814500757657544,20.557360275591094,201.2655776536704,308,7
143,81.48251748251748,67.90298200871443,28.609780904941374,34.9024422993628,0.7141639991276215,41.350708701432296,35.1115574099435,-13.579535473803054,25.031690293580674,102.76596758327184,516,11
289,153.7681660899654,154.28577833971377,28.53014871142191,40.86242042222635,0.7067740842655861,19.83431318123192,18.55400206485504,0.5176122497483696,19.882594551145075,218.81832594164098,279,3
289,108.34602076124567,104.78921448486079,28.496686863080022,43.749241726431556,0.7199347783994747,51.96726330061732,26.3015537283793,-3.5568062763848762,18.314900828006216,275.73657759039696,412,1
289,144.04152249134947,150.9957985321609,28.430057000453814,41.886911887105356,0.5672111213784177,26.84661348445146,19.737403846284117,6.954276040811398,19.59499497755104,225.0288933671173,461,0
289,178.71280276816609,181.87189921945463,28.419059423472728,42.297972736122944,0.8252056260281495,17.88464428623051,15.902083669035816,3.159096451288538,20.158074690127364,249.52428950794342,388,1
239,143.9246861924686,140.7122141827474,28.41023123834995,47.16548554933565,0.8789304979390389,23.661386859299597,19.739651334280012,-3.2124720097212416,13.915728130007224,190.33741027682362,392,4
289,172.560553633218,176.6012723959151,28.40508177602041,47.40066628694714,0.7502924211898994,23.12007796220171,16.460935699358128,4.040718762697105,18.96537676963348,397.161188113947,355,4
289,152.34602076124568,153.49807965949836,28.346210751348114,40.870776550246006,0.7226744628243708,20.706501891113618,18.606466128689934,1.1520588982526838,21.988825350102445,265.5003992540409,288,3
289,173.40484429065745,175.90565505335897,28.300228530090283,38.91231292081039,0.5932960617642677,17.133677455005216,16.32032175678671,2.5008107627015113,21.495109426494963,145.4234579099965,466,1
289,144.04152249134947,148.80554068934597,28.154202254810198,42.18871883932295,0.5609519220883482,26.53177531820218,19.5458932728936,4.764018197996486,19.14069750472609,230.09756516120086,461,1
289,122.17647058823529,119.56047917704397,27.976155581672014,72.60754212869317,0.8423121157951878,28.46049825433094,22.898153340800395,-2.61599141119132,0.1304064406030607,781.0527970549335,273,5
23,72.3913043478261,61.05607734136576,27.956282412087816,44.939876078359745,0.45431474872033617,44.66529748121724,38.61828801669788,-11.33522700646033,12.111050716602165,124.08793454705759,537,0
289,189.7024221453287,191.63357824547649,27.923088233547883,40.79455424050321,0.8385251631657935,15.881570310095357,14.71941576589694,1.9311561001477457,20.20814601770593,192.79264316911912,308,6
289,179.95501730103805,178.50239299168416,27.893761909588942,40.0066770232039,0.8141438568642756,17.106855609300204,15.500408006366845,-1.4526243093539128,19.33506222235276,214.82334780104065,330,3
289,113.47058823529412,118.28739362443594,27.78474471743715,38.351785212354955,0.5987510006025537,29.284740331917263,24.486296536880847,4.816805389141822,21.598089915601918,161.75290730564228,445,1
289,195.11418685121106,195.95829962536865,27.75629538470296,38.08691644285455,0.881096038382004,17.45443154527619,14.225667457932815,0.8441127741575781,19.764241636825687,134.11045072817654,333,3
289,113.47058823529412,120.11455464697123,27.651719455118347,38.08441795974644,0.6043260678852905,29.594999068008647,24.36906328341171,6.643966411677098,20.724772660159744,155.10744044335206,445,0
289,154.8892733564014,152.88055749090972,27.545135709350514,43.796097053318505,0.866019133189582,20.92774102192739,17.78375939950919,-2.008715865491657,18.239621081677996,362.63878594029455,319,9
289,146.20415224913495,149.49728081972563,27.52820263436794,41.16457427387013,0.7389497686979782,20.395976325718923,18.828605214617504,3.2931285705907025,21.11926996086642,273.8983422046107,325,1
85,83.27058823529411,88.3959880613032,27.51339205141988,38.36884365663787,0.4199139448080871,36.01812514522328,33.040948352227886,5.12539982600909,20.183134232149918,130.3248911443952,522,0
289,150.97923875432525,155.41154505012804,27.49806430244527,40.165747234822064,0.6732643176563138,19.515349785806674,18.21314276672858,4.432306295802794,21.05512881007641,230.38059546869317,371,2
152,119.26973684210526,121.90070932015827,27.497138887432524,35.953386045118414,0.8078135529327701,28.66438660564891,23.054581669643905,2.630972478053014,23.237937734510407,119.35066166068191,516,4
289,92.45328719723183,90.48038092672303,27.380270434767404,35.31272579552937,0.4867348281244739,45.44379364678611,29.615248159166807,-1.9729062705088016,23.406598899278137,139.44960058839928,485,2
14,77.28571428571429,81.26827079769377,27.362998868710807,45.02823664841208,0.6325530823972194,31.92928033457883,35.40498929408053,3.9825565119794915,14.862701614882038,130.1563424190439,337,4
289,174.16955017301038,179.12914799225703,27.329285443333486,39.8861301752687,0.8566778146635838,17.582478117570936,15.69119597322614,4.95959781924665,18.639535410558324,229.8479062725978,308,2
289,130.03460207612457,135.94499933337377,27.325797457237183,38.41790729812192,0.5446110269111717,22.73537777292725,21.014250838588467,5.9103972572491985,19.381932625313226,181.57122290099818,481,1
289,203.89965397923876,199.68920586868668,27.209141376536998,36.594094106909836,0.8355917144579497,21.86967536631674,13.344378396692843,-4.2104481105520595,20.598907386468795,147.63899207729105,288,6
85,83.27058823529411,83.10465511706755,27.2072015252459,38.35387669583626,0.4203664177551898,35.6140040543903,32.67324286021336,-0.16593311822656895,19.497831144318972,142.86650781963678,522,1
289,130.03460207612457,123.36485954887696,27.204843551845226,40.18644230015254,0.8578901314271398,24.070755929222486,20.92123413114228,-6.6697425272476005,17.565206988338716,192.44616074304668,282,5
289,182.6159169550173,184.1251508637403,27.202113344310373,35.870935675306406,0.7897167786044907,16.84942296047432,14.895806344750827,1.5092339087230036,21.361412246391723,140.75076298935284,409,0
289,146.55017301038063,153.08101634338888,27.0228640357836,36.19296260409067,0.7849669249222883,21.52151477012626,18.43932591868689,6.530843333008248,21.39556782297744,173.12613731440968,318,2
289,109.97231833910034,108.36037744736677,26.907211868700855,37.004625202077776,0.6648293614541854,29.9579039384603,24.467258920315103,-1.6119408917335603,21.84521688889656,264.20096337910854,494,2
289,211.13148788927336,211.810137436018,26.827016490081004,35.748251645465025,0.7879791841971032,14.140955941446384,12.706307693976122,0.678649546744654,20.42023569109017,156.5920082191144,403,1
289,170.29065743944636,168.2291758856198,26.78350480326155,40.55259835288704,0.8751616410915012,18.673123803865312,15.728111692084749,-2.0614815538265634,19.08755529066201,353.8221805627252,319,6
289,156.81314878892732,160.10067760686377,26.722314139317454,39.203198677775,0.8238686072816545,19.541719394815768,17.040863183792105,3.287528817936438,17.932220970185142,215.5367313405418,388,4
289,197.57785467128028,198.00235132694178,26.65813347445009,35.55525488433687,0.869809774008915,15.145522524809191,13.492470357471237,0.4244966556615074,20.502079533186418,146.89948838839524,321,1
289,121.44290657439447,115.40459612392928,26.51166210911962,37.7794224151646,0.855308592903859,24.72685586722403,21.830556314031313,-6.038310450465191,16.967723932884354,133.3855877085407,282,4
289,150.07958477508652,155.8977736567156,26.402361096777756,36.407105486009854,0.8444920365128465,22.079906132601838,17.59224023463623,5.818188881629092,21.151735056972598,205.2498864541185,308,3
289,197.71280276816609,198.49033910849636,26.398704080114367,34.90683204525474,0.7828436537064045,14.306028703138516,13.352045851612825,0.7775363403302727,20.285681969947547,141.93206228449532,305,3
289,144.0968858131488,142.06884974806567,26.256485195580638,39.326469193652954,0.8511735465339663,20.835339451148453,18.22141057900971,-2.0280360650830964,18.865892235168403,282.2469303416999,319,8
289,109.42560553633218,115.49019728914887,26.238792586262726,36.37377954481761,0.6403318728323584,30.123839673881697,23.978658795313457,6.064591752816687,20.119246216824237,148.3729436343284,428,0
289,109.42560553633218,113.75257730891302,25.943324916822238,36.18315887947058,0.6440917531694708,29.21241766185923,23.708641857328697,4.326971772580831,20.325339881320076,168.78246490956388,428,1
289,123.0,126.3513647293519,25.911889351863323,45.47388484966757,0.7880541551577038,46.45005736625614,21.06657670883197,3.351364729351885,14.608411023315838,357.73658998256406,396,3
289,172.3425605536332,173.559307730453,25.907736695188664,40.243256413574905,0.5217965503831066,15.024233314817003,15.032698024192431,1.2167471768197793,17.41642269864326,331.59313281966246,374,1
289,121.9515570934256,121.95143852598362,25.605481397021627,36.19761164345008,0.7855999675922448,25.003683469139226,20.99643662393386,-0.00011856744199200818,18.661997071344047,260.2719293343399,289,1
289,111.41868512110727,111.9627178514537,25.49900118241596,40.933629689300794,0.659789936078919,38.00183442447966,22.885749508441656,0.5440327303464285,15.377287251880773,239.9391609665443,291,2
289,160.3425605536332,163.70405662686102,25.484534783720743,36.42847800962456,0.8331699245715881,19.30463229960363,15.893805547153143,3.361496073227775,19.443861783778715,209.67333169728187,355,2
289,158.1522491349481,161.24682341692377,25.395068337088123,33.28268185848748,0.7078569731559768,17.85345114569867,16.057355159975643,3.0945742819756776,20.696441350824287,144.2435767037698,409,1
289,83.16262975778547,83.87219868069396,25.394847941594293,37.54865743917445,0.6024622912904931,36.4163041111645,30.53636953948885,0.7095689229084979,16.7139390846978,211.6960677914932,475,2
289,113.41868512110727,114.94891185299355,25.265059915643327,35.18655210509772,0.71169785510271,27.154652358125052,22.27592383800391,1.5302267318862819,18.66712496919473,188.2764111597274,345,2
163,131.80981595092024,136.1441434907119,25.090243178941567,43.87613762773961,0.8984600084489347,196.24150987060787,19.035185655887716,4.334327539791678,8.226260158369286,175.8369634921225,421,2
289,163.98961937716263,164.15731150603773,25.08832262850246,34.595468626168675,0.7563624103357507,16.321055873821415,15.298726055825144,0.1676921288751027,19.653087009356184,162.84707959745077,279,4
289,91.62629757785467,91.22965710505606,25.011079592893314,37.06697361581119,0.5484389887089497,27.86598270328681,27.29683535629217,-0.39664047279860304,17.2259718669348,187.88982672088798,288,5
289,103.5363321799308,104.11931913150988,24.81690554188564,40.79783875475137,0.5268395484159153,30.458196503618428,23.969272447045483,0.5829869515790944,16.124063319068078,372.76411204291213,348,4
289,100.23529411764706,103.12031067621619,24.751535758202564,31.21052180782251,0.484026814489263,28.962416538742254,24.693433561587067,2.8850165585691374,20.12362147217388,97.26665749675519,425,1
289,123.93079584775087,126.91556220666236,24.573000676101433,33.68830057583922,0.7763935258945385,23.359187309013137,19.82800199741265,2.9847663589115045,17.68344772074103,154.74466667970017,332,7
289,157.439446366782,159.9714178791919,24.400999651718678,34.06506241091945,0.837953197034264,18.54488156828205,15.498656921641093,2.5319715124099034,18.40059826065327,180.37612333807152,355,6
30,68.7,69.35918607778935,24.166268848658255,30.59131306589493,0.5965926368557797,37.42920512234061,35.17651943036136,0.6591860777893409,26.58797856264254,60.10393398387245,532,1
289,124.96885813148789,123.24550939121345,24.02156791500118,38.44317890603762,0.8763606616248785,21.35527983208937,19.222043214739564,-1.723348740274433,14.318834917466816,292.5374450803549,319,2
289,108.01038062283737,112.23829588679101,24.003512726546347,35.05343035861517,0.5837752380208041,24.201076293095518,22.22333870886399,4.2279152639536335,18.928922457252014,255.38044583772825,430,0
289,86.5363321799308,89.88838628042355,23.991115190065663,36.98253552109716,0.7146720731686991,69.15032473449035,27.723748610216226,3.352054100492751,13.205045106909154,169.003189491441,281,5
289,108.01038062283737,110.1576033269189,23.88795948874929,35.5234895855736,0.5725374160595825,23.799397117824192,22.11635525307879,2.1472227040815435,18.384559569389125,280.8596707629809,430,1
164,62.140243902439025,55.485266482820585,23.83446450511516,35.92065203729329,-0.28638878307629967,39.80225723488848,38.35592364673621,-6.654977419618448,15.230669561019514,164.05797070001847,345,3
289,117.08996539792388,115.556222534298,23.782702990391133,35.82452969693981,0.8756340639783993,29.545304796835914,20.31147836585903,-1.5337428636259,15.112082954215708,171.84982321526934,480,2
289,157.46712802768167,161.27814010253837,23.717071243264257,32.41887265248182,0.7961518255887308,16.61686435733322,15.061601453158502,3.8110120748566993,19.269282588210913,129.09754004136818,347,3
289,91.74048442906575,82.78938446205515,23.70040402481947,56.01321109939976,0.8594264495242987,28.191450955377697,25.83418233761863,-8.951099967010592,13.350911904664471,607.8850180878444,280,1
277,108.63898916967509,117.0752292148401,23.51733349194787,34.51126258210779,0.2934811732850361,26.353604580178214,21.647231506561525,8.436240045165018,19.371491412407067,283.9511676374838,280,7
289,96.5916955017301,94.1722443245174,23.393557029418997,33.68207180184777,0.7321046472031354,27.242181572384045,24.21901480029407,-2.419451177212703,15.22992823470372,194.916603214603,482,1
289,149.08304498269896,150.0937997890319,23.310869364472893,32.61005683639395,0.8948596390926649,20.01250665987636,15.636163969670806,1.0107548063329375,16.292866447985602,134.28088381056625,291,6
289,92.84429065743944,94.23315370225617,23.19610233253006,33.89686214388106,0.31149549685687083,26.992539335108827,24.983875872470136,1.3888630448167238,17.176203967092036,236.86920366132193,451,1
289,92.84429065743944,96.62244148478266,23.0505076173716,33.047066661885,0.3455844296591215,27.240417967969215,24.827059859199434,3.778150827343209,17.736938298048443,211.1813066331648,451,0
80,41.5875,35.10790667399665,22.85134143590224,49.75913376156615,0.4519843985666727,280.2250635924392,54.94761992402102,-6.479593326003345,6.4781435484369805,281.54221103707687,272,4
289,79.5674740484429,76.11545219830494,22.70388228286162,40.975983800153294,0.6161789097606494,27.271435932527787,28.534124721665616,-3.452021850137965,13.289130910596313,307.9981650909598,339,4
289,124.69896193771626,123.08603797975219,22.425371502092663,33.42035781825515,0.8705867133358005,21.66223004584751,17.983607203798154,-1.6129239579640695,14.69406392878573,150.67291145862998,291,4
35,141.05714285714285,158.73165370889114,22.42190529899882,27.995980555917793,0.7576707995457482,18.163738366402885,15.895618502429787,17.674510851748323,17.999179650499457,77.44037084022204,529,0
92,83.96739130434783,84.78501455075283,22.416529437344607,44.39887809854805,0.48056514289649555,29.34991229410499,26.696708197225945,0.8176232464049932,12.9653250799666,331.31425022017754,520,1
289,92.55709342560553,87.08013532101411,22.397894903207497,30.677153845270748,0.6959866765384225,26.22072992828368,24.199004175957857,-5.476958104591436,16.371373151278164,136.07314283505195,360,2
37,76.43243243243244,83.17884516790436,22.365209469100932,28.62523246263662,0.2344162150799598,28.934408657155696,29.261412671737432,6.746412735471932,19.57619126568209,74.2892872468804,528,2
289,90.87889273356402,90.39995778754151,22.29006745816972,33.10232245535569,0.7917301439352067,27.972155867582828,24.52722165477859,-0.47893494602250497,14.781793615523924,164.6783529517766,480,6
289,143.9031141868512,146.70738046572328,21.95949306789775,28.93951780116404,0.7852318458051981,18.107504242559084,15.259915111624625,2.804266278872061,17.19082359211643,99.70046126789535,403,3
289,91.60553633217994,91.25136870652295,21.94127242234833,34.27675027788438,0.7075075593765383,25.82415783333955,23.95190651227116,-0.35416762565697635,14.229992995641467,190.36474688429033,383,0
289,124.83391003460207,126.43171910336842,21.94119210403734,28.710152112563634,0.7905674693625714,20.930882924086834,17.576307669891598,1.5978090687663473,16.68070746081409,119.7123941164019,403,4
289,76.65051903114187,75.13058108694737,21.112444306043308,32.93050471113554,0.6075601633454513,37.690389792924314,27.543772139971633,-1.5199379441944951,13.463406438611528,175.10602802900937,410,1
289,76.65051903114187,77.44216752717695,20.690381579022546,32.095006749537774,0.6272211579393965,37.59396322069572,26.993139564542773,0.7916484960350804,13.403659296743932,166.88244241004745,410,0
26,63.11538461538461,64.43050759126564,20.63371685889051,25.694174094590984,-0.7160401036053112,29.933402474677862,32.69205596167905,1.315122975881033,18.217561663117227,58.18351668066708,535,0
289,91.46712802768167,88.56621980854312,20.521654174089136,28.167717377649442,0.6427226031907851,23.971635102526566,22.43609766328123,-2.9009082191385382,15.162420822217456,123.41450222111419,279,1
289,89.57093425605537,87.37630021374707,20.438790878388332,27.059227716015936,0.4155018745568497,24.015074471603448,22.818552746095293,-2.1946340423082975,15.884246200164029,112.77975759084461,279,2
143,81.14685314685315,74.80884243080973,20.340095052202468,28.633190547818984,0.8082829854762288,27.617072183004616,25.06578414740566,-6.338010716043432,13.342911315034485,84.65621865489311,516,7
289,109.09688581314879,106.79615066697276,20.303371523427515,30.072912258606834,0.8097510059212579,21.268111228647964,18.610404295317174,-2.3007351461760126,14.832502379504234,229.7735966462026,336,4
289,98.89965397923875,95.32313491939597,20.299296297368613,29.675436818697847,0.8375276720893258,22.32981003055108,20.52514390154478,-3.576519059842778,14.599321998025083,214.3898029619334,319,3
289,127.27335640138408,133.3694735542402,20.19747780572435,27.107996350668955,0.7479976840775161,18.622128656331444,15.8693684026272,6.096117152856114,16.422266470282295,104.81225366485936,327,3
289,67.29065743944636,64.33652399288577,20.109682302791537,32.61517644142867,0.550102645871793,35.853362777945776,29.884805808128522,-2.954133446560592,12.366445081217108,193.62269760241054,427,2
289,76.02768166089966,75.32824364458548,20.017091729763994,26.83666422604468,0.44739490459081965,28.85067922681393,26.3286888307928,-0.6994380163141596,14.889167722584645,107.04016000798029,481,2
289,88.42906574394463,85.85859042730378,19.9720604343603,31.4769305722714,0.540032299789484,27.45526230523917,22.585402510291626,-2.5704753166408487,13.122939066511861,206.70432210792976,348,2
289,111.13494809688581,110.65317376627007,19.717837637100423,29.41032287342576,0.825590270532777,22.83259116026556,17.742247578062216,-0.4817743306157346,15.360985331834272,235.00625901332933,336,1
289,80.04152249134948,81.6595090695837,19.6792209693351,45.20526580375947,0.8470421916088513,27.47090709302018,24.58626517438113,1.617986578234247,0.1655306612100314,361.39224075223433,273,1
289,64.42906574394463,62.920375551304986,19.67464498464557,35.901887309025255,0.622689622241346,42.29287863271559,30.536908703343556,-1.5086901926396514,8.883716265337839,185.2803804010816,405,0
289,100.5121107266436,96.60964918832337,19.656969151229585,44.99748007801608,0.9268483579021928,26.440445057472665,19.55681659565323,-3.902461538320216,0.1384261104225497,227.40162008860892,396,1
289,107.33910034602076,100.25888937797646,19.62593792607821,29.518938411347992,0.8634094499599189,34.12932487367868,18.284052933937016,-7.080210968044287,13.53636972958121,172.2973738624715,274,2
290,93.63793103448276,92.120413121777,19.59988929625106,27.20401523747557,0.6206726684931162,21.342334371896307,20.9315702298391,-1.517517912705756,15.264325751976067,149.61689797147423,357,5
289,81.65051903114187,80.1780270480044,19.581387413354523,28.76160064063424,0.619117168871368,24.664863951119465,23.981950936387918,-1.472491983137467,14.242310057546383,183.96939764894006,318,3
33,83.63636363636364,85.45310005749657,19.403143638657454,25.94407112165031,0.5930028351469092,23.69639081193865,23.199410872307823,1.8167364211329324,14.962585619271131,90.16970606530316,530,1
289,95.84429065743944,90.17576148626283,19.370084153541733,29.701985911806833,0.8913212801279224,23.60585434441021,20.209950974307958,-5.668529171176619,11.936731413828113,174.77141390232728,319,5
289,99.49826989619378,98.23496407364318,19.356611545384098,25.823123229048488,0.7477454945625546,38.180023009337,19.454219219669636,-1.2633058225505747,15.336711204228777,133.3450858247549,274,6
289,97.91695501730104,95.97646043375012,19.264948548086313,26.513037838346918,0.8269252080919248,23.021309484883762,19.674783130952523,-1.9404945835509209,13.837068505444122,117.82296838198602,297,2
143,82.55244755244755,74.73837875712228,19.163384972115743,26.60067187320565,0.835880401929177,24.678977214031743,23.21358789506608,-7.814068795325276,13.92780428857299,87.35021002150012,516,10
152,68.99342105263158,66.8838086390356,18.96903542062336,26.796620942323468,0.7872347557782426,28.808436507050715,27.493977152043016,-2.1096124135959626,13.083720663146384,98.5690999549461,516,6
34,54.205882352941174,60.83493898484966,18.93256296629457,25.834242329909134,-0.8256379757340828,31.574882086374682,34.92713732251846,6.629056631908478,12.443547583298187,56.629735428412005,531,0
289,83.25951557093425,81.0572455298261,18.893566545464562,26.570426240331063,0.713444284507234,25.20115047440073,22.692381064081367,-2.2022700411081653,13.039540380547678,118.05796265609001,418,1
289,81.81314878892734,78.7259497887796,18.796825280745203,27.56305432828042,0.6742351029022307,31.032193043196095,22.975310887055333,-3.0871990001477316,12.318319763128642,120.96410080912594,361,4
173,68.90751445086705,64.22747470089992,18.727029688970028,25.884612266980636,0.4360392447761192,27.7555719904884,27.177050047746114,-4.6800397499671496,13.559446397693499,92.21679511981841,387,2
228,75.6359649122807,79.99877237397024,18.69496395653693,26.29430879724654,0.5273120548532508,25.623690462671945,24.717029759874865,4.362807461689558,12.907985977796525,104.4644263652736,508,0
30,42.43333333333333,45.13985692211501,18.67231213168864,24.898074294230447,0.38983564487350786,40.431989596693434,44.00387776517354,2.7065235887816756,15.184740354263008,57.96859200875264,532,2
289,97.83044982698962,90.94087565027623,18.59273639929254,30.21409948411007,0.9347103487574229,28.7715903545605,19.0050607271798,-6.889574176713374,10.591433829237793,217.089391928597,303,2
289,93.93771626297578,90.62401929279326,18.535347317977607,25.384871772723017,0.46484457810002633,20.568505646372707,19.73152856525537,-3.3136969701825145,13.318185900252686,127.28923923657595,279,5
152,77.53289473684211,73.85074920564368,18.521144930748314,24.910398306577484,0.821321826550277,26.10926337829378,23.888112256883698,-3.6821455311984295,13.426627856966899,113.47796056933362,516,2
246,41.23170731707317,42.11318704029334,18.504564204582515,33.50659115881003,-0.09648393475630157,75.08768477765463,44.87945178277924,0.8814797232201653,7.723467089160442,167.2173993774934,505,3
152,56.2171052631579,55.80655316729331,18.36017637218559,27.439715340799737,0.5699176134487984,44.29318300840707,32.65941262226109,-0.41055209586459046,12.112041822566166,125.65174775358406,516,1
289,99.05882352941177,98.54861833249925,18.356107878563773,26.109072181143908,0.7872122331640887,20.373051288157292,18.53051270401331,-0.510205196912526,12.01830002055825,101.9740741801024,321,6
289,96.2076124567474,99.54856962318199,18.333310937485596,54.53451321378531,0.923651341632328,537.5728616632977,19.055987846832604,3.340957166434583,0.0874233756666671,389.2746899664885,353,3
289,75.3287197231834,74.37898711679122,18.325047941592732,27.92082060586406,0.6687703464966113,35.75412730217886,24.326774713460264,-0.9497326063921776,11.753802185858234,181.29663548054845,398,1
289,86.1522491349481,86.5447043900824,18.264440526137406,24.59010958927997,0.8016517290716654,28.29454975965222,21.200190023510764,0.3924552551343086,13.930395349372539,108.56653273494666,274,4
289,90.97231833910034,90.6755160869801,17.989893934670675,23.170880192553593,0.7036918202497713,21.749777017380666,19.775129691224468,-0.2968022521202515,13.69268438912573,70.72836259191985,371,3
289,91.70242214532873,87.28425017694902,17.919361372273055,26.086392836081,0.8026068364804828,20.91665907761884,19.540772155259653,-4.4181719683797,13.715217312806303,142.5681656950756,289,5
35,76.22857142857143,77.73556547927065,17.82794227912689,21.49473053811417,0.5012419057946073,24.424356520477648,23.387480501103493,1.5069940506992068,13.60670836915309,59.66214913948372,529,1
289,82.05190311418686,79.97956808162932,17.69233068108603,27.94070347643927,0.7852711565375518,24.243811833157594,21.562364807632363,-2.0723350325575205,10.892237188506172,178.9067041865481,331,5
289,71.06574394463668,67.63698675247288,17.51440553404038,28.214667734778967,0.7007217443014406,27.57074469328078,24.645355922376428,-3.428757192163803,9.86005396111446,181.52841325852685,383,2
92,15.51086956521739,18.974832401479336,17.436604165781663,60.154425696829406,0.19887796599680385,207.68291227692814,112.4153877541635,3.4639628362619446,0.37305785982925005,322.9524731204207,520,4
289,62.26297577854671,59.61971000679022,17.176070124128984,30.362219037172935,0.8175523656668735,53.57226694248004,27.586330253825032,-2.6432657717565027,9.377992517289258,194.27174058626656,424,1
228,75.6359649122807,75.17874975715273,17.049784717130656,24.01868262380729,0.6055886756164248,22.988045514368196,22.54190151061635,-0.45721515512797256,11.697470906230581,109.65961708512623,508,1
289,68.78892733564014,66.95607252035983,17.035575132529832,23.14176880933517,0.6036948357621058,30.019508871032585,24.76499604276218,-1.8328548152803221,11.921376415080495,114.87399298143266,346,1
289,62.26297577854671,60.12907732280164,16.91771410710169,30.013864408438142,0.821714899163149,54.54778906618508,27.17138700095803,-2.133898455745064,9.089038389964898,196.3444744806839,424,0
289,76.12456747404845,71.83406146868589,16.82130670545111,22.986056498919265,0.4300815621872369,22.274190759730427,22.097080172160773,-4.2905060053625546,12.337921780984665,116.10920076749443,361,5
92,69.31521739130434,71.14847485324171,16.79645083300817,25.105417861691716,0.7520037824466999,23.1932352012605,24.23198175688806,1.8332574619373756,10.62344806802698,106.14553140510819,520,2
289,90.02768166089966,87.27634452857586,16.778630731157758,23.052652064046505,0.7557168209299393,20.63611001434606,18.637190719135184,-2.751337132323788,12.873015264079598,162.0511535815878,274,3
289,77.69204152249135,73.5724245133185,16.472750606082123,23.038788691054478,0.5757584354853824,21.88583008331782,21.20262292414258,-4.119617009172852,12.62833048212174,114.51515228594641,400,2
289,50.14532871972318,46.962548799340965,16.433656051367084,23.51171720537728,0.4537800576468969,37.80526357061173,32.77205767903041,-3.1827799203822194,11.551810680388712,108.7939881927928,419,4
289,71.41176470588235,67.44851532028402,16.309851845369007,22.454181605095208,0.3417643699607066,22.79912911328504,22.839166505047206,-3.9632493855983344,12.0127274083696,146.2867683054966,329,1
289,59.806228373702425,55.949593879218554,16.210731567354536,22.69349230244721,0.49670679781069194,29.589620209159722,27.105423645946892,-3.8566344944838664,11.139548179263997,128.99303459005498,386,2
289,78.11072664359861,74.15175061539645,16.123431846686852,81.15293928987292,0.8896594188426186,79.05488818973625,20.641763992613186,-3.9589760282021658,0.1716393804552112,1172.0874133322527,337,1
289,48.449826989619375,45.989968855928645,16.085134416567318,29.780142491132196,0.6007212344651724,41.600667235733525,33.199570392715,-2.45985813369074,7.320607414331267,157.3759954195911,405,1
289,51.844290657439444,49.669931278916316,16.066405608419124,26.857457872824337,0.721145207955344,42.13984935517999,30.989729832697904,-2.1743593785231288,9.74798132928402,171.37979121953182,336,2
289,88.27335640138408,86.28790391306168,16.008537285644866,22.072641186877387,0.705085947673047,18.86602017061633,18.135185902361204,-1.985452488322383,11.709639217855639,94.86195641910376,321,4
289,72.70934256055364,70.09424476441863,15.765498689134395,21.37784493335375,0.6114431131723261,23.449307598517645,21.68290639680122,-2.61509779613501,11.913040519024115,90.50466575061586,274,5
26,60.80769230769231,63.463224880873554,15.447842830592968,20.250512415163982,0.5801642608101258,24.97694032913687,25.404422112297105,2.6555325731812442,10.668108290329041,46.67251657205611,534,0
289,59.13148788927336,54.66606994694389,15.419012573864483,23.428546576713657,0.6498957784843655,27.05582062334619,26.075806857316614,-4.4654179423294575,10.453538999372043,144.75646006261013,361,1
289,73.280276816609,72.2663951187378,15.316640412107436,21.968940609305896,0.7065640864772309,23.26325648452109,20.901449991023934,-1.0138816978711938,11.54001900185569,124.96440041305962,388,2
37,52.891891891891895,61.306300886101006,14.886811780156652,20.036942773712486,0.39648221409790185,28.04170324738977,28.14573509789454,8.41440899420911,9.051453604885054,50.81397116766972,528,3
289,63.536332179930795,59.99117470913296,14.84865835136411,41.17325692282166,0.8615752885337015,73.41910423259318,23.37034235673798,-3.545157470797836,0.1659379716060627,439.5592740138907,273,3
289,70.57785467128028,70.72990197056336,14.843070101807948,22.765231783615356,0.7699466010800171,23.22230195138465,21.03077540531694,0.15204729928308783,9.687134291293575,106.81602181608591,388,6
289,56.76470588235294,54.37990809983957,14.779223818666978,22.697546279053398,0.4354795728788058,28.94858296959017,26.03593833340297,-2.3847977825133753,10.591812746260715,140.2766932308809,355,1
289,91.82352941176471,89.55759115844391,14.687080658699896,20.561307153457914,0.8483821047761284,18.114331915109936,15.994898859570675,-2.265938253320791,11.003367905508213,123.87471192818188,388,3
23,30.130434782608695,23.24049324593961,14.584680880666928,29.72842797803547,0.2335422190225599,91.5204412986335,48.40514577999125,-6.889941536669085,7.7945576427756365,130.0840162178826,537,1
35,64.82857142857142,65.68811527434477,14.509860010240759,19.68123714948132,0.5133251155655303,19.991277808412093,22.381890716545904,0.8595438457733294,9.681429720665129,51.927032818215054,529,2
289,55.463667820069205,53.65573324180798,14.302029603610919,18.936989386071144,0.4376167284628575,27.42293887789002,25.78630329679678,-1.8079345782612286,11.513721989656567,66.44115545341464,384,1
49,57.53061224489796,56.703856836856836,14.11258536035368,19.18912180610713,0.5188330259893978,28.553673318904256,24.530566961948573,-0.826755408041124,10.456888004473115,60.723582966682685,525,1
49,75.91836734693878,76.76536296891459,14.018701067672993,20.428272080388243,0.6629884838502074,22.662790359717764,18.465493341827326,0.846995621975819,8.346910482710648,65.64106463760876,525,0
83,40.3855421686747,41.32896520882074,13.99550927598993,23.87304392828452,-0.6760243125404544,34.129301260421514,34.65475148887721,0.9434230401460417,7.332953266895672,119.02527637459207,523,0
289,66.11418685121107,61.98858144196902,13.939354366778614,19.12530864547232,0.8430170629451961,23.50254698685945,21.083756801167215,-4.12560540924206,10.403118387658026,85.3859407670204,282,2
289,61.7681660899654,60.04728071691812,13.873210780072494,19.33755329209749,0.6484733762847671,25.019061556859718,22.460130611399645,-1.7208853730472886,9.831130784253027,94.80220730289415,384,2
289,62.667820069204154,61.44689692803971,13.497738878564723,19.5298338309672,0.6326076603828965,21.93833661129285,21.538548594253246,-1.220923141164442,8.837326167813416,93.97193459046318,374,4
38,55.10526315789474,62.86965356873849,13.4215340090239,19.122198951391805,0.5179620589976148,24.249226011320047,24.3561744194321,7.764390410843762,9.839305767780967,61.77934519887529,527,0
289,59.97231833910035,57.9390248570262,13.415320488297803,21.359322373837745,0.7964796436503299,24.243226734576098,22.369187751662043,-2.0332934820741486,8.554603057267492,188.15294138962153,319,1
34,45.55882352941177,41.29392371832168,13.339357049322913,19.09135548917813,-0.1366612038458479,27.14090694435955,29.27941508566682,-4.264899811090082,9.515806265790099,60.31357787590916,531,2
289,58.19031141868512,55.78867827472185,13.086022869063235,19.475175296669704,0.8260941075490766,26.051299849599708,22.488319017418533,-2.401633143963266,9.34518719291004,117.73920444048161,282,3
38,55.10526315789474,61.815652813227324,12.97354848976572,18.330858512720685,0.5570332090043135,23.881218668964333,23.543211203968355,6.710389655332578,9.363736502684208,56.357757078087246,527,1
289,57.726643598615915,52.74231361496939,12.878677619536244,16.912989735280853,0.10283079688915964,25.192021579517405,22.30976342412021,-4.984329983646525,10.11753414418385,58.9349628156954,403,2
188,19.20744680851064,16.755950131257748,12.853430658515778,59.53804521110919,-0.1375804596414496,68.67162796437773,66.91899650514999,-2.4514966772528886,5.217621264205344,735.9137148916816,509,3
289,47.08650519031142,46.45731177021496,12.708940224161434,18.81984541237657,0.5946700935409879,30.46267547608293,26.990621140378117,-0.6291934200964638,8.23405126404844,90.50181239615608,480,4
101,63.81188118811881,57.71154807044895,12.596557957689642,27.321874477887015,0.8970044254551088,41.38367934034335,19.740145131522947,-6.100333117669851,2.756053942036479,177.1125033961495,273,7
42,39.26190476190476,30.65538112525214,12.52746748322933,16.715334809625773,-0.2011011831397307,29.199248306336145,31.90743688875875,-8.60652363665262,9.1761655558831,45.296965078377546,526,0
289,43.28719723183391,41.79581638311,12.311753990249507,20.97718701604254,0.41637646687676055,29.506624091736217,28.44202160817032,-1.4913808487239113,7.189313317838952,148.86538832257946,400,3
87,33.747126436781606,26.067555592625997,12.227540583006567,19.26679045815421,0.447760594073763,34.984478858950965,36.23283483384098,-7.67957084415561,7.441200397803605,95.13994730620777,521,1
87,33.747126436781606,26.570969756565038,12.107449208544764,18.90200962606552,0.46847388770850984,35.3425665637101,35.87697824057883,-7.17615668021658,7.242931811647679,89.91028500184204,521,0
33,37.36363636363637,41.26264446562214,12.098606584713963,18.858212727782025,0.10669911576096724,34.41408776194586,32.380698888528855,3.8990081019857783,7.0627479756359115,58.70048865120722,530,2
289,54.62975778546713,53.948177113511825,12.079158659556802,46.876605087357625,0.8986901469996449,191.24870128665054,22.110950421914843,-0.681580671955299,0.1732341028644452,507.3190095037827,337,2
83,40.3855421686747,39.04129767140352,12.060652213443884,18.76117702982327,-0.03510613543841412,30.410758552690886,29.863786805365226,-1.3442444972711736,7.425481297577647,93.30628114231166,523,1
143,20.20979020979021,8.78420407895549,12.01550076531804,18.288365138684174,-0.18300129299233547,51.463660260942554,59.4538619183557,-11.425586130834722,7.512722258909824,92.08368843821987,516,12
26,28.923076923076923,21.185716792244577,11.979787172203665,16.34616824245431,-0.01746985285584124,43.88999191293782,41.41947692517224,-7.737360130832341,8.465265376006942,42.33108038632391,534,3
143,36.04895104895105,28.583153971765867,11.868441450975142,17.645610622616573,0.6712103868677407,31.658131339527262,32.92312565449942,-7.465797077185175,7.335617318002315,65.09219296834371,516,9
289,41.04152249134948,36.871012509184986,11.679920084718125,17.531499459053002,0.5216520252616275,30.07556061314324,28.45878850420317,-4.170509982164496,7.318388121228743,92.06247513345728,419,2
289,27.041522491349482,30.47963756138847,11.21209741910277,38.31834707124265,0.7439442777722973,308.7539718275022,41.46252276546002,3.4381150700389815,0.1745873152878801,317.3300598079642,337,3
289,41.23529411764706,38.00819295085735,11.02533022762815,15.348871724644084,0.6422760052621883,34.47611928288154,26.737605402236596,-3.227101166789713,7.948458947612359,68.2729474946976,419,3
188,22.51595744680851,22.605130444999933,10.867476417776434,18.1822231076349,0.4391413127180367,70.52236533792822,48.26566422258373,0.08917299819141798,5.908944843953897,120.01666334811213,509,4
289,38.78892733564014,36.41502050482541,10.691025740798889,15.24723521470244,0.6233284692988628,31.970807778773725,27.56205565647528,-2.3739068308147306,7.915009503599272,107.14349753911202,289,2
289,23.44636678200692,20.849259884973012,10.643681652170272,17.682713211844476,0.5057683334314124,64.96806542828617,45.39586773136376,-2.5971068970339077,6.452806069701904,92.6100807682719,448,2
289,49.1764705882353,45.583422541490776,10.469775987529092,14.228851371034295,0.7191427011137785,21.820209943674968,21.290214328707485,-3.593048046744517,7.781593730221388,59.585332134986835,274,7
289,42.536332179930795,45.01243234041493,10.153823925797141,28.66515779714524,0.8828627696972724,556.4699029163802,23.870943744857836,2.476100160484133,0.0945357684457007,169.05382342611657,353,2
289,34.477508650519034,31.686782060822118,9.816983608303028,15.934010276177302,-0.1391490293010358,29.581605869315897,28.473587543151098,-2.790726589696917,7.217185287934797,144.5085028654262,386,3
289,45.32871972318339,47.577684168090315,9.455604735653505,36.864325056340824,0.9263983942763178,20.279314952937852,20.860074569495136,2.2489644449069224,0.00489121382681,257.05722028463936,290,0
289,37.68512110726643,36.08498239061282,9.328213171961727,12.26098081497978,0.5009227322003373,27.016680612875316,24.753040186364327,-1.6001387166536185,7.678897115025798,62.97202189174858,384,3
289,37.34256055363322,36.48809284182158,9.167925217249254,12.619533662673318,0.6014515578243846,27.18527426148868,24.550874608830934,-0.8544677118116338,7.179149137128782,64.8575815692266,403,5
289,15.207612456747405,13.292218724233853,9.152164565405826,26.68506576812015,-0.20621850377642104,67.91546135706817,60.1814689283796,-1.9153937325135524,3.295194763936392,219.66592090098897,334,2
188,19.72872340425532,19.91308127727091,9.06239736435191,16.123573694914164,0.21594351634214903,58.50225784602815,45.93504191151682,0.18435787301559237,5.396142977374115,130.81385403817865,509,1
289,20.996539792387544,16.675727500540493,8.377094824649685,11.465764126381925,0.34777042213219234,47.99343514921829,39.89750171924455,-4.320812291847055,6.1060421287672995,48.44240077835022,442,2
289,29.17993079584775,26.15927763524127,8.366281613315559,11.065201182371784,0.4542808993124505,33.2476764992506,28.67135522646978,-3.020653160606479,6.6183567623106505,51.53637362617719,362,1
289,29.044982698961938,26.99290245134921,8.159846937382389,12.432693533987042,0.6659502916886675,33.46662034960626,28.093826124654637,-2.0520802476127273,5.851598179941496,69.71942653440982,319,7
289,21.591695501730104,19.607548276956855,7.920765733877617,12.441952587919987,0.7019342221206262,68.05355366338735,36.68431565850371,-1.9841472247732472,4.326320280249227,71.19524150175259,459,1
143,22.587412587412587,18.26491480511922,7.862479723681567,11.675824110590945,0.575973865921552,41.49123018257065,34.80912075809486,-4.322497782293368,5.286215293562346,76.89142044638302,516,8
289,24.100346020761247,22.22651828730552,7.667684853228996,10.3064799831858,0.6085465194742186,42.824064353259104,31.815662922945876,-1.8738277334557225,6.033727452226149,52.80247202225152,482,2
289,28.858131487889274,31.40099486559739,7.620348737400283,20.79039862077672,0.8845734169399868,45.11899285116263,26.40624442576357,2.542863377708112,0.0913033791680806,133.5145785119948,353,1
289,25.910034602076124,23.570854350675415,7.550943865484218,10.891953328930732,0.5229501204515772,31.962649326684428,29.1429323868181,-2.339180251400708,5.0184499853240965,53.885729681216716,289,4
38,2.8157894736842106,5.253457840401115,7.27528869498812,30.191638730643685,-3.1296527535743737,588.1805076583961,258.3747387005127,2.4376683667169043,0.1461527715075849,161.46804584580906,520,7
289,20.53979238754325,18.339172565518243,6.923562557014643,9.691526215527986,0.5179431413134494,38.14843411415507,33.70804546794528,-2.2006198220250077,4.837973148344176,38.41221229247854,383,1
26,33.0,30.507160715086442,6.86375490733273,8.125485979493563,0.3834010120414483,22.18490672268752,20.79925729494767,-2.4928392849135608,6.53191127955256,16.773138690671217,535,3
289,23.598615916955016,23.901449857472773,6.583371240314765,23.996819185500016,0.8861637523725178,27.15396383209588,27.897276956759047,0.30283394051775586,0.0019802733367142,174.65944579075125,290,3
289,26.408304498269896,25.029552321770517,6.498501375185402,9.0221732255734,0.4272353363643594,26.62936529143088,24.607794777628158,-1.3787521764993798,4.9947734901723315,52.578641132621456,398,2
289,15.979238754325259,14.85279301078343,6.357572272638711,11.784287667299216,0.2502081165546308,50.123250138735955,39.78645272396248,-1.1264457435418296,3.7397028182484977,99.85972473208372,405,2
289,24.463667820069205,23.659616260066603,5.995837206899857,12.64594915493683,0.9048854902885759,40.06231088010354,24.509150676012148,-0.8040515600026047,1.3420748092950046,67.66752381467,409,2
152,18.210526315789473,15.9288050992679,5.829896229222899,8.004741595373766,0.6746467560364546,40.767903687198185,32.01388102752459,-2.281721216521575,4.238555862098191,32.26877864162682,516,5
42,15.214285714285714,12.933039145859219,5.690743579613832,6.767892004335777,-0.052932677713087184,42.15094143199363,37.40394841060735,-2.281246568426497,5.005177013685554,17.727803955052863,526,1
26,14.461538461538462,12.903253936921022,5.3995281961175445,7.097193996313301,0.31306024184952863,37.42508484138846,37.33716305825962,-1.5582845246174388,3.565040242471076,17.838437012743093,534,5
42,15.523809523809524,12.998815671760886,4.736777979364753,6.083404899783138,0.3738799013256686,38.25567497829585,30.512986983637973,-2.524993852048639,4.168859484700033,16.224880718435987,526,3
101,3.0396039603960396,2.5926476619196195,4.689202273536111,18.854886909998047,-0.8523770246149236,81.54427099573898,154.27017251698604,-0.44695629847642004,0.6711877572395168,126.9147639854963,273,6
186,11.327956989247312,11.351065002914115,4.6277105417155235,6.050313353454286,0.4015317333990547,63.63332406646312,40.852119637355834,0.023108013666802305,3.7568936133483692,21.696708268425475,509,6
49,18.387755102040817,17.375823922981557,4.519235466635299,5.599655192286854,0.5928456962798536,31.81442046224773,24.577418187028822,-1.0119311790592616,3.776765767967216,17.538950732688903,525,2
26,10.038461538461538,9.868391182985793,4.4030447959250605,5.535218341638596,-0.14296794065327134,59.88183173302117,43.86174892492397,-0.1700703554757458,3.8092538842088013,15.123109222767335,535,1
289,19.013840830449826,20.443097307504857,4.356994714943733,16.29003681386261,0.9144908668371086,22.062643987456838,22.91485846439925,1.4292564770550304,0.0001242071890508,106.78521482379176,290,1
289,3.7474048442906573,4.737621634251179,4.17704187569545,21.050856159121892,-0.006875236702680976,68.33087274998755,111.46492170600047,0.9902167899605219,0.0,180.8901613931573,296,2
26,10.23076923076923,7.30447605184654,4.169217145938315,5.489757035998816,-0.27906229560935425,55.49303606105709,40.75174653924669,-2.9262931789226916,2.915813324378319,13.071448533725434,536,1
26,10.23076923076923,7.604707404624891,4.027908672866033,5.470137632000799,-0.269936354972951,55.9926656641212,39.37053590019431,-2.6260618261443387,2.8751477523497693,13.407671594337064,536,0
289,10.519031141868512,9.60302560135797,4.022937936847512,5.6051198228629655,0.5544432885516828,55.87110535706699,38.24437709700431,-0.916005540510543,2.953177724591397,23.937985686128883,319,4
289,6.557093425605537,5.335281467595382,3.8434307175040545,5.572588241653182,0.06489081987258005,67.13646617250046,58.614853686473445,-1.221811958010154,2.5773925920265377,28.55605622362903,404,1
289,11.608996539792388,11.383030245760699,3.831533585428194,5.177371718354332,0.6407715142468401,50.85463735921252,33.00486456598355,-0.22596629403168933,2.9232563234435744,25.657062675325093,374,2
289,9.944636678200691,8.820337528034027,3.83050560889606,5.675336427827007,0.5317903662761904,55.15271966848996,38.51830622724291,-1.1242991501666648,2.697757163129184,21.412215594262438,479,2
26,9.5,9.554696956508437,3.8044418712228545,5.031938055241538,0.27695725932291304,78.70923743977092,40.046756539187946,0.05469695650843706,3.551447910523979,13.51957902292125,534,2
26,20.076923076923077,18.45340591915587,3.738988847689667,4.940666425872165,0.5325944686535087,21.4641269940027,18.623316099603706,-1.6235171577672065,2.6001590234441387,13.21856223979454,535,2
34,8.647058823529411,7.786840154081197,3.597261524470401,4.511323826342761,-0.01199936863574691,86.0505619831396,41.60098361632436,-0.8602186694482132,3.522998801495721,11.683015002960197,531,1
289,10.290657439446367,10.417073805508577,3.427519845177792,4.789286797492844,0.5042569320109731,50.29440087073994,33.307102732225346,0.12641636606221054,2.320718851416844,18.380381613609675,374,3
42,8.523809523809524,8.41812881076398,2.9802566875577488,4.003456583131136,0.2638825146490241,49.19359150198966,34.96390527302387,-0.10568071304554648,1.954568845730507,9.874096382699127,526,2
169,4.420118343195266,3.399848348052777,2.8686116389705614,4.731455807310185,0.19625876450822533,62.71335634854519,64.89897817751337,-1.0202699951424892,1.9965228082341104,23.440995952021083,315,3
289,2.716262975778547,2.322206007878987,2.4949701968956624,16.51087962818866,0.3909269700205481,1446.7818587916306,91.85304291756005,-0.3940569678995602,0.0029461388611393,179.57743008736753,290,2
26,4.615384615384615,4.819088098290827,2.360603459145105,3.0078351877071965,0.32046433098967997,100.41500146152961,51.14640828147727,0.20370348290621176,1.962382321723774,8.734634951332716,534,4
38,1.0,1.2437440042502015,2.1384557917881457,6.2374556741183795,-0.9555852181091002,90.64661754206833,213.84557917881457,0.2437440042502013,0.4181472741877088,26.6246926728913,520,6
26,3.3076923076923075,3.4878460272164915,2.0997551818308757,2.644822443425186,-0.18453857011473107,56.6325011148299,63.48097061349159,0.18015371952418346,1.779616631991893,6.282000736199281,534,1
10,1.5,0.6094440812576227,1.6646156801433052,2.893496481355781,-0.0944211617801678,65.68656892932384,110.97437867622033,-0.8905559187423773,0.5934126637394715,6.4095939718965775,353,5
92,1.5108695652173914,1.6574188273445327,1.5705728104160575,2.293562518377626,-0.12813923717489706,61.9239989747151,103.95158169660237,0.14654926212714162,1.1603881496649722,11.112282538731877,520,5
289,1.8235294117647058,1.5855650174162577,1.404281297340468,3.1855908215497135,-0.005750612824682699,50.37233569288464,77.00897437028372,-0.23796439434844813,0.9799595228217552,45.15268175215625,348,7
4,1.75,1.856789607837951,1.2342274832617912,1.5834349310801121,-1.111382047128151,28.564246307505215,70.52728475781664,0.1067896078379511,0.9846108356515022,2.682034182199484,296,3
289,1.8581314878892734,1.5464571540204362,1.1865929217780227,1.6253790955394598,-0.08269244817604049,47.67860527934282,63.859470091964354,-0.31167433386883725,0.9203321339544157,6.905320185619931,277,2
289,0.6332179930795848,0.4345070001342875,0.8027481700849379,1.277375167859999,-0.04995652107203896,73.34688198500704,126.7727984451077,-0.19871099294529726,0.4329686373671522,7.037546281169068,362,2
38,0.2894736842105263,0.48005539252463586,0.7121647147501418,1.2040365213681568,-0.15210374038214214,83.75991278256946,246.02053782277628,0.19058170831410956,0.4732805743371624,4.715187497367187,520,8
215,0.5627906976744186,0.4802569322944139,0.6948902383551285,0.9184471450822953,-0.03693423420038755,63.08280205406265,123.47223243500218,-0.0825337653800047,0.5074726180872748,3.6904374292176962,396,4
16,0.625,0.09314954410002485,0.6167193005520555,1.705379249904284,-0.01711681259159703,89.85697564520305,98.67508808832888,-0.531850455899975,0.0,6.0,353,4
38,0.0,0.30145081207070384,0.30145081207070384,0.3720389932136819,0.0,,,0.30145081207070384,0.25368608345218113,0.681778698753569,520,9
139,0.0,0.06395069519419493,0.06395069519419493,0.1017551171022419,0.0,,,0.06395069519419493,0.0186184195046939,0.3005403111534512,517,6
289,0.0,0.051731065909210915,0.051731065909210915,0.08916643696662628,0.0,,,0.051731065909210915,0.0260330838872405,0.710094877546191,275,0
53,0.0,0.04364726705238588,0.04364726705238588,0.14421292798015606,0.0,,,0.04364726705238588,0.003683650971635,0.7702370553893838,524,0
53,0.0,0.0423890878517902,0.0423890878517902,0.14570421707875655,0.0,,,0.0423890878517902,0.0045528433313988,0.8088516499136094,524,1
289,0.0,0.03484373244599691,0.03484373244599691,0.0767713047182727,0.0,,,0.03484373244599691,0.0072972138391297,0.4029372318433482,474,2
156,0.0,0.031469163924530835,0.031469163924530835,0.05508780921821688,0.0,,,0.031469163924530835,0.01010051446585555,0.3381962015969719,515,2
289,0.0,0.02974300410687921,0.02974300410687921,0.0571229516001774,0.0,,,0.02974300410687921,0.0063140376476682,0.3381962015969719,497,2
289,0.0,0.02974300410687921,0.02974300410687921,0.0571229516001774,0.0,,,0.02974300410687921,0.0063140376476682,0.3381962015969719,499,2
289,0.0,0.029231072364180318,0.029231072364180318,0.05233803233983425,0.0,,,0.029231072364180318,0.0165752369981452,0.4116555432232222,275,1
289,0.0,0.027598359554611863,0.027598359554611863,0.052421310213708695,0.0,,,0.027598359554611863,0.0122090541365938,0.4277952824981028,275,2
289,0.0,0.027223716889376384,0.027223716889376384,0.05144634169229045,0.0,,,0.027223716889376384,0.0128769594407896,0.4137389855581876,275,4
289,0.0,0.02663110013473874,0.02663110013473874,0.05082871192667752,0.0,,,0.02663110013473874,0.0130067783043292,0.4137389855581876,275,3
139,0.0,0.02570092216566846,0.02570092216566846,0.03988952217700748,0.0,,,0.02570092216566846,0.0070083799171742,0.09375077138736,518,2
139,0.0,0.02570092216566846,0.02570092216566846,0.03988952217700748,0.0,,,0.02570092216566846,0.0070083799171742,0.09375077138736,517,2
156,0.0,0.024661657087936575,0.024661657087936575,0.04506193137388597,0.0,,,0.024661657087936575,0.00809333747977665,0.2661458978908917,515,4
289,0.0,0.024310765180198115,0.024310765180198115,0.047594501239355706,0.0,,,0.024310765180198115,0.0051081629706013,0.2661458978908917,497,4
289,0.0,0.024078726100960676,0.024078726100960676,0.04948956032436852,0.0,,,0.024078726100960676,0.0034942375969595,0.3136924560851067,478,2
289,0.0,0.02336587223454565,0.02336587223454565,0.05038030347057062,0.0,,,0.02336587223454565,0.0056325330131222,0.2785112005748765,500,0
289,0.0,0.02336587223454565,0.02336587223454565,0.05038030347057062,0.0,,,0.02336587223454565,0.0056325330131222,0.2785112005748765,499,0
289,0.0,0.02336587223454565,0.02336587223454565,0.05038030347057062,0.0,,,0.02336587223454565,0.0056325330131222,0.2785112005748765,497,0
139,0.0,0.020415816998565303,0.020415816998565303,0.034219497483317575,0.0,,,0.020415816998565303,0.0069567737186494,0.0852151050361628,517,4
289,0.0,0.019638625088199323,0.019638625088199323,0.04340844013340901,0.0,,,0.019638625088199323,0.0032000684575746,0.2661458978908917,497,3
289,0.0,0.019638625088199323,0.019638625088199323,0.04340844013340901,0.0,,,0.019638625088199323,0.0032000684575746,0.2661458978908917,499,3
289,0.0,0.01917737392372712,0.01917737392372712,0.041445615348739466,0.0,,,0.01917737392372712,0.0062657442683315,0.2598203869912343,497,5
212,0.0,0.01909279674234153,0.01909279674234153,0.0348236892088456,0.0,,,0.01909279674234153,0.0007292230975719,0.0813850674888351,287,2
289,0.0,0.01894639399400588,0.01894639399400588,0.0461841560131959,0.0,,,0.01894639399400588,0.0038374254522409,0.2641028132789607,497,1
289,0.0,0.01894639399400588,0.01894639399400588,0.0461841560131959,0.0,,,0.01894639399400588,0.0038374254522409,0.2641028132789607,500,1
289,0.0,0.01894639399400588,0.01894639399400588,0.0461841560131959,0.0,,,0.01894639399400588,0.0038374254522409,0.2641028132789607,499,1
156,0.0,0.0178899783593746,0.0178899783593746,0.039198112837013514,0.0,,,0.0178899783593746,0.0047361232707569,0.2661458978908917,515,3
289,0.0,0.01761570302304604,0.01761570302304604,0.0322619486071808,0.0,,,0.01761570302304604,0.0022550868939242,0.0765748191250578,434,2
289,0.0,0.01760888833238188,0.01760888833238188,0.03226134503050361,0.0,,,0.01760888833238188,0.0022550868939242,0.0765748191250578,443,2
289,0.0,0.017443278434657743,0.017443278434657743,0.03204652905045881,0.0,,,0.017443278434657743,0.002305557168006,0.0760046533788659,379,2
289,0.0,0.017443278434657743,0.017443278434657743,0.03204652905045881,0.0,,,0.017443278434657743,0.002305557168006,0.0760046533788659,378,2
289,0.0,0.017443278434657743,0.017443278434657743,0.03204652905045881,0.0,,,0.017443278434657743,0.002305557168006,0.0760046533788659,377,2
289,0.0,0.017443278434657743,0.017443278434657743,0.03204652905045881,0.0,,,0.017443278434657743,0.002305557168006,0.0760046533788659,376,2
289,0.0,0.017443278434657743,0.017443278434657743,0.03204652905045881,0.0,,,0.017443278434657743,0.002305557168006,0.0760046533788659,381,2
289,0.0,0.01741424703714851,0.01741424703714851,0.032012505221324226,0.0,,,0.01741424703714851,0.0022597134146509,0.0759374982434493,402,2
289,0.0,0.017011877308675837,0.017011877308675837,0.04277925697823255,0.0,,,0.017011877308675837,0.0031545247958009,0.255100348671718,478,0
156,0.0,0.015289736967498847,0.015289736967498847,0.0363072130925837,0.0,,,0.015289736967498847,0.0055446409530034504,0.2785112005748765,515,0
289,0.0,0.014931202317071417,0.014931202317071417,0.0287797522681787,0.0,,,0.014931202317071417,0.0067581088014782,0.1171037877357528,367,2
139,0.0,0.014893761513096302,0.014893761513096302,0.02932985688698692,0.0,,,0.014893761513096302,0.0063824042413015,0.1117723064484219,517,5
289,0.0,0.014799915585093372,0.014799915585093372,0.02642196595707487,0.0,,,0.014799915585093372,0.009443449010674,0.096956475059903,350,0
289,0.0,0.01431537827530614,0.01431537827530614,0.026117245156775704,0.0,,,0.01431537827530614,0.0069722841383531,0.1057951221267628,350,1
289,0.0,0.014062860494331489,0.014062860494331489,0.039461664744036055,0.0,,,0.014062860494331489,0.0012883618470354,0.2409557937309636,478,1
289,0.0,0.01368480908005768,0.01368480908005768,0.028475146869807604,0.0,,,0.01368480908005768,0.0028567996246487,0.1170148509309211,367,4
289,0.0,0.012633762905897006,0.012633762905897006,0.03243076123189254,0.0,,,0.012633762905897006,0.0001300587777863,0.1270144099248326,367,5
289,0.0,0.012573457470314141,0.012573457470314141,0.02424992399627554,0.0,,,0.012573457470314141,0.0070967470491021,0.102547775470935,286,1
139,0.0,0.012498754039389492,0.012498754039389492,0.024635590377261013,0.0,,,0.012498754039389492,0.0036382746349526,0.0804268928482463,517,3
139,0.0,0.012498754039389492,0.012498754039389492,0.024635590377261013,0.0,,,0.012498754039389492,0.0036382746349526,0.0804268928482463,518,3
289,0.0,0.012465264629435301,0.012465264629435301,0.02762406696118358,0.0,,,0.012465264629435301,0.0027802248006567,0.1170148509309211,367,3
289,0.0,0.012459868343408453,0.012459868343408453,0.019764957687290304,0.0,,,0.012459868343408453,0.0093756782171861,0.1140749655318677,350,2
289,0.0,0.011755628223606505,0.011755628223606505,0.02844676222481371,0.0,,,0.011755628223606505,0.0024005051108266,0.1250153017482269,367,1
289,0.0,0.011678316310171192,0.011678316310171192,0.02539629290377024,0.0,,,0.011678316310171192,0.0014260340056956,0.0766784086902252,434,4
289,0.0,0.011512635366013768,0.011512635366013768,0.023540668409794758,0.0,,,0.011512635366013768,0.0063465459953164,0.1333977402159153,349,1
289,0.0,0.011493185751830405,0.011493185751830405,0.027893754836489475,0.0,,,0.011493185751830405,0.0024358021681925,0.1221275369471349,367,0
289,0.0,0.011469199507783948,0.011469199507783948,0.022632631320598357,0.0,,,0.011469199507783948,0.0067608363317283,0.0938099189967091,286,0
289,0.0,0.011405844310199786,0.011405844310199786,0.025268424673499056,0.0,,,0.011405844310199786,0.0011056112357578,0.0769652290705954,378,4
289,0.0,0.011405844310199786,0.011405844310199786,0.025268424673499056,0.0,,,0.011405844310199786,0.0011056112357578,0.0769652290705954,376,4
289,0.0,0.011350095904388045,0.011350095904388045,0.01844390431332735,0.0,,,0.011350095904388045,0.0076022771030063,0.0911426523544098,350,4
156,0.0,0.01131418054616003,0.01131418054616003,0.03250331102677326,0.0,,,0.01131418054616003,0.0053532768969896,0.2641028132789607,515,1
289,0.0,0.010705394460439157,0.010705394460439157,0.02013114440102018,0.0,,,0.010705394460439157,0.0,0.1063664008243317,406,1
289,0.0,0.010556348674932707,0.010556348674932707,0.022196713577885482,0.0,,,0.010556348674932707,0.0060594285326418,0.1249648347547773,349,0
289,0.0,0.010388278062485455,0.010388278062485455,0.03453894930024934,0.0,,,0.010388278062485455,0.0041041204542555,0.3318178317364762,312,0
289,0.0,0.009945690406714608,0.009945690406714608,0.01625463777509796,0.0,,,0.009945690406714608,0.0066292744668597,0.088935664094136,350,3
289,0.0,0.009864247611445883,0.009864247611445883,0.028417190581574853,0.0,,,0.009864247611445883,0.0,0.1281953989379701,367,6
289,0.0,0.009832712227793626,0.009832712227793626,0.01310948492339139,0.0,,,0.009832712227793626,0.0085234493157451,0.050781573092089,397,2
289,0.0,0.009755921417288586,0.009755921417288586,0.01609071933255369,0.0,,,0.009755921417288586,0.0072185622292399,0.1041555539683506,349,2
289,0.0,0.009255521938446325,0.009255521938446325,0.03209154468420143,0.0,,,0.009255521938446325,0.0014292584174233,0.2961272600741892,312,1
289,0.0,0.009188802789537962,0.009188802789537962,0.02070654178494782,0.0,,,0.009188802789537962,0.0031029972173995,0.1104677574109202,434,5
289,0.0,0.00888151285410502,0.00888151285410502,0.013971114510483622,0.0,,,0.00888151285410502,0.0073641395694887,0.0835796832644433,349,3
139,0.0,0.00852436957027126,0.00852436957027126,0.01342356722968848,0.0,,,0.00852436957027126,0.0045288160286707,0.0450331188009624,517,0
139,0.0,0.00852436957027126,0.00852436957027126,0.01342356722968848,0.0,,,0.00852436957027126,0.0045288160286707,0.0450331188009624,518,0
289,0.0,0.007501935073098381,0.007501935073098381,0.012941650561839423,0.0,,,0.007501935073098381,0.0053591919751079,0.0690920652291906,300,0
289,0.0,0.007190092365551612,0.007190092365551612,0.011787788780820724,0.0,,,0.007190092365551612,0.0028143133964436,0.0428774227779396,300,1
289,0.0,0.006800388907719835,0.006800388907719835,0.00906204862646824,0.0,,,0.006800388907719835,0.0059801938558719,0.0305028795168692,397,1
289,0.0,0.0067874120517136035,0.0067874120517136035,0.010087659640346885,0.0,,,0.0067874120517136035,0.0039640043886962,0.0292549820526064,375,2
289,0.0,0.006687320640660856,0.006687320640660856,0.011900477231024968,0.0,,,0.006687320640660856,0.0041358616419149,0.0629563822458614,323,0
289,0.0,0.006545628820623105,0.006545628820623105,0.011021251334057892,0.0,,,0.006545628820623105,0.0030530830201376,0.0654682723319375,342,1
289,0.0,0.0064331645476535144,0.0064331645476535144,0.013157899009798784,0.0,,,0.0064331645476535144,0.001425593794675,0.0895743766355704,313,2
289,0.0,0.006318965272654856,0.006318965272654856,0.016891679926413737,0.0,,,0.006318965272654856,0.0009513583309908,0.0766784086902252,434,3
289,0.0,0.00602579206826206,0.00602579206826206,0.01683287938352023,0.0,,,0.00602579206826206,0.0012361665452995,0.0769652290705954,376,3
289,0.0,0.00602579206826206,0.00602579206826206,0.01683287938352023,0.0,,,0.00602579206826206,0.0012361665452995,0.0769652290705954,379,3
289,0.0,0.00602579206826206,0.00602579206826206,0.01683287938352023,0.0,,,0.00602579206826206,0.0012361665452995,0.0769652290705954,377,3
289,0.0,0.00602579206826206,0.00602579206826206,0.01683287938352023,0.0,,,0.00602579206826206,0.0012361665452995,0.0769652290705954,381,3
289,0.0,0.00602579206826206,0.00602579206826206,0.01683287938352023,0.0,,,0.00602579206826206,0.0012361665452995,0.0769652290705954,378,3
289,0.0,0.005997484052477568,0.005997484052477568,0.016811036350242597,0.0,,,0.005997484052477568,0.0011793553232063,0.0768980139841456,402,3
289,0.0,0.0058489494480235904,0.0058489494480235904,0.010173691335597288,0.0,,,0.0058489494480235904,0.0,0.034505860239386,285,2
289,0.0,0.005666363858123848,0.005666363858123848,0.012189503346957715,0.0,,,0.005666363858123848,0.0026419668138641,0.0819215675790364,313,0
289,0.0,0.00566616098571597,0.00566616098571597,0.010628095165674468,0.0,,,0.00566616098571597,0.0020866919692084,0.0681011962424263,313,1
289,0.0,0.005617692251062528,0.005617692251062528,0.009948443550371699,0.0,,,0.005617692251062528,0.0,0.0344404704398223,284,2
289,0.0,0.005486788516590278,0.005486788516590278,0.008595230969983186,0.0,,,0.005486788516590278,0.002042012624228,0.0249583181048371,323,1
289,0.0,0.0054156847444310876,0.0054156847444310876,0.009216464034340599,0.0,,,0.0054156847444310876,0.0029891059009096,0.0652915394673307,342,0
289,0.0,0.00537475022515747,0.00537475022515747,0.02796386671905648,0.0,,,0.00537475022515747,0.0,0.2868479075856747,312,2
139,0.0,0.005085197336210696,0.005085197336210696,0.007215902671891379,0.0,,,0.005085197336210696,0.0041677978877993,0.0287996861081135,518,1
139,0.0,0.005085197336210696,0.005085197336210696,0.007215902671891379,0.0,,,0.005085197336210696,0.0041677978877993,0.0287996861081135,517,1
289,0.0,0.004568895447130705,0.004568895447130705,0.009158242876768896,0.0,,,0.004568895447130705,0.0001977767944725,0.0563856370505836,326,1
289,0.0,0.004039079568017229,0.004039079568017229,0.007700516363379445,0.0,,,0.004039079568017229,0.0014363616495875,0.0525415999014904,299,0
289,0.0,0.0040236730576492545,0.0040236730576492545,0.008372102999055794,0.0,,,0.0040236730576492545,0.0002040933618159,0.0561291546534217,326,0
289,0.0,0.0036111280381151637,0.0036111280381151637,0.006445421688311707,0.0,,,0.0036111280381151637,0.0004226823947911,0.0328956683879311,299,1
289,0.0,0.003341917467560154,0.003341917467560154,0.004744601006871972,0.0,,,0.003341917467560154,0.0026283495474182,0.0152914916294293,375,1
28,0.0,0.003264784776182857,0.003264784776182857,0.0056394270074898055,0.0,,,0.003264784776182857,0.0017769795132328002,0.016686769487728,478,3
289,0.0,0.0031452542195843183,0.0031452542195843183,0.004476483482628429,0.0,,,0.0031452542195843183,0.0023574528975951,0.0197830859132596,375,0
289,0.0,0.003126329979846914,0.003126329979846914,0.00533648764395241,0.0,,,0.003126329979846914,0.0013014587443091,0.0175356969591707,434,0
289,0.0,0.0031170861381707793,0.0031170861381707793,0.005329119687170853,0.0,,,0.0031170861381707793,0.0012355275678015,0.0175356969591707,443,0
289,0.0,0.0030072921856869597,0.0030072921856869597,0.007070903348025682,0.0,,,0.0030072921856869597,0.0,0.0356018080626409,300,2
289,0.0,0.0028246123129477304,0.0028246123129477304,0.007169103190450829,0.0,,,0.0028246123129477304,0.0,0.0556113116411038,419,1
289,0.0,0.0023547292785293284,0.0023547292785293284,0.004992093673494466,0.0,,,0.0023547292785293284,0.0,0.0272390649983643,285,1
289,0.0,0.002245980985105367,0.002245980985105367,0.0036632406410802257,0.0,,,0.002245980985105367,0.000913598535734,0.0135284119508904,434,1
289,0.0,0.002242175566319521,0.002242175566319521,0.004681966223716897,0.0,,,0.002242175566319521,0.0,0.0214431250471692,284,1
289,0.0,0.0022380433339984616,0.0022380433339984616,0.0036559732956071545,0.0,,,0.0022380433339984616,0.000913598535734,0.0135284119508904,443,1
289,0.0,0.0019561833786993954,0.0019561833786993954,0.0031666935232072973,0.0,,,0.0019561833786993954,0.0010452242519023,0.0119185549759556,378,1
289,0.0,0.0019561833786993954,0.0019561833786993954,0.0031666935232072973,0.0,,,0.0019561833786993954,0.0010452242519023,0.0119185549759556,379,1
289,0.0,0.0019561833786993954,0.0019561833786993954,0.0031666935232072973,0.0,,,0.0019561833786993954,0.0010452242519023,0.0119185549759556,381,1
289,0.0,0.0019561833786993954,0.0019561833786993954,0.0031666935232072973,0.0,,,0.0019561833786993954,0.0010452242519023,0.0119185549759556,376,1
289,0.0,0.0019561833786993954,0.0019561833786993954,0.0031666935232072973,0.0,,,0.0019561833786993954,0.0010452242519023,0.0119185549759556,377,1
289,0.0,0.0019251499573548533,0.0019251499573548533,0.0031320370370252525,0.0,,,0.0019251499573548533,0.000982742441064,0.0118553948424789,402,1
289,0.0,0.0017909754557608457,0.0017909754557608457,0.00299463720049878,0.0,,,0.0017909754557608457,0.0007570995521054,0.0116273006721461,393,1
289,0.0,0.0017909754557608457,0.0017909754557608457,0.00299463720049878,0.0,,,0.0017909754557608457,0.0007570995521054,0.0116273006721461,394,1
289,0.0,0.0016736952722661157,0.0016736952722661157,0.0028405537001080566,0.0,,,0.0016736952722661157,0.0008560977294582,0.0164276895633319,378,0
289,0.0,0.0016736952722661157,0.0016736952722661157,0.0028405537001080566,0.0,,,0.0016736952722661157,0.0008560977294582,0.0164276895633319,376,0
289,0.0,0.0016736952722661157,0.0016736952722661157,0.0028405537001080566,0.0,,,0.0016736952722661157,0.0008560977294582,0.0164276895633319,381,0
289,0.0,0.0016736952722661157,0.0016736952722661157,0.0028405537001080566,0.0,,,0.0016736952722661157,0.0008560977294582,0.0164276895633319,379,0
289,0.0,0.0016736952722661157,0.0016736952722661157,0.0028405537001080566,0.0,,,0.0016736952722661157,0.0008560977294582,0.0164276895633319,377,0
289,0.0,0.0016391186783733332,0.0016391186783733332,0.002805931555875304,0.0,,,0.0016391186783733332,0.0008053845272946,0.0163642489332714,402,0
289,0.0,0.001500198379865961,0.001500198379865961,0.0026762482928082386,0.0,,,0.001500198379865961,0.0005797819680462,0.0161351383693528,394,0
289,0.0,0.001500198379865961,0.001500198379865961,0.0026762482928082386,0.0,,,0.001500198379865961,0.0005797819680462,0.0161351383693528,393,0
212,0.0,0.001484039766494016,0.001484039766494016,0.0028386174574013393,0.0,,,0.001484039766494016,6.107594253432426e-05,0.0147659802035554,287,0
289,0.0,0.001380255190264181,0.001380255190264181,0.0028747234654495127,0.0,,,0.001380255190264181,0.0,0.0147906431665029,285,0
212,0.0,0.0013194039449597158,0.0013194039449597158,0.0025676848115377595,0.0,,,0.0013194039449597158,0.0,0.0128030401876357,287,1
289,0.0,0.001268278394642345,0.001268278394642345,0.002539750299863222,0.0,,,0.001268278394642345,0.0,0.0136392316071124,284,0
32,0.0,0.0009642021734999374,0.0009642021734999374,0.0035429919677951484,0.0,,,0.0009642021734999374,0.0,0.0178971944851201,323,4
32,0.0,0.0008690311512953219,0.0008690311512953219,0.002808365044727861,0.0,,,0.0008690311512953219,0.0,0.0112731881890946,323,2
32,0.0,0.0008078078384787749,0.0008078078384787749,0.003147764558789464,0.0,,,0.0008078078384787749,0.0,0.0158226279842379,323,3
